{"type":"FeatureCollection","attribution":"Hazard maps \u00a9 UP NOAH Center (Project NOAH), ODbL; 100-year flood and Storm Surge Advisory 4, clipped to Barangay 183","features":[{"type":"Feature","properties":{"hazard":"flood","level":1},"geometry":{"type":"MultiPolygon","coordinates":[[[[121.03547,14.51682],[121.03566,14.51682],[121.03566,14.51673],[121.03547,14.51673],[121.03547,14.51682]]],[[[121.03575,14.51691],[121.03575,14.517],[121.03612,14.51709],[121.03639,14.51746],[121.03658,14.51746],[121.03658,14.51755],[121.03675,14.51764],[121.03675,14.51728],[121.03658,14.51728],[121.03649,14.5171],[121.03602,14.517],[121.03602,14.51691],[121.03575,14.51691]]],[[[121.03656,14.50887],[121.03675,14.50888],[121.03675,14.50878],[121.03656,14.50878],[121.03656,14.50887]]],[[[121.03628,14.53047],[121.03637,14.53047],[121.03637,14.53065],[121.03655,14.53065],[121.03665,14.53047],[121.03656,14.53047],[121.03656,14.53038],[121.03674,14.53038],[121.03675,14.53047],[121.03675,14.53029],[121.03646,14.53029],[121.03647,14.5302],[121.03665,14.5302],[121.03665,14.52993],[121.03637,14.52993],[121.03638,14.52975],[121.03628,14.52975],[121.03628,14.53047]]],[[[121.03444,14.51825],[121.0349,14.51826],[121.0349,14.51817],[121.03509,14.51817],[121.03518,14.51799],[121.03546,14.51799],[121.03546,14.5179],[121.03565,14.51799],[121.03564,14.51817],[121.03546,14.51817],[121.03546,14.51826],[121.03583,14.51827],[121.03592,14.51809],[121.03675,14.51809],[121.03675,14.51791],[121.03639,14.51791],[121.03639,14.51782],[121.03574,14.51772],[121.03574,14.51763],[121.03556,14.51763],[121.03555,14.51781],[121.03537,14.51781],[121.03537,14.51772],[121.035,14.51763],[121.0349,14.51781],[121.03472,14.5178],[121.03481,14.51799],[121.03472,14.51799],[121.03472,14.51817],[121.03444,14.51816],[121.03444,14.51825]],[[121.035,14.5179],[121.035,14.51781],[121.03509,14.51781],[121.03509,14.5179],[121.035,14.5179]]],[[[121.03472,14.5178],[121.03472,14.51762],[121.03481,14.51763],[121.03482,14.51726],[121.03472,14.51726],[121.03473,14.51699],[121.03463,14.51699],[121.03454,14.51744],[121.03463,14.51744],[121.03463,14.5178],[121.03472,14.5178]]],[[[121.03463,14.51699],[121.03463,14.51681],[121.03454,14.51681],[121.03454,14.51699],[121.03463,14.51699]]],[[[121.03454,14.51681],[121.03454,14.51663],[121.03427,14.51663],[121.03426,14.51672],[121.03454,14.51681]]],[[[121.03623,14.50408],[121.03651,14.50399],[121.03651,14.50454],[121.0366,14.50454],[121.0366,14.50427],[121.03669,14.50427],[121.03675,14.50409],[121.03675,14.50363],[121.03651,14.50363],[121.03651,14.50381],[121.03623,14.50381],[121.03623,14.50408]]],[[[121.03669,14.50427],[121.03669,14.50463],[121.0366,14.50463],[121.0365,14.50499],[121.03632,14.50508],[121.03631,14.50544],[121.0365,14.50535],[121.0366,14.5049],[121.03669,14.5049],[121.03669,14.50472],[121.03675,14.50472],[121.03675,14.50427],[121.03669,14.50427]]],[[[121.03439,14.5028],[121.03467,14.5028],[121.03466,14.50298],[121.03513,14.50299],[121.03513,14.50308],[121.03522,14.50308],[121.03522,14.50326],[121.03531,14.50326],[121.03521,14.50371],[121.03531,14.50371],[121.03531,14.50353],[121.0354,14.50353],[121.0355,14.50335],[121.03577,14.50336],[121.03568,14.50362],[121.03596,14.50363],[121.03596,14.50354],[121.03642,14.50363],[121.03642,14.50336],[121.03661,14.50336],[121.03661,14.50354],[121.0367,14.50354],[121.03675,14.503],[121.03661,14.50309],[121.03661,14.50327],[121.03633,14.50327],[121.03633,14.50336],[121.03624,14.50336],[121.03615,14.50309],[121.03605,14.50309],[121.03605,14.50318],[121.03559,14.50317],[121.03559,14.50326],[121.0355,14.50326],[121.0355,14.50317],[121.0354,14.50317],[121.03541,14.50281],[121.0355,14.50281],[121.0355,14.50263],[121.0356,14.50263],[121.0356,14.50236],[121.03569,14.50236],[121.03569,14.50227],[121.03578,14.50227],[121.03578,14.50236],[121.03643,14.50246],[121.03643,14.50255],[121.03662,14.50255],[121.03675,14.50273],[121.03675,14.50192],[121.03672,14.50183],[121.03653,14.50183],[121.03653,14.50174],[121.03616,14.50173],[121.03616,14.50155],[121.0357,14.50164],[121.0357,14.50182],[121.03551,14.50182],[121.03551,14.50155],[121.03542,14.50155],[121.03542,14.502],[121.03551,14.502],[121.03551,14.50209],[121.03504,14.50199],[121.03504,14.5019],[121.03486,14.5019],[121.03486,14.50181],[121.03467,14.50181],[121.03467,14.50172],[121.0344,14.50172],[121.0344,14.50181],[121.03449,14.50181],[121.03449,14.50226],[121.03439,14.50226],[121.03439,14.5028]],[[121.0356,14.50218],[121.0356,14.50209],[121.03569,14.50209],[121.03569,14.50218],[121.0356,14.50218]]],[[[121.03521,14.50371],[121.03512,14.50371],[121.03512,14.50407],[121.03521,14.50407],[121.03521,14.50371]]],[[[121.03618,14.53074],[121.03599,14.53083],[121.03599,14.5311],[121.03609,14.5311],[121.03608,14.53119],[121.03627,14.53119],[121.03627,14.5311],[121.03646,14.53119],[121.03646,14.53092],[121.03627,14.53092],[121.03618,14.53074]]],[[[121.03655,14.53129],[121.03655,14.53138],[121.03636,14.53137],[121.03636,14.53164],[121.03664,14.53147],[121.03664,14.53129],[121.03655,14.53129]]],[[[121.03664,14.53147],[121.03664,14.53156],[121.03673,14.53156],[121.03675,14.53183],[121.03675,14.53147],[121.03664,14.53147]]],[[[121.03664,14.53129],[121.03673,14.53129],[121.03674,14.53102],[121.03664,14.53102],[121.03664,14.53129]]],[[[121.03616,14.51176],[121.03626,14.51176],[121.03625,14.51194],[121.03653,14.51195],[121.03653,14.51204],[121.03672,14.51213],[121.03675,14.51113],[121.03663,14.51113],[121.03672,14.51131],[121.03626,14.51131],[121.03626,14.5114],[121.03617,14.5114],[121.03616,14.51176]],[[121.03663,14.51168],[121.03644,14.51167],[121.03644,14.51149],[121.03663,14.5115],[121.03663,14.51168]]],[[[121.03615,14.5236],[121.03615,14.52369],[121.03634,14.52369],[121.03634,14.5236],[121.03615,14.5236]]],[[[121.03615,14.5236],[121.03615,14.52342],[121.03597,14.52333],[121.03597,14.5236],[121.03615,14.5236]]],[[[121.03634,14.52369],[121.03634,14.52378],[121.03652,14.52388],[121.03652,14.52369],[121.03634,14.52369]]],[[[121.03661,14.52397],[121.03661,14.52415],[121.0367,14.52415],[121.03675,14.52433],[121.03675,14.52406],[121.03661,14.52397]]],[[[121.03603,14.50634],[121.03668,14.50634],[121.03675,14.50644],[121.03668,14.50607],[121.03621,14.50607],[121.03603,14.50634]]],[[[121.0355,14.53462],[121.03559,14.53462],[121.03568,14.53494],[121.03596,14.53494],[121.03596,14.53472],[121.03578,14.53462],[121.03578,14.53453],[121.03559,14.53453],[121.03559,14.53426],[121.0355,14.53426],[121.0355,14.53462]]],[[[121.03578,14.53453],[121.03633,14.53454],[121.03643,14.53436],[121.03675,14.53445],[121.03675,14.53427],[121.03634,14.53427],[121.03633,14.53436],[121.03606,14.53435],[121.03606,14.53444],[121.03578,14.53435],[121.03578,14.53453]]],[[[121.03603,14.51628],[121.03612,14.51646],[121.03631,14.51646],[121.03622,14.51628],[121.03603,14.51628]]],[[[121.03631,14.51646],[121.03631,14.51664],[121.03668,14.51665],[121.03675,14.51674],[121.03675,14.51656],[121.03659,14.51647],[121.03659,14.51638],[121.03631,14.51646]]],[[[121.03583,14.52848],[121.03583,14.52857],[121.03602,14.52857],[121.03602,14.52848],[121.03583,14.52848]]],[[[121.03602,14.52857],[121.03601,14.52893],[121.03629,14.52911],[121.03638,14.5293],[121.03666,14.5293],[121.03666,14.52939],[121.03675,14.52939],[121.03675,14.52903],[121.03657,14.52903],[121.03657,14.52876],[121.03629,14.52875],[121.03629,14.52884],[121.0362,14.52884],[121.03611,14.52857],[121.03602,14.52857]]],[[[121.03674,14.52044],[121.03674,14.52026],[121.03646,14.52035],[121.03646,14.52044],[121.03674,14.52044]]],[[[121.03639,14.50752],[121.03639,14.50761],[121.03666,14.50761],[121.03666,14.50752],[121.03639,14.50752]]],[[[121.03639,14.50752],[121.03639,14.50725],[121.0363,14.50724],[121.03629,14.50752],[121.03639,14.50752]]],[[[121.03655,14.52026],[121.03656,14.51999],[121.03665,14.51999],[121.03665,14.5199],[121.03646,14.5199],[121.03637,14.52026],[121.03655,14.52026]]],[[[121.03655,14.52071],[121.03627,14.5208],[121.03627,14.52089],[121.03655,14.52098],[121.03655,14.52071]]],[[[121.03662,14.53373],[121.03643,14.53373],[121.03643,14.53382],[121.03662,14.53382],[121.03662,14.53373]]],[[[121.03646,14.50969],[121.03599,14.50977],[121.03599,14.50995],[121.03618,14.51005],[121.03627,14.50987],[121.03646,14.50987],[121.03646,14.50969]]],[[[121.03607,14.50119],[121.03626,14.50119],[121.03626,14.50083],[121.03654,14.50074],[121.03654,14.50056],[121.03636,14.50056],[121.03626,14.50074],[121.03607,14.50074],[121.03607,14.50092],[121.03617,14.50092],[121.03607,14.50119]]],[[[121.03615,14.51321],[121.03634,14.51321],[121.03634,14.51312],[121.03652,14.51312],[121.03652,14.51303],[121.03625,14.51294],[121.03615,14.51321]]],[[[121.03615,14.51321],[121.03587,14.51312],[121.03587,14.5133],[121.03606,14.5133],[121.03606,14.51357],[121.03615,14.51357],[121.03615,14.51321]]],[[[121.03584,14.50643],[121.03556,14.50661],[121.03556,14.50679],[121.03574,14.50679],[121.03584,14.50661],[121.03649,14.50652],[121.03649,14.50643],[121.03602,14.50643],[121.03602,14.50652],[121.03584,14.50652],[121.03584,14.50643]]],[[[121.03537,14.50742],[121.03536,14.50796],[121.03592,14.50806],[121.03601,14.50833],[121.03619,14.50833],[121.0361,14.50815],[121.03629,14.50815],[121.03629,14.50806],[121.03647,14.50797],[121.03648,14.5077],[121.0362,14.50761],[121.0362,14.50779],[121.03601,14.50779],[121.03601,14.50797],[121.03564,14.50796],[121.03564,14.50787],[121.03546,14.50787],[121.03546,14.50742],[121.03537,14.50742]]],[[[121.03537,14.50742],[121.03537,14.50733],[121.03583,14.50733],[121.03583,14.50724],[121.03565,14.50724],[121.03565,14.50706],[121.03546,14.50706],[121.03546,14.50715],[121.03528,14.50724],[121.03527,14.50742],[121.03537,14.50742]]],[[[121.03647,14.52966],[121.03647,14.52939],[121.03638,14.52939],[121.03638,14.52966],[121.03647,14.52966]]],[[[121.03602,14.52776],[121.03602,14.52785],[121.03621,14.52785],[121.03621,14.52776],[121.03602,14.52776]]],[[[121.03621,14.52785],[121.0362,14.52803],[121.0363,14.52803],[121.0363,14.52785],[121.03621,14.52785]]],[[[121.03599,14.52134],[121.03617,14.52134],[121.03627,14.52116],[121.03608,14.52107],[121.03608,14.52125],[121.03589,14.52125],[121.03589,14.52143],[121.03598,14.52143],[121.03599,14.52134]]],[[[121.03618,14.49974],[121.03618,14.49965],[121.03599,14.49956],[121.03599,14.49938],[121.03535,14.49938],[121.03534,14.49947],[121.0359,14.49956],[121.03599,14.49974],[121.03618,14.49974]]],[[[121.0358,14.5104],[121.03618,14.51041],[121.03618,14.51023],[121.03599,14.51023],[121.03599,14.51032],[121.03581,14.51022],[121.0358,14.5104]]],[[[121.03609,14.52044],[121.03609,14.52026],[121.036,14.52026],[121.03599,14.52044],[121.03609,14.52044]]],[[[121.03604,14.51538],[121.03604,14.51529],[121.03585,14.51528],[121.03585,14.51538],[121.03604,14.51538]]],[[[121.03575,14.52712],[121.03584,14.52712],[121.03584,14.52694],[121.03557,14.52694],[121.03557,14.52703],[121.03575,14.52703],[121.03575,14.52712]]],[[[121.03598,14.51149],[121.03598,14.5114],[121.0358,14.5114],[121.03579,14.51158],[121.03598,14.51149]]],[[[121.03598,14.50146],[121.03588,14.50128],[121.0357,14.50137],[121.0357,14.50146],[121.03598,14.50146]]],[[[121.03503,14.51401],[121.03521,14.51428],[121.0354,14.5142],[121.0354,14.51411],[121.03521,14.5141],[121.03522,14.51401],[121.03503,14.51401]]],[[[121.0354,14.51411],[121.03559,14.51411],[121.03559,14.51402],[121.0354,14.51402],[121.0354,14.51411]]],[[[121.03559,14.51402],[121.03577,14.51402],[121.03577,14.51384],[121.03596,14.51384],[121.03596,14.51375],[121.03568,14.51375],[121.03559,14.51356],[121.0354,14.51356],[121.03541,14.51347],[121.03522,14.51338],[121.03522,14.51311],[121.03485,14.5132],[121.03476,14.51302],[121.03458,14.51301],[121.03448,14.51283],[121.0343,14.51283],[121.03439,14.5131],[121.03494,14.51329],[121.03513,14.51356],[121.03531,14.51356],[121.0354,14.51374],[121.03559,14.51375],[121.03568,14.51393],[121.03559,14.51393],[121.03559,14.51402]]],[[[121.03524,14.52142],[121.03543,14.52143],[121.03534,14.52115],[121.03525,14.52115],[121.03524,14.52142]]],[[[121.03524,14.52142],[121.03506,14.52142],[121.03506,14.52151],[121.03524,14.52152],[121.03524,14.52142]]],[[[121.03543,14.52143],[121.03543,14.52152],[121.03534,14.52152],[121.03533,14.52161],[121.03552,14.52161],[121.03552,14.52143],[121.03543,14.52143]]],[[[121.03533,14.52161],[121.03524,14.5216],[121.03524,14.52179],[121.03533,14.52179],[121.03533,14.52224],[121.03551,14.52233],[121.03551,14.52242],[121.0357,14.52242],[121.03552,14.52215],[121.03542,14.52215],[121.03543,14.5217],[121.03533,14.5217],[121.03533,14.52161]]],[[[121.0357,14.52242],[121.0357,14.52251],[121.03588,14.52251],[121.03588,14.52242],[121.0357,14.52242]]],[[[121.03587,14.53426],[121.03587,14.53408],[121.0356,14.53408],[121.0356,14.53417],[121.03587,14.53426]]],[[[121.03585,14.51574],[121.03585,14.51556],[121.03576,14.51556],[121.03576,14.51573],[121.03585,14.51574]]],[[[121.03563,14.4982],[121.03563,14.49802],[121.03554,14.49802],[121.03554,14.4982],[121.03563,14.4982]]],[[[121.03573,14.4982],[121.03582,14.4982],[121.03582,14.49802],[121.03573,14.49802],[121.03573,14.4982]]],[[[121.03571,14.51022],[121.03562,14.50995],[121.03544,14.50995],[121.03544,14.51013],[121.03571,14.51022]]],[[[121.03567,14.51537],[121.03557,14.51537],[121.03557,14.51555],[121.03567,14.51555],[121.03567,14.51537]]],[[[121.03478,14.50055],[121.03515,14.50055],[121.03505,14.50073],[121.03524,14.50073],[121.03524,14.50082],[121.03515,14.50082],[121.03515,14.50091],[121.03542,14.50109],[121.03543,14.50082],[121.03533,14.50082],[121.03543,14.50046],[121.03524,14.50046],[121.03543,14.49992],[121.03534,14.49992],[121.03534,14.50001],[121.03506,14.49991],[121.03506,14.5001],[121.0345,14.50009],[121.0345,14.50018],[121.03441,14.50018],[121.03441,14.5],[121.03423,14.5],[121.03423,14.50018],[121.03404,14.50018],[121.03413,14.50036],[121.03487,14.50028],[121.03487,14.50018],[121.03497,14.50019],[121.03496,14.50037],[121.03487,14.50037],[121.03478,14.50055]],[[121.03525,14.5001],[121.03524,14.50028],[121.03515,14.50028],[121.03515,14.5001],[121.03525,14.5001]]],[[[121.03525,14.49992],[121.03534,14.49992],[121.03534,14.49956],[121.03525,14.49956],[121.03525,14.49992]]],[[[121.03543,14.49992],[121.03553,14.49992],[121.03553,14.49974],[121.03544,14.49974],[121.03543,14.49992]]],[[[121.03548,14.516],[121.03548,14.51591],[121.03529,14.51591],[121.03529,14.516],[121.03548,14.516]]],[[[121.03347,14.52322],[121.03393,14.52322],[121.03393,14.52304],[121.03421,14.52286],[121.03421,14.52268],[121.03384,14.52295],[121.03384,14.52313],[121.03347,14.52313],[121.03347,14.52322]]],[[[121.03421,14.52268],[121.03449,14.52259],[121.03449,14.5225],[121.03421,14.5225],[121.03421,14.52268]]],[[[121.03449,14.5225],[121.03495,14.52251],[121.03496,14.52242],[121.03449,14.52241],[121.03449,14.5225]]],[[[121.03495,14.52251],[121.03495,14.5226],[121.03514,14.5226],[121.03514,14.52251],[121.03495,14.52251]]],[[[121.0353,14.50498],[121.0352,14.50498],[121.0352,14.50525],[121.03529,14.50525],[121.0353,14.50498]]],[[[121.03511,14.51591],[121.03511,14.51582],[121.03529,14.51582],[121.03529,14.51573],[121.03492,14.51573],[121.03492,14.51591],[121.03511,14.51591]]],[[[121.0334,14.50921],[121.03368,14.50903],[121.03369,14.50876],[121.03396,14.50867],[121.03397,14.5084],[121.03415,14.50831],[121.03415,14.50813],[121.03434,14.50804],[121.03434,14.50786],[121.03444,14.50786],[121.03443,14.50813],[121.03462,14.50804],[121.03462,14.50777],[121.03481,14.50769],[121.03481,14.50759],[121.03472,14.50759],[121.03472,14.50732],[121.0349,14.50723],[121.03491,14.50705],[121.035,14.50705],[121.035,14.50723],[121.03509,14.50723],[121.03509,14.50687],[121.035,14.50687],[121.035,14.50678],[121.03472,14.50678],[121.03472,14.50687],[121.03463,14.50687],[121.03463,14.50714],[121.03435,14.50714],[121.03435,14.50705],[121.03426,14.50705],[121.03426,14.50714],[121.03416,14.50714],[121.03426,14.50732],[121.03444,14.50732],[121.03444,14.50741],[121.03425,14.5075],[121.03425,14.50759],[121.03407,14.50759],[121.03416,14.50786],[121.03397,14.50795],[121.03397,14.50822],[121.03378,14.50831],[121.03378,14.50849],[121.03359,14.50858],[121.03359,14.50885],[121.0335,14.50885],[121.0334,14.50921]]],[[[121.03416,14.50723],[121.0337,14.50722],[121.0337,14.50731],[121.03416,14.50732],[121.03416,14.50723]]],[[[121.03509,14.50687],[121.03519,14.50687],[121.03519,14.50669],[121.03509,14.50669],[121.03509,14.50687]]],[[[121.03519,14.50669],[121.03528,14.50669],[121.03528,14.50651],[121.03519,14.50651],[121.03519,14.50669]]],[[[121.0337,14.50731],[121.03351,14.50731],[121.03351,14.50758],[121.0336,14.50758],[121.0337,14.50731]]],[[[121.03351,14.50758],[121.03333,14.50758],[121.03323,14.50776],[121.03332,14.50776],[121.03332,14.50794],[121.03341,14.50794],[121.03341,14.50821],[121.0336,14.50822],[121.0336,14.50804],[121.03351,14.50803],[121.03351,14.50758]]],[[[121.03389,14.52738],[121.03389,14.52756],[121.03398,14.52756],[121.03399,14.52738],[121.03389,14.52738]]],[[[121.03398,14.52756],[121.03398,14.52774],[121.03407,14.52774],[121.03408,14.52756],[121.03398,14.52756]]],[[[121.03407,14.52774],[121.03407,14.52837],[121.03416,14.52837],[121.03426,14.5281],[121.03454,14.52811],[121.03454,14.52801],[121.03444,14.52801],[121.03454,14.52783],[121.03491,14.52775],[121.03491,14.52784],[121.035,14.52784],[121.035,14.52766],[121.03454,14.52756],[121.03454,14.52774],[121.03435,14.52783],[121.03435,14.52801],[121.03417,14.52801],[121.03417,14.52774],[121.03407,14.52774]]],[[[121.035,14.52784],[121.035,14.52793],[121.03519,14.52793],[121.03519,14.52784],[121.035,14.52784]]],[[[121.03525,14.50995],[121.03525,14.50986],[121.03507,14.50986],[121.03507,14.50995],[121.03525,14.50995]]],[[[121.0352,14.50552],[121.0352,14.50534],[121.03511,14.50534],[121.03511,14.50552],[121.0352,14.50552]]],[[[121.03501,14.52639],[121.03502,14.52621],[121.03483,14.5263],[121.03483,14.52639],[121.03501,14.52639]]],[[[121.03501,14.51663],[121.03519,14.51663],[121.03519,14.51654],[121.03492,14.51636],[121.03501,14.51663]]],[[[121.03343,14.50605],[121.03408,14.50605],[121.03408,14.50596],[121.03343,14.50596],[121.03343,14.50605]]],[[[121.03408,14.50596],[121.03454,14.50596],[121.03455,14.50587],[121.03408,14.50587],[121.03408,14.50596]]],[[[121.03455,14.50587],[121.03482,14.50588],[121.03482,14.50597],[121.03492,14.50597],[121.03482,14.50615],[121.03501,14.50615],[121.03501,14.50579],[121.03473,14.5057],[121.03473,14.50579],[121.03455,14.50578],[121.03455,14.50587]]],[[[121.03499,14.5076],[121.035,14.50732],[121.0349,14.50732],[121.0349,14.5076],[121.03499,14.5076]]],[[[121.03488,14.53109],[121.03497,14.53109],[121.03497,14.53091],[121.03488,14.53091],[121.03488,14.53109]]],[[[121.03488,14.53091],[121.03488,14.53064],[121.03479,14.53064],[121.0347,14.53082],[121.03488,14.53091]]],[[[121.03428,14.52594],[121.03446,14.52585],[121.03446,14.52576],[121.03437,14.52576],[121.03437,14.52539],[121.03419,14.52548],[121.03428,14.52594]]],[[[121.03437,14.52539],[121.03447,14.52539],[121.03475,14.52504],[121.03447,14.52503],[121.03447,14.52512],[121.03438,14.52512],[121.03437,14.52539]]],[[[121.03489,14.5085],[121.0348,14.5085],[121.0348,14.50868],[121.03489,14.50868],[121.03489,14.5085]]],[[[121.03489,14.49892],[121.03489,14.49856],[121.0348,14.49856],[121.0347,14.49892],[121.03489,14.49892]]],[[[121.03467,14.51256],[121.03467,14.51247],[121.03486,14.51248],[121.03486,14.51238],[121.03458,14.51238],[121.03449,14.5122],[121.0344,14.5122],[121.0344,14.51202],[121.03403,14.51202],[121.03393,14.51229],[121.03375,14.51238],[121.03384,14.51256],[121.03393,14.51256],[121.03393,14.51238],[121.03449,14.51247],[121.03449,14.51274],[121.03458,14.51274],[121.03458,14.51256],[121.03467,14.51256]]],[[[121.03425,14.52856],[121.03435,14.52856],[121.03435,14.52838],[121.03425,14.52837],[121.03425,14.52856]]],[[[121.03434,14.52874],[121.03434,14.52919],[121.03443,14.52919],[121.03443,14.52946],[121.03434,14.52946],[121.03434,14.52955],[121.03443,14.52955],[121.03443,14.52991],[121.03461,14.53],[121.03461,14.52973],[121.0348,14.52974],[121.0348,14.52964],[121.03461,14.52964],[121.03462,14.52955],[121.0348,14.52955],[121.0348,14.52946],[121.03471,14.52946],[121.03471,14.52937],[121.0348,14.52937],[121.0348,14.5291],[121.03462,14.52901],[121.03462,14.52919],[121.03453,14.52919],[121.03453,14.5291],[121.03443,14.5291],[121.03444,14.52874],[121.03434,14.52874]]],[[[121.03468,14.5216],[121.0345,14.52169],[121.0345,14.52178],[121.03468,14.52178],[121.03468,14.5216]]],[[[121.03467,14.53335],[121.03467,14.5338],[121.03476,14.5338],[121.03477,14.53335],[121.03467,14.53335]]],[[[121.03467,14.53335],[121.03468,14.53281],[121.03477,14.53281],[121.03477,14.53272],[121.03459,14.53271],[121.03449,14.53335],[121.03467,14.53335]]],[[[121.03453,14.52838],[121.03453,14.52874],[121.03471,14.52883],[121.03463,14.52838],[121.03453,14.52838]]],[[[121.03453,14.52838],[121.03453,14.5282],[121.03444,14.5282],[121.03444,14.52838],[121.03453,14.52838]]],[[[121.03459,14.50118],[121.03449,14.50117],[121.03449,14.50145],[121.03459,14.50145],[121.03459,14.50118]]],[[[121.0341,14.53494],[121.0342,14.53488],[121.03447,14.53494],[121.03448,14.53479],[121.0341,14.53479],[121.0341,14.53494]]],[[[121.0341,14.53479],[121.03411,14.53461],[121.03383,14.53461],[121.03383,14.53452],[121.03374,14.53452],[121.03373,14.5347],[121.0341,14.53479]]],[[[121.03447,14.50371],[121.03447,14.50352],[121.03429,14.50343],[121.03429,14.50307],[121.03411,14.50307],[121.03392,14.50334],[121.03373,14.50334],[121.03382,14.5037],[121.0341,14.5037],[121.0341,14.50361],[121.03419,14.50361],[121.03419,14.5037],[121.03447,14.50371]]],[[[121.03433,14.53054],[121.03423,14.53054],[121.03424,14.53027],[121.03414,14.53027],[121.03414,14.53081],[121.03432,14.53082],[121.03433,14.53054]]],[[[121.03409,14.51527],[121.03437,14.51509],[121.03437,14.51482],[121.03409,14.51491],[121.0341,14.51473],[121.03363,14.51463],[121.03363,14.51481],[121.03382,14.51482],[121.03382,14.51491],[121.03409,14.51509],[121.03409,14.51527]]],[[[121.03433,14.51925],[121.03415,14.51925],[121.03415,14.51934],[121.03433,14.51934],[121.03433,14.51925]]],[[[121.03423,14.53145],[121.03423,14.531],[121.03386,14.5309],[121.03386,14.53108],[121.03404,14.53117],[121.03404,14.53144],[121.03423,14.53145]]],[[[121.03416,14.51852],[121.03416,14.51843],[121.03378,14.51843],[121.03378,14.51852],[121.03416,14.51852]]],[[[121.03404,14.51057],[121.03404,14.51048],[121.03413,14.51048],[121.03414,14.5103],[121.03395,14.51039],[121.03395,14.51057],[121.03404,14.51057]]],[[[121.03393,14.50162],[121.03412,14.50162],[121.03412,14.50153],[121.03393,14.50153],[121.03393,14.50162]]],[[[121.03399,14.51617],[121.03399,14.51644],[121.03408,14.51644],[121.03408,14.51617],[121.03399,14.51617]]],[[[121.03396,14.51933],[121.03396,14.51924],[121.03378,14.51924],[121.03387,14.51952],[121.03405,14.51943],[121.03406,14.51934],[121.03396,14.51933]]],[[[121.0339,14.52675],[121.0339,14.52647],[121.03372,14.52638],[121.0338,14.52683],[121.03399,14.52684],[121.03399,14.52675],[121.0339,14.52675]]],[[[121.03365,14.51228],[121.03366,14.51201],[121.03384,14.51201],[121.03394,14.51174],[121.03357,14.51174],[121.03347,14.51201],[121.03329,14.51192],[121.03329,14.51201],[121.03319,14.51201],[121.03319,14.5121],[121.03356,14.5121],[121.03356,14.51228],[121.03365,14.51228]]],[[[121.03358,14.51038],[121.03367,14.51003],[121.03377,14.51003],[121.03377,14.50957],[121.03386,14.50957],[121.03377,14.50939],[121.03368,14.50939],[121.03358,14.51011],[121.03339,14.5102],[121.03349,14.51038],[121.03358,14.51038]]],[[[121.03362,14.5159],[121.03381,14.5159],[121.03381,14.51581],[121.03362,14.51581],[121.03362,14.5159]]],[[[121.03361,14.5177],[121.03361,14.51761],[121.0337,14.51762],[121.03361,14.51734],[121.03379,14.51735],[121.0338,14.51726],[121.03352,14.51725],[121.03342,14.51743],[121.03296,14.51743],[121.03305,14.5177],[121.03314,14.5177],[121.03324,14.51752],[121.03351,14.51752],[121.03351,14.5177],[121.03361,14.5177]]],[[[121.03375,14.52186],[121.03376,14.52177],[121.03357,14.52177],[121.03357,14.52186],[121.03375,14.52186]]],[[[121.03373,14.52503],[121.03373,14.52494],[121.03354,14.52493],[121.03354,14.52502],[121.03373,14.52503]]],[[[121.0335,14.49809],[121.03359,14.49809],[121.03369,14.49799],[121.0335,14.49799],[121.0335,14.49809]]],[[[121.03365,14.5337],[121.03365,14.53361],[121.03347,14.53361],[121.03347,14.5337],[121.03365,14.5337]]],[[[121.03345,14.53494],[121.03364,14.53494],[121.03364,14.53488],[121.03346,14.53487],[121.03345,14.53494]]],[[[121.0334,14.49882],[121.0334,14.49873],[121.03322,14.49873],[121.03322,14.49882],[121.0334,14.49882]]],[[[121.0334,14.49873],[121.03359,14.49873],[121.03359,14.49864],[121.0334,14.49864],[121.0334,14.49873]]],[[[121.03196,14.52537],[121.03177,14.52564],[121.03223,14.52601],[121.03223,14.52619],[121.03242,14.52619],[121.03242,14.5261],[121.0326,14.52619],[121.03261,14.52601],[121.03251,14.52601],[121.03242,14.52583],[121.0327,14.52574],[121.0327,14.52565],[121.03205,14.52556],[121.03205,14.52537],[121.03196,14.52537]],[[121.03205,14.52556],[121.03205,14.52565],[121.03196,14.52564],[121.03196,14.52555],[121.03205,14.52556]]],[[[121.03187,14.52528],[121.03187,14.52519],[121.03141,14.52519],[121.03141,14.52528],[121.03187,14.52528]]],[[[121.0327,14.52565],[121.03279,14.52565],[121.03279,14.52574],[121.03307,14.52574],[121.03335,14.52611],[121.03353,14.52611],[121.03316,14.52565],[121.03298,14.52565],[121.03298,14.52547],[121.0327,14.52547],[121.0327,14.52565]]],[[[121.03341,14.51933],[121.0335,14.51915],[121.03341,14.51915],[121.03332,14.51897],[121.03313,14.51897],[121.03304,14.51915],[121.03267,14.51905],[121.03266,14.51932],[121.03276,14.51933],[121.03276,14.51924],[121.03322,14.51924],[121.03322,14.51933],[121.03341,14.51933]]],[[[121.0332,14.52186],[121.0332,14.52195],[121.03348,14.52195],[121.03348,14.52186],[121.0332,14.52186]]],[[[121.032,14.4998],[121.032,14.49971],[121.03228,14.49971],[121.03228,14.49962],[121.03284,14.49972],[121.03284,14.49962],[121.03339,14.49963],[121.0334,14.49945],[121.0333,14.49945],[121.0333,14.49954],[121.03293,14.49954],[121.03256,14.49953],[121.03256,14.49944],[121.03247,14.49944],[121.03247,14.49953],[121.03173,14.49953],[121.03173,14.49944],[121.03145,14.49943],[121.03172,14.4998],[121.032,14.4998]]],[[[121.0332,14.51111],[121.0333,14.51084],[121.03311,14.51083],[121.03302,14.51101],[121.0332,14.51111]]],[[[121.03251,14.50586],[121.0325,14.50595],[121.03297,14.50595],[121.03279,14.50568],[121.03269,14.50568],[121.03269,14.50586],[121.03251,14.50586]]],[[[121.03251,14.50586],[121.03251,14.50559],[121.03232,14.50558],[121.03213,14.50586],[121.03176,14.50585],[121.03176,14.50594],[121.03223,14.50595],[121.03232,14.50577],[121.03251,14.50586]]],[[[121.03297,14.50586],[121.03325,14.50586],[121.03325,14.50577],[121.03297,14.50577],[121.03297,14.50586]]],[[[121.03323,14.51861],[121.03323,14.51852],[121.03295,14.51851],[121.03295,14.5186],[121.03323,14.51861]]],[[[121.0328,14.53494],[121.03299,14.53494],[121.03299,14.53487],[121.0328,14.53487],[121.0328,14.53494]]],[[[121.03316,14.50541],[121.03316,14.50505],[121.03298,14.50505],[121.03298,14.50496],[121.03279,14.50496],[121.03279,14.50505],[121.03251,14.50495],[121.03251,14.50522],[121.0326,14.50523],[121.0326,14.50532],[121.03297,14.50541],[121.03297,14.5055],[121.03316,14.50541]]],[[[121.03286,14.50758],[121.03286,14.50767],[121.03314,14.50767],[121.03314,14.50758],[121.03286,14.50758]]],[[[121.03301,14.51128],[121.03311,14.51129],[121.03311,14.5112],[121.03292,14.5111],[121.03283,14.51137],[121.03301,14.51137],[121.03301,14.51128]]],[[[121.03244,14.5242],[121.03244,14.52393],[121.03235,14.52393],[121.03234,14.5242],[121.03244,14.5242]]],[[[121.03244,14.52393],[121.03253,14.52393],[121.03253,14.52375],[121.03244,14.52375],[121.03244,14.52393]]],[[[121.03253,14.52375],[121.03272,14.52375],[121.03272,14.52366],[121.03253,14.52366],[121.03253,14.52375]]],[[[121.03272,14.52366],[121.0329,14.52366],[121.0329,14.52357],[121.03272,14.52357],[121.03272,14.52366]]],[[[121.0329,14.52357],[121.03309,14.52357],[121.03309,14.52349],[121.03291,14.52348],[121.0329,14.52357]]],[[[121.03305,14.51824],[121.03286,14.51824],[121.03286,14.51833],[121.03304,14.51842],[121.03305,14.51824]]],[[[121.03295,14.51887],[121.03295,14.51869],[121.03286,14.51869],[121.03285,14.51896],[121.03304,14.51897],[121.03304,14.51888],[121.03295,14.51887]]],[[[121.0311,14.51787],[121.03119,14.51769],[121.03184,14.51769],[121.03185,14.5176],[121.03194,14.5176],[121.03194,14.51769],[121.03231,14.51769],[121.0324,14.51788],[121.03258,14.51788],[121.03258,14.51779],[121.03249,14.51779],[121.03249,14.51751],[121.03268,14.51752],[121.03268,14.51734],[121.03278,14.51734],[121.03278,14.51725],[121.03259,14.51725],[121.0325,14.51706],[121.03222,14.51697],[121.03232,14.51679],[121.03241,14.51679],[121.03241,14.51661],[121.03213,14.51679],[121.03213,14.51688],[121.03194,14.51679],[121.03195,14.51652],[121.03204,14.51652],[121.03204,14.51643],[121.03232,14.51643],[121.03232,14.51634],[121.03195,14.51634],[121.03186,14.51597],[121.03167,14.51597],[121.03167,14.51588],[121.03177,14.51588],[121.03177,14.51561],[121.0314,14.51561],[121.0314,14.5157],[121.03158,14.5157],[121.03158,14.51597],[121.03149,14.51597],[121.03149,14.51606],[121.03167,14.51606],[121.03167,14.51633],[121.03149,14.51633],[121.03149,14.51615],[121.0313,14.51615],[121.03148,14.51669],[121.0313,14.51678],[121.0313,14.51687],[121.03157,14.51697],[121.03148,14.51733],[121.03157,14.51733],[121.03157,14.51742],[121.03148,14.51742],[121.03157,14.5176],[121.0311,14.51759],[121.03101,14.51741],[121.03092,14.51741],[121.03092,14.51777],[121.0311,14.51787]],[[121.03185,14.5176],[121.03166,14.5176],[121.03185,14.51706],[121.03166,14.51706],[121.03167,14.51697],[121.03194,14.51697],[121.03203,14.51715],[121.0324,14.51715],[121.0324,14.51733],[121.03203,14.51724],[121.03212,14.5176],[121.03185,14.51751],[121.03185,14.5176]],[[121.0324,14.51733],[121.0325,14.51733],[121.0325,14.51742],[121.0324,14.51742],[121.0324,14.51733]]],[[[121.0311,14.51787],[121.0311,14.51823],[121.03119,14.51823],[121.03119,14.51787],[121.0311,14.51787]]],[[[121.03268,14.51752],[121.03268,14.51761],[121.03287,14.51761],[121.03287,14.51752],[121.03268,14.51752]]],[[[121.03081,14.49816],[121.031,14.49816],[121.03099,14.49862],[121.03136,14.49862],[121.03136,14.49898],[121.03145,14.49898],[121.03146,14.49862],[121.03173,14.49862],[121.03182,14.4988],[121.03192,14.4988],[121.03192,14.49862],[121.0322,14.49863],[121.03229,14.4989],[121.03266,14.49899],[121.03266,14.49917],[121.03284,14.49926],[121.03284,14.4989],[121.03248,14.49881],[121.03248,14.49818],[121.03239,14.49818],[121.03239,14.49799],[121.0322,14.49799],[121.03211,14.49826],[121.03192,14.49826],[121.03183,14.49808],[121.03146,14.49808],[121.03146,14.49817],[121.03137,14.49817],[121.03137,14.49808],[121.031,14.49807],[121.031,14.49799],[121.03081,14.49799],[121.03081,14.49816]]],[[[121.03192,14.4988],[121.03201,14.49908],[121.03219,14.49908],[121.0322,14.4989],[121.03192,14.4988]]],[[[121.03096,14.53395],[121.03151,14.53395],[121.03152,14.53368],[121.03142,14.53368],[121.03142,14.53386],[121.03096,14.53386],[121.03096,14.53395]]],[[[121.03152,14.53368],[121.0318,14.53369],[121.0318,14.53341],[121.03161,14.5335],[121.03152,14.53368]]],[[[121.0318,14.53369],[121.03161,14.53396],[121.03217,14.53387],[121.03217,14.53378],[121.03189,14.53378],[121.03189,14.53369],[121.0318,14.53369]]],[[[121.03217,14.53387],[121.03216,14.53396],[121.03253,14.53396],[121.03254,14.53387],[121.03217,14.53387]]],[[[121.03253,14.53396],[121.03262,14.53424],[121.03281,14.53424],[121.03281,14.53415],[121.03272,14.53415],[121.03281,14.53397],[121.03253,14.53396]]],[[[121.03277,14.50704],[121.03268,14.50703],[121.03268,14.5074],[121.03277,14.5074],[121.03277,14.50704]]],[[[121.03276,14.5083],[121.03276,14.50812],[121.03258,14.50803],[121.03258,14.50794],[121.03239,14.50793],[121.0323,14.50775],[121.03203,14.50775],[121.03203,14.50766],[121.03175,14.50766],[121.03175,14.50757],[121.03138,14.50747],[121.03147,14.50766],[121.03165,14.50766],[121.03175,14.50784],[121.03193,14.50784],[121.03202,14.50802],[121.0323,14.50802],[121.0323,14.50812],[121.03248,14.50812],[121.03248,14.50821],[121.03276,14.5083]]],[[[121.03249,14.51815],[121.03239,14.51833],[121.03221,14.51833],[121.0323,14.51851],[121.03267,14.51833],[121.03258,14.51815],[121.03249,14.51815]]],[[[121.03249,14.51806],[121.03258,14.51806],[121.03258,14.51815],[121.03267,14.51815],[121.03268,14.51797],[121.03249,14.51797],[121.03249,14.51806]]],[[[121.0321,14.52013],[121.03219,14.52013],[121.0322,14.51995],[121.0321,14.51995],[121.0321,14.52013]]],[[[121.0322,14.51995],[121.03229,14.51995],[121.03229,14.51977],[121.03257,14.51977],[121.03257,14.5196],[121.03229,14.51968],[121.03229,14.51959],[121.03211,14.51959],[121.0322,14.51995]]],[[[121.03257,14.5196],[121.03266,14.5196],[121.03266,14.51942],[121.03257,14.51941],[121.03257,14.5196]]],[[[121.03263,14.50224],[121.03263,14.50215],[121.03254,14.50215],[121.03263,14.50188],[121.03217,14.50188],[121.03217,14.50215],[121.03263,14.50224]]],[[[121.03259,14.50703],[121.03259,14.50694],[121.03222,14.50694],[121.03222,14.50703],[121.03259,14.50703]]],[[[121.03251,14.52673],[121.03251,14.52637],[121.03223,14.52637],[121.03223,14.52646],[121.03232,14.52646],[121.03232,14.52673],[121.03251,14.52673]]],[[[121.03239,14.51887],[121.03239,14.51869],[121.03221,14.51878],[121.03221,14.51887],[121.03239,14.51887]]],[[[121.03227,14.5223],[121.03208,14.5223],[121.03208,14.52239],[121.03227,14.52239],[121.03227,14.5223]]],[[[121.03234,14.53477],[121.03235,14.5345],[121.03197,14.53459],[121.03197,14.53477],[121.03206,14.53477],[121.03207,14.53468],[121.03234,14.53477]]],[[[121.03131,14.50458],[121.03159,14.50459],[121.03159,14.50468],[121.03168,14.50468],[121.03177,14.5045],[121.03196,14.50441],[121.03196,14.50405],[121.03206,14.50405],[121.03206,14.50396],[121.03187,14.50395],[121.03187,14.50423],[121.03159,14.5044],[121.03159,14.5045],[121.03131,14.50449],[121.03131,14.50458]]],[[[121.03131,14.50458],[121.03113,14.50458],[121.03112,14.50467],[121.0314,14.50476],[121.03131,14.50458]]],[[[121.03211,14.51932],[121.03211,14.51923],[121.0322,14.51923],[121.0322,14.51905],[121.03202,14.51905],[121.03202,14.51932],[121.03211,14.51932]]],[[[121.03198,14.51308],[121.03207,14.51308],[121.03217,14.5129],[121.03198,14.5129],[121.03198,14.51308]]],[[[121.03198,14.51308],[121.0317,14.51326],[121.0317,14.51344],[121.03151,14.51344],[121.03151,14.51353],[121.03123,14.51344],[121.03114,14.51371],[121.03086,14.51389],[121.03086,14.51416],[121.03076,14.51416],[121.03076,14.51434],[121.03067,14.51434],[121.03057,14.51488],[121.03038,14.51497],[121.03038,14.51515],[121.03029,14.51515],[121.03019,14.51569],[121.03029,14.51569],[121.03029,14.51551],[121.03056,14.51551],[121.03057,14.51533],[121.03047,14.51533],[121.03057,14.51506],[121.03085,14.51497],[121.03085,14.5147],[121.03104,14.5147],[121.03104,14.51452],[121.03122,14.51452],[121.03123,14.51398],[121.03151,14.51389],[121.0316,14.51353],[121.03179,14.51353],[121.03179,14.51335],[121.03198,14.51326],[121.03198,14.51308]]],[[[121.03202,14.50838],[121.03202,14.5082],[121.03193,14.5082],[121.03183,14.50856],[121.03193,14.50856],[121.03192,14.50865],[121.03202,14.50865],[121.03202,14.50847],[121.03211,14.50848],[121.03211,14.50839],[121.03202,14.50838]]],[[[121.03202,14.52971],[121.03183,14.52971],[121.03183,14.5298],[121.03202,14.5298],[121.03202,14.52971]]],[[[121.032,14.52049],[121.03201,14.52031],[121.03191,14.52031],[121.03191,14.52049],[121.032,14.52049]]],[[[121.032,14.51082],[121.03181,14.51082],[121.03181,14.51109],[121.032,14.51101],[121.032,14.51082]]],[[[121.03194,14.50703],[121.03185,14.50685],[121.03166,14.50685],[121.03175,14.50703],[121.03194,14.50703]]],[[[121.03156,14.51868],[121.03155,14.51886],[121.03137,14.51895],[121.03137,14.51922],[121.03127,14.51922],[121.03127,14.51958],[121.03173,14.51968],[121.03164,14.5195],[121.03146,14.51949],[121.03146,14.51922],[121.03174,14.51923],[121.03174,14.51896],[121.03193,14.51887],[121.03193,14.51868],[121.03184,14.51868],[121.03184,14.51859],[121.03156,14.51868]]],[[[121.03164,14.5195],[121.03173,14.5195],[121.03174,14.51932],[121.03164,14.51932],[121.03164,14.5195]]],[[[121.0318,14.50197],[121.0318,14.50188],[121.03161,14.50187],[121.03161,14.50197],[121.0318,14.50197]]],[[[121.03152,14.50224],[121.0317,14.50224],[121.0317,14.50215],[121.03152,14.50214],[121.03152,14.50224]]],[[[121.02561,14.53047],[121.02579,14.53056],[121.02589,14.53029],[121.0258,14.53029],[121.0258,14.5302],[121.02617,14.52993],[121.02627,14.52957],[121.02608,14.52966],[121.02608,14.52984],[121.02599,14.52984],[121.02599,14.52957],[121.02589,14.52957],[121.02589,14.53002],[121.0257,14.53011],[121.02561,14.53047]]],[[[121.02561,14.53047],[121.02551,14.53047],[121.02551,14.53074],[121.02523,14.53092],[121.02523,14.5311],[121.02551,14.5311],[121.02542,14.53092],[121.0257,14.53074],[121.02561,14.53047]]],[[[121.02599,14.52957],[121.02627,14.52948],[121.02627,14.52957],[121.02636,14.52957],[121.02645,14.52921],[121.02664,14.52912],[121.02674,14.52894],[121.02683,14.52895],[121.02683,14.52922],[121.02701,14.52922],[121.02701,14.52931],[121.02729,14.5294],[121.02738,14.52985],[121.02765,14.52995],[121.02765,14.53013],[121.02747,14.53012],[121.02737,14.53067],[121.02718,14.53075],[121.02718,14.53094],[121.02746,14.53112],[121.02755,14.53139],[121.02764,14.53139],[121.02764,14.53175],[121.02773,14.53175],[121.02773,14.53203],[121.02782,14.53203],[121.02783,14.53139],[121.02764,14.5313],[121.02764,14.53112],[121.02746,14.53103],[121.02737,14.53076],[121.02765,14.53058],[121.02756,14.5304],[121.02774,14.53031],[121.02784,14.53013],[121.02858,14.53004],[121.02858,14.52995],[121.0283,14.52995],[121.0283,14.52986],[121.02821,14.52986],[121.02812,14.52941],[121.02914,14.52951],[121.02914,14.52942],[121.02951,14.52942],[121.02952,14.52933],[121.02961,14.52933],[121.02961,14.52951],[121.02979,14.52942],[121.02979,14.52978],[121.02997,14.52978],[121.02997,14.52969],[121.03034,14.52979],[121.03044,14.52952],[121.03072,14.52952],[121.03091,14.52925],[121.03155,14.52935],[121.03156,14.52917],[121.03137,14.52916],[121.03137,14.52907],[121.03109,14.52898],[121.0311,14.5288],[121.031,14.5288],[121.03082,14.52907],[121.03035,14.52906],[121.03035,14.52943],[121.02998,14.52942],[121.03007,14.52915],[121.02998,14.52915],[121.02998,14.52888],[121.0298,14.52888],[121.02961,14.52915],[121.0285,14.52923],[121.0285,14.52914],[121.02822,14.52905],[121.02822,14.52896],[121.02785,14.52886],[121.02776,14.52868],[121.02739,14.52868],[121.02739,14.52859],[121.02729,14.52859],[121.02729,14.52868],[121.02692,14.52867],[121.02692,14.52876],[121.02674,14.52885],[121.02683,14.5284],[121.02674,14.5284],[121.02674,14.52795],[121.02656,14.52795],[121.02665,14.5284],[121.02628,14.52831],[121.02628,14.5284],[121.02609,14.5284],[121.02609,14.52858],[121.0259,14.52867],[121.0259,14.52885],[121.02609,14.52885],[121.02609,14.52867],[121.02655,14.52867],[121.02655,14.52876],[121.02636,14.52885],[121.02636,14.52903],[121.02618,14.52903],[121.02618,14.52912],[121.0259,14.52921],[121.0259,14.5293],[121.02608,14.5293],[121.02599,14.52957]],[[121.02646,14.52858],[121.02627,14.52858],[121.02627,14.52849],[121.02646,14.52849],[121.02646,14.52858]]],[[[121.02961,14.52951],[121.02951,14.52951],[121.02951,14.52969],[121.0296,14.52969],[121.02961,14.52951]]],[[[121.02782,14.53203],[121.02782,14.53221],[121.02791,14.53221],[121.02791,14.53203],[121.02782,14.53203]]],[[[121.03154,14.5101],[121.03154,14.50992],[121.03136,14.50991],[121.03145,14.5101],[121.03154,14.5101]]],[[[121.03116,14.52175],[121.03125,14.52175],[121.03125,14.52148],[121.03116,14.52148],[121.03116,14.52175]]],[[[121.03116,14.52175],[121.03107,14.52175],[121.03106,14.52211],[121.03143,14.5223],[121.03143,14.52211],[121.03125,14.52211],[121.03116,14.52175]]],[[[121.03149,14.51552],[121.03149,14.51534],[121.0314,14.51534],[121.0314,14.51552],[121.03149,14.51552]]],[[[121.03121,14.50585],[121.03149,14.50585],[121.03149,14.50576],[121.03121,14.50576],[121.03121,14.50585]]],[[[121.03077,14.50295],[121.03086,14.50295],[121.03086,14.50313],[121.03095,14.50313],[121.03105,14.50277],[121.03142,14.50259],[121.03142,14.50241],[121.03133,14.50241],[121.03123,14.50259],[121.03096,14.50259],[121.03105,14.50205],[121.03143,14.50205],[121.03143,14.50187],[121.03124,14.50187],[121.03115,14.50151],[121.03106,14.50151],[121.03106,14.50187],[121.03078,14.50205],[121.03078,14.50214],[121.03087,14.50214],[121.03087,14.50241],[121.03077,14.50241],[121.03077,14.5025],[121.03087,14.5025],[121.03086,14.50277],[121.03077,14.50277],[121.03077,14.50295]]],[[[121.03077,14.50295],[121.03068,14.50295],[121.03067,14.50313],[121.03077,14.50313],[121.03077,14.50295]]],[[[121.03142,14.51317],[121.03133,14.51317],[121.03133,14.51335],[121.03142,14.51335],[121.03142,14.51317]]],[[[121.03136,14.49916],[121.03136,14.49907],[121.03117,14.49907],[121.03117,14.49916],[121.03136,14.49916]]],[[[121.03127,14.50973],[121.03127,14.50964],[121.03108,14.50964],[121.03117,14.50982],[121.03136,14.50982],[121.03136,14.50973],[121.03127,14.50973]]],[[[121.02978,14.51026],[121.02978,14.51044],[121.02959,14.51044],[121.02958,14.51089],[121.02968,14.51089],[121.02968,14.51053],[121.02996,14.51063],[121.02996,14.51072],[121.03014,14.51072],[121.03014,14.51081],[121.03033,14.51081],[121.03024,14.51054],[121.03005,14.51054],[121.02987,14.51026],[121.02978,14.51026]]],[[[121.03033,14.51081],[121.03051,14.51126],[121.03079,14.51117],[121.03079,14.51127],[121.03088,14.51127],[121.03088,14.51154],[121.03106,14.51154],[121.03115,14.51172],[121.03134,14.51172],[121.03134,14.51163],[121.03125,14.51163],[121.03125,14.51136],[121.03106,14.51136],[121.0307,14.5109],[121.03051,14.5109],[121.03051,14.51072],[121.03033,14.51081]]],[[[121.03129,14.50693],[121.0311,14.50693],[121.0311,14.50702],[121.03129,14.50702],[121.03129,14.50693]]],[[[121.03126,14.52094],[121.03117,14.52094],[121.03116,14.52121],[121.03126,14.52121],[121.03126,14.52094]]],[[[121.03125,14.53205],[121.03116,14.53205],[121.03116,14.53223],[121.03125,14.53224],[121.03125,14.53205]]],[[[121.03067,14.53494],[121.03123,14.53494],[121.03123,14.53486],[121.03067,14.53485],[121.03067,14.53494]]],[[[121.03067,14.53485],[121.03067,14.53476],[121.03049,14.53476],[121.03049,14.53485],[121.03067,14.53485]]],[[[121.03119,14.50811],[121.03109,14.50811],[121.03109,14.50829],[121.03118,14.50829],[121.03119,14.50811]]],[[[121.03118,14.50928],[121.03118,14.50919],[121.03081,14.50892],[121.03081,14.5091],[121.0309,14.5091],[121.03099,14.50928],[121.03118,14.50928]]],[[[121.03094,14.52591],[121.03094,14.52582],[121.03112,14.52582],[121.03113,14.52555],[121.03103,14.52555],[121.03113,14.52528],[121.03085,14.52527],[121.03085,14.52545],[121.03075,14.52545],[121.03075,14.5259],[121.03094,14.52591]]],[[[121.03102,14.50585],[121.03102,14.50567],[121.03093,14.50566],[121.03093,14.50585],[121.03102,14.50585]]],[[[121.03099,14.51967],[121.0309,14.51967],[121.0309,14.51985],[121.03099,14.51985],[121.03099,14.51967]]],[[[121.03088,14.53232],[121.03106,14.53232],[121.03107,14.53223],[121.03088,14.53223],[121.03088,14.53232]]],[[[121.03058,14.52473],[121.03067,14.525],[121.03085,14.525],[121.03076,14.52473],[121.03058,14.52473]]],[[[121.03085,14.525],[121.03085,14.52509],[121.03104,14.52509],[121.03104,14.525],[121.03085,14.525]]],[[[121.03039,14.50421],[121.0302,14.50421],[121.03011,14.50403],[121.03002,14.50403],[121.03002,14.50412],[121.02992,14.50412],[121.02992,14.50448],[121.03001,14.50448],[121.03001,14.5043],[121.03029,14.50439],[121.03039,14.50421]]],[[[121.03048,14.50412],[121.03057,14.50413],[121.03057,14.50394],[121.03076,14.50394],[121.03076,14.50385],[121.03039,14.50385],[121.03039,14.50367],[121.0303,14.50367],[121.0302,14.50394],[121.03039,14.50394],[121.03048,14.50412]]],[[[121.03076,14.50385],[121.03085,14.50386],[121.03086,14.50367],[121.03076,14.50367],[121.03076,14.50385]]],[[[121.03076,14.50367],[121.03076,14.50358],[121.03086,14.50358],[121.03086,14.50367],[121.03095,14.50368],[121.03095,14.50349],[121.03058,14.5034],[121.03048,14.50367],[121.03076,14.50367]]],[[[121.03092,14.51732],[121.03092,14.51714],[121.03074,14.51714],[121.03073,14.51732],[121.03092,14.51732]]],[[[121.0309,14.50874],[121.03091,14.50846],[121.03081,14.50846],[121.03081,14.50837],[121.03053,14.50846],[121.03053,14.50873],[121.0309,14.50874]]],[[[121.0308,14.52003],[121.0308,14.51994],[121.03062,14.51994],[121.03062,14.52003],[121.0308,14.52003]]],[[[121.03023,14.53268],[121.03051,14.53268],[121.03079,14.53232],[121.0306,14.53232],[121.0306,14.53241],[121.03042,14.53241],[121.03041,14.5325],[121.03014,14.5325],[121.03014,14.53241],[121.02986,14.5325],[121.02986,14.53258],[121.03004,14.53259],[121.03004,14.53268],[121.03013,14.53268],[121.03014,14.53259],[121.03023,14.53259],[121.03023,14.53268]]],[[[121.03001,14.50502],[121.03019,14.50502],[121.03019,14.50493],[121.03001,14.50493],[121.03001,14.50502]]],[[[121.03028,14.50539],[121.03028,14.50548],[121.03056,14.50548],[121.03056,14.50539],[121.03028,14.50539]]],[[[121.03056,14.50539],[121.03075,14.50539],[121.03075,14.50521],[121.03056,14.5053],[121.03056,14.50539]]],[[[121.03072,14.51858],[121.03063,14.51813],[121.03054,14.51813],[121.03054,14.51831],[121.03017,14.51831],[121.03017,14.51813],[121.02998,14.51822],[121.02998,14.51849],[121.03045,14.5184],[121.03045,14.51849],[121.03072,14.51858]]],[[[121.03053,14.53006],[121.03071,14.53006],[121.03072,14.52997],[121.03044,14.52988],[121.03053,14.53006]]],[[[121.03013,14.50159],[121.03069,14.5016],[121.03069,14.50141],[121.0306,14.50141],[121.0306,14.5015],[121.03013,14.5015],[121.03013,14.50159]]],[[[121.0305,14.53377],[121.0305,14.53368],[121.03031,14.53367],[121.03031,14.53358],[121.03013,14.53358],[121.03013,14.53331],[121.03004,14.53331],[121.03003,14.53385],[121.03022,14.53394],[121.03031,14.53376],[121.0305,14.53377]]],[[[121.03066,14.52518],[121.03057,14.52518],[121.03057,14.52536],[121.03066,14.52536],[121.03066,14.52518]]],[[[121.02998,14.50819],[121.02989,14.50819],[121.02998,14.50792],[121.03054,14.50783],[121.03055,14.50693],[121.03064,14.50693],[121.03064,14.50684],[121.03046,14.50684],[121.03046,14.50665],[121.03027,14.50665],[121.03027,14.50656],[121.0299,14.50656],[121.0299,14.50629],[121.02981,14.50629],[121.02981,14.50647],[121.02972,14.50647],[121.02971,14.50683],[121.02962,14.50683],[121.02962,14.50692],[121.0299,14.50683],[121.02999,14.50728],[121.03008,14.50728],[121.03008,14.50765],[121.0298,14.50764],[121.0298,14.50782],[121.02961,14.50782],[121.02961,14.50836],[121.0297,14.50836],[121.02979,14.50855],[121.02998,14.50855],[121.02998,14.50819]],[[121.03008,14.50765],[121.03026,14.50765],[121.03026,14.50774],[121.03008,14.50783],[121.03008,14.50765]],[[121.03027,14.50683],[121.03027,14.50674],[121.03036,14.50674],[121.03036,14.50683],[121.03027,14.50683]],[[121.03008,14.50701],[121.03008,14.50692],[121.03018,14.50692],[121.03018,14.50701],[121.03008,14.50701]]],[[[121.02998,14.50819],[121.03007,14.50819],[121.03007,14.50801],[121.02998,14.50801],[121.02998,14.50819]]],[[[121.03061,14.51],[121.03052,14.50982],[121.03034,14.50982],[121.03034,14.50991],[121.03043,14.50991],[121.03043,14.51018],[121.03052,14.51018],[121.03052,14.51],[121.03061,14.51]]],[[[121.02986,14.51135],[121.02986,14.51144],[121.02995,14.51144],[121.02995,14.51189],[121.03004,14.51189],[121.03004,14.51162],[121.03014,14.51162],[121.03014,14.51153],[121.03004,14.51153],[121.03005,14.51126],[121.02986,14.51135]]],[[[121.02986,14.51135],[121.02986,14.51117],[121.02977,14.51117],[121.02977,14.51135],[121.02986,14.51135]]],[[[121.03004,14.51189],[121.03004,14.51225],[121.03022,14.51225],[121.03031,14.51253],[121.0305,14.51253],[121.03032,14.51216],[121.03013,14.51216],[121.03013,14.51198],[121.03023,14.51198],[121.03023,14.51162],[121.03014,14.51162],[121.03013,14.51189],[121.03004,14.51189]]],[[[121.0305,14.51253],[121.0305,14.51271],[121.03059,14.51271],[121.03059,14.51253],[121.0305,14.51253]]],[[[121.03029,14.50475],[121.03057,14.50476],[121.03057,14.50467],[121.03029,14.50466],[121.03029,14.50475]]],[[[121.03036,14.51795],[121.03054,14.51795],[121.03054,14.51786],[121.03036,14.51786],[121.03036,14.51795]]],[[[121.03002,14.53485],[121.03021,14.53485],[121.03021,14.53494],[121.03048,14.53494],[121.0303,14.53485],[121.0303,14.53476],[121.03002,14.53476],[121.03002,14.53485]]],[[[121.0289,14.52508],[121.02937,14.52472],[121.02937,14.52463],[121.02909,14.52463],[121.029,14.5249],[121.0289,14.5249],[121.0289,14.52508]]],[[[121.0289,14.52508],[121.02881,14.52507],[121.02881,14.52535],[121.0289,14.52535],[121.0289,14.52508]]],[[[121.02937,14.52463],[121.0303,14.52455],[121.0303,14.52464],[121.03039,14.52464],[121.03039,14.52446],[121.0303,14.52445],[121.0303,14.52436],[121.03011,14.52436],[121.03011,14.52445],[121.03002,14.52445],[121.03002,14.52436],[121.02974,14.52436],[121.02974,14.52454],[121.02937,14.52454],[121.02937,14.52463]]],[[[121.03026,14.52897],[121.03007,14.52897],[121.03007,14.52906],[121.03026,14.52906],[121.03026,14.52897]]],[[[121.03006,14.53051],[121.03015,14.53033],[121.03025,14.53033],[121.03025,14.53006],[121.03034,14.53006],[121.03034,14.52997],[121.02988,14.52987],[121.02979,14.53005],[121.02988,14.53006],[121.02988,14.53014],[121.02979,14.53014],[121.02969,14.53032],[121.03006,14.53051]]],[[[121.03028,14.5165],[121.03019,14.5165],[121.03018,14.51668],[121.03028,14.51668],[121.03028,14.5165]]],[[[121.03,14.5062],[121.03,14.50611],[121.02981,14.50611],[121.02981,14.5062],[121.03,14.5062]]],[[[121.03027,14.51723],[121.03027,14.51704],[121.03018,14.51704],[121.03018,14.51722],[121.03027,14.51723]]],[[[121.03022,14.53322],[121.03023,14.53286],[121.03004,14.53277],[121.03013,14.53322],[121.03022,14.53322]]],[[[121.03012,14.53449],[121.03012,14.53439],[121.02993,14.53439],[121.02993,14.53448],[121.03012,14.53449]]],[[[121.02941,14.51993],[121.0296,14.51984],[121.0296,14.51975],[121.02941,14.51975],[121.02941,14.51993]]],[[[121.02941,14.51993],[121.02932,14.51993],[121.02932,14.5202],[121.02941,14.5202],[121.02941,14.51993]]],[[[121.0296,14.51984],[121.0296,14.51993],[121.02988,14.51993],[121.02987,14.5202],[121.03006,14.5203],[121.03006,14.52003],[121.03015,14.52003],[121.03015,14.51994],[121.03006,14.51994],[121.03007,14.51948],[121.03016,14.51948],[121.03016,14.5193],[121.02988,14.5193],[121.02988,14.51957],[121.02969,14.51966],[121.02978,14.51984],[121.0296,14.51984]]],[[[121.03007,14.509],[121.03007,14.50891],[121.02988,14.50891],[121.02988,14.509],[121.03007,14.509]]],[[[121.02975,14.51343],[121.02975,14.51352],[121.02993,14.51352],[121.02993,14.51343],[121.02975,14.51343]]],[[[121.02975,14.51343],[121.02975,14.51324],[121.02929,14.51315],[121.02938,14.51333],[121.02975,14.51343]]],[[[121.02901,14.53439],[121.02919,14.53439],[121.02919,14.53448],[121.02938,14.53457],[121.02928,14.53494],[121.02993,14.53494],[121.02993,14.53485],[121.02974,14.53484],[121.02975,14.53475],[121.02993,14.53475],[121.02984,14.53448],[121.02928,14.53439],[121.02929,14.53421],[121.0291,14.5343],[121.0291,14.53421],[121.02901,14.5342],[121.02901,14.53439]],[[121.02975,14.53475],[121.02965,14.53475],[121.02965,14.53466],[121.02975,14.53466],[121.02975,14.53475]],[[121.02947,14.53475],[121.02947,14.53457],[121.02956,14.53457],[121.02956,14.53475],[121.02947,14.53475]]],[[[121.02988,14.51921],[121.02988,14.51894],[121.02951,14.51894],[121.02951,14.51903],[121.0297,14.51903],[121.0297,14.51912],[121.02988,14.51921]]],[[[121.02805,14.506],[121.02814,14.506],[121.02814,14.50609],[121.02851,14.50601],[121.02851,14.5061],[121.0287,14.5061],[121.0288,14.50583],[121.02926,14.50583],[121.02926,14.50574],[121.02944,14.50574],[121.02945,14.50565],[121.0288,14.50565],[121.02861,14.50592],[121.02805,14.50582],[121.02805,14.506]],[[121.02814,14.506],[121.02814,14.50591],[121.02824,14.50591],[121.02824,14.506],[121.02814,14.506]]],[[[121.02759,14.50618],[121.02786,14.50618],[121.02787,14.50609],[121.02805,14.50609],[121.02805,14.506],[121.02768,14.506],[121.02759,14.50618]]],[[[121.02954,14.50583],[121.02954,14.50592],[121.02972,14.50592],[121.02972,14.50583],[121.02954,14.50583]]],[[[121.02939,14.52192],[121.02939,14.52201],[121.02958,14.52201],[121.02958,14.52192],[121.02939,14.52192]]],[[[121.02939,14.52183],[121.02967,14.52165],[121.02968,14.52138],[121.02977,14.52138],[121.02977,14.52129],[121.02949,14.52138],[121.02958,14.52156],[121.0294,14.52165],[121.02939,14.52183]]],[[[121.02977,14.53204],[121.02958,14.53204],[121.02958,14.53222],[121.02977,14.53222],[121.02977,14.53204]]],[[[121.02958,14.53267],[121.02939,14.53267],[121.02939,14.53276],[121.02958,14.53276],[121.02958,14.53267]]],[[[121.02661,14.50075],[121.02661,14.50084],[121.02708,14.50084],[121.02708,14.50093],[121.02717,14.50093],[121.02717,14.50102],[121.02698,14.50102],[121.02698,14.50111],[121.02735,14.50112],[121.02735,14.50103],[121.02754,14.50103],[121.02763,14.50085],[121.02782,14.50085],[121.02809,14.50121],[121.02828,14.50121],[121.02828,14.50149],[121.02837,14.50149],[121.02837,14.5014],[121.02846,14.5014],[121.02846,14.50149],[121.02874,14.50149],[121.02874,14.5014],[121.0293,14.5014],[121.0293,14.50149],[121.02948,14.5015],[121.02948,14.50131],[121.02958,14.50131],[121.02958,14.50113],[121.02921,14.50122],[121.02912,14.50104],[121.02893,14.50104],[121.02884,14.50122],[121.02846,14.50122],[121.02847,14.50113],[121.02837,14.50112],[121.02838,14.50076],[121.02884,14.50077],[121.02884,14.50068],[121.02856,14.50058],[121.02856,14.50067],[121.02838,14.50067],[121.02838,14.5004],[121.02819,14.5004],[121.02819,14.50076],[121.02801,14.50067],[121.028,14.50085],[121.02791,14.50085],[121.02791,14.50076],[121.02745,14.50075],[121.02745,14.50057],[121.02764,14.50058],[121.02764,14.50048],[121.0268,14.50048],[121.0268,14.50057],[121.02699,14.50057],[121.02698,14.50075],[121.02661,14.50075]],[[121.02912,14.50113],[121.02911,14.50131],[121.02902,14.50131],[121.02902,14.50113],[121.02912,14.50113]]],[[[121.02643,14.50038],[121.02643,14.50066],[121.02624,14.50065],[121.02624,14.50075],[121.02661,14.50075],[121.02662,14.50039],[121.02643,14.50038]]],[[[121.02643,14.50038],[121.02643,14.5002],[121.02616,14.5002],[121.02625,14.50038],[121.02643,14.50038]]],[[[121.02782,14.50049],[121.02782,14.5004],[121.02764,14.50039],[121.02764,14.50048],[121.02782,14.50049]]],[[[121.02954,14.51568],[121.02954,14.51559],[121.02926,14.51559],[121.02926,14.51568],[121.02954,14.51568]]],[[[121.02846,14.5229],[121.02846,14.52299],[121.02864,14.523],[121.02864,14.5229],[121.02846,14.5229]]],[[[121.02846,14.5229],[121.02818,14.52254],[121.02837,14.52254],[121.02846,14.52236],[121.02865,14.52245],[121.02874,14.52218],[121.02893,14.52228],[121.02893,14.52255],[121.02874,14.52254],[121.02874,14.52272],[121.02911,14.52273],[121.0292,14.52255],[121.0293,14.52255],[121.0293,14.52273],[121.02939,14.52273],[121.02939,14.52255],[121.02948,14.52255],[121.02939,14.52228],[121.02911,14.52237],[121.02912,14.52201],[121.02902,14.52201],[121.02902,14.52182],[121.02921,14.52183],[121.02921,14.52173],[121.02912,14.52173],[121.02921,14.52146],[121.0294,14.52147],[121.0294,14.52083],[121.02931,14.52083],[121.02931,14.52128],[121.02921,14.52128],[121.02903,14.52155],[121.0281,14.52136],[121.0281,14.52145],[121.02791,14.52154],[121.02791,14.52172],[121.02773,14.52172],[121.02773,14.5219],[121.02745,14.52208],[121.02744,14.52235],[121.02716,14.52235],[121.02716,14.52244],[121.02763,14.52244],[121.02763,14.52253],[121.0279,14.52263],[121.0279,14.52272],[121.02818,14.52272],[121.02827,14.5229],[121.02846,14.5229]],[[121.02847,14.52191],[121.02828,14.52191],[121.02828,14.52173],[121.02856,14.52164],[121.02847,14.52191]],[[121.02791,14.52218],[121.02791,14.52209],[121.028,14.52209],[121.028,14.52218],[121.02791,14.52218]]],[[[121.02911,14.52273],[121.02911,14.52282],[121.02929,14.52282],[121.0293,14.52273],[121.02911,14.52273]]],[[[121.02927,14.51451],[121.02946,14.5146],[121.02946,14.51433],[121.02937,14.51433],[121.02937,14.51424],[121.02909,14.51423],[121.02927,14.51451]]],[[[121.02927,14.51451],[121.02909,14.5145],[121.02909,14.51478],[121.02927,14.51469],[121.02927,14.51451]]],[[[121.02763,14.51124],[121.02791,14.5116],[121.02828,14.51161],[121.02828,14.51152],[121.02837,14.51152],[121.02837,14.5117],[121.02856,14.51179],[121.02856,14.51188],[121.02893,14.51197],[121.02893,14.51188],[121.02902,14.51188],[121.02893,14.51161],[121.02874,14.51161],[121.02865,14.51143],[121.02847,14.51143],[121.02838,14.51125],[121.028,14.51124],[121.02801,14.51088],[121.02791,14.51088],[121.02791,14.51115],[121.02763,14.51124]],[[121.02828,14.51152],[121.02819,14.51151],[121.02819,14.51133],[121.02828,14.51134],[121.02828,14.51152]],[[121.02893,14.51188],[121.02883,14.51188],[121.02884,14.51179],[121.02893,14.51179],[121.02893,14.51188]],[[121.02884,14.51179],[121.02874,14.51179],[121.02874,14.5117],[121.02884,14.5117],[121.02884,14.51179]],[[121.028,14.51124],[121.028,14.51133],[121.02791,14.51133],[121.02791,14.51124],[121.028,14.51124]],[[121.028,14.51133],[121.0281,14.51133],[121.0281,14.51142],[121.028,14.51142],[121.028,14.51133]],[[121.02856,14.51161],[121.02865,14.51161],[121.02865,14.5117],[121.02856,14.5117],[121.02856,14.51161]],[[121.02856,14.51161],[121.02847,14.51161],[121.02847,14.51152],[121.02856,14.51152],[121.02856,14.51161]]],[[[121.02551,14.50996],[121.02542,14.50995],[121.02551,14.50977],[121.02505,14.50986],[121.02505,14.51013],[121.02532,14.51014],[121.02532,14.51023],[121.02542,14.51023],[121.02541,14.5105],[121.02532,14.5105],[121.02532,14.51059],[121.02541,14.51059],[121.02541,14.51068],[121.02579,14.51041],[121.02579,14.51032],[121.0256,14.51032],[121.0257,14.50996],[121.02551,14.51005],[121.02551,14.50996]]],[[[121.02569,14.5105],[121.02578,14.51068],[121.02588,14.51068],[121.02588,14.51059],[121.02616,14.51059],[121.02616,14.51068],[121.02634,14.51069],[121.02625,14.51041],[121.02606,14.51041],[121.02607,14.51023],[121.02597,14.51023],[121.02588,14.5105],[121.02569,14.5105]]],[[[121.02607,14.51023],[121.02616,14.51023],[121.02616,14.51032],[121.02653,14.51033],[121.02653,14.51042],[121.02681,14.51051],[121.02681,14.51006],[121.0269,14.51006],[121.027,14.50979],[121.02672,14.50979],[121.02672,14.50988],[121.02626,14.50978],[121.02625,14.50996],[121.02588,14.50996],[121.02607,14.51023]],[[121.02653,14.51024],[121.02653,14.51014],[121.02662,14.51015],[121.02662,14.51024],[121.02653,14.51024]],[[121.02625,14.51005],[121.02625,14.51014],[121.02616,14.51014],[121.02616,14.51005],[121.02625,14.51005]]],[[[121.02588,14.50996],[121.02589,14.50978],[121.02579,14.50978],[121.02579,14.50996],[121.02588,14.50996]]],[[[121.02681,14.51051],[121.0268,14.51069],[121.02653,14.5106],[121.02653,14.51078],[121.02689,14.51087],[121.0269,14.51069],[121.02699,14.51069],[121.02717,14.51106],[121.02726,14.51106],[121.02727,14.51088],[121.02745,14.51088],[121.02764,14.51115],[121.02782,14.51106],[121.02773,14.51088],[121.02764,14.51088],[121.02764,14.5107],[121.02792,14.51052],[121.02792,14.51034],[121.02783,14.51034],[121.02783,14.51043],[121.02727,14.51042],[121.02727,14.5106],[121.02745,14.5106],[121.02745,14.5107],[121.02717,14.51069],[121.02718,14.5106],[121.0269,14.5106],[121.0269,14.51051],[121.02681,14.51051]]],[[[121.02726,14.51106],[121.02736,14.51124],[121.02763,14.51124],[121.02754,14.51106],[121.02726,14.51106]]],[[[121.02902,14.51188],[121.02902,14.51206],[121.0292,14.51207],[121.02921,14.51179],[121.02902,14.51188]]],[[[121.02801,14.51088],[121.0281,14.51088],[121.02819,14.5107],[121.02801,14.5107],[121.02801,14.51088]]],[[[121.0292,14.51207],[121.0292,14.51216],[121.02939,14.51225],[121.02939,14.51207],[121.0292,14.51207]]],[[[121.02935,14.51622],[121.02935,14.51613],[121.02908,14.51595],[121.02908,14.51613],[121.02935,14.51622]]],[[[121.0289,14.50456],[121.02927,14.50457],[121.02927,14.50447],[121.0289,14.50447],[121.0289,14.50456]]],[[[121.02908,14.52544],[121.02908,14.52553],[121.02927,14.52562],[121.02927,14.52544],[121.02908,14.52544]]],[[[121.02876,14.52065],[121.02903,14.52065],[121.02904,14.52056],[121.02922,14.52056],[121.02922,14.52047],[121.02913,14.52047],[121.02913,14.52038],[121.02876,14.52038],[121.02876,14.52065]]],[[[121.02911,14.53267],[121.02912,14.53258],[121.02893,14.53258],[121.02893,14.53249],[121.02874,14.53248],[121.02874,14.53267],[121.02911,14.53267]]],[[[121.02884,14.51116],[121.02912,14.51116],[121.02912,14.51089],[121.02884,14.51107],[121.02884,14.51116]]],[[[121.02911,14.50212],[121.02911,14.50185],[121.02892,14.50185],[121.02901,14.50212],[121.02911,14.50212]]],[[[121.02904,14.49851],[121.02905,14.49833],[121.02895,14.49833],[121.02895,14.49851],[121.02904,14.49851]]],[[[121.02894,14.5098],[121.02895,14.50971],[121.02876,14.50971],[121.02876,14.5098],[121.02894,14.5098]]],[[[121.0266,14.53346],[121.02679,14.53346],[121.02679,14.53328],[121.0266,14.53328],[121.0266,14.53346]]],[[[121.0266,14.53346],[121.02632,14.53337],[121.02633,14.5331],[121.02605,14.53309],[121.02605,14.53318],[121.02595,14.53318],[121.02596,14.53291],[121.02642,14.53292],[121.02642,14.53283],[121.02624,14.53283],[121.02624,14.53274],[121.02577,14.53273],[121.02577,14.53282],[121.02559,14.53282],[121.02559,14.533],[121.02586,14.53309],[121.02586,14.53327],[121.02605,14.53337],[121.02604,14.53346],[121.02632,14.53346],[121.02642,14.53364],[121.02679,14.53373],[121.0266,14.53346]],[[121.02614,14.53337],[121.02614,14.53319],[121.02623,14.53319],[121.02623,14.53337],[121.02614,14.53337]]],[[[121.02688,14.53319],[121.02716,14.53328],[121.02716,14.5331],[121.02688,14.5331],[121.02688,14.53319]]],[[[121.02716,14.53328],[121.02716,14.53347],[121.02725,14.53347],[121.02725,14.53329],[121.02716,14.53328]]],[[[121.02688,14.53383],[121.02688,14.53392],[121.02706,14.53392],[121.02706,14.53383],[121.02688,14.53383]]],[[[121.02706,14.53392],[121.02706,14.53401],[121.02734,14.53401],[121.02734,14.5341],[121.02752,14.5341],[121.02752,14.53419],[121.02771,14.53419],[121.0278,14.53438],[121.02817,14.53438],[121.02817,14.53429],[121.02799,14.53429],[121.0279,14.53411],[121.0278,14.5341],[121.0278,14.53401],[121.02743,14.53401],[121.02725,14.53374],[121.02706,14.53374],[121.02715,14.53392],[121.02706,14.53392]]],[[[121.02817,14.53438],[121.02826,14.53456],[121.02845,14.53465],[121.02854,14.53438],[121.02891,14.53438],[121.02891,14.53429],[121.02864,14.53429],[121.02864,14.5342],[121.02854,14.5342],[121.02845,14.53438],[121.02817,14.53438]]],[[[121.02864,14.53411],[121.02864,14.53402],[121.02836,14.53402],[121.02836,14.5342],[121.02864,14.53411]]],[[[121.02864,14.53402],[121.02882,14.53393],[121.02882,14.53384],[121.02864,14.53384],[121.02864,14.53402]]],[[[121.02836,14.53402],[121.02836,14.53393],[121.02808,14.53374],[121.02817,14.53402],[121.02836,14.53402]]],[[[121.02799,14.53365],[121.02799,14.53356],[121.02771,14.53356],[121.02772,14.53347],[121.02744,14.53356],[121.02743,14.53365],[121.02799,14.53365]]],[[[121.02886,14.50926],[121.02886,14.50908],[121.02867,14.50917],[121.02867,14.50926],[121.02886,14.50926]]],[[[121.02883,14.53285],[121.02884,14.53276],[121.02865,14.53275],[121.02865,14.53285],[121.02883,14.53285]]],[[[121.02742,14.50446],[121.02742,14.50455],[121.0276,14.50455],[121.0276,14.50446],[121.02742,14.50446]]],[[[121.02742,14.50446],[121.02742,14.50437],[121.02695,14.50436],[121.02695,14.50427],[121.02677,14.50427],[121.02686,14.50446],[121.02742,14.50446]]],[[[121.0276,14.50455],[121.0276,14.50473],[121.02778,14.50473],[121.02778,14.50464],[121.0276,14.50455]]],[[[121.02778,14.50473],[121.02778,14.50482],[121.02806,14.50483],[121.02806,14.50492],[121.02862,14.50492],[121.02862,14.50483],[121.0288,14.50483],[121.02881,14.50456],[121.02862,14.50465],[121.02853,14.50483],[121.02815,14.50483],[121.02816,14.50447],[121.02806,14.50446],[121.02806,14.50465],[121.02778,14.50473]]],[[[121.02816,14.50447],[121.02825,14.50447],[121.02825,14.5042],[121.02807,14.50419],[121.02816,14.50447]]],[[[121.02843,14.5154],[121.0288,14.51541],[121.0288,14.51532],[121.02862,14.51531],[121.02862,14.51522],[121.02825,14.51513],[121.02825,14.51504],[121.02797,14.51504],[121.02797,14.51513],[121.02816,14.51513],[121.02815,14.51522],[121.02834,14.51522],[121.02843,14.5154]]],[[[121.02873,14.50239],[121.02864,14.50239],[121.02864,14.50275],[121.02873,14.50275],[121.02873,14.50239]]],[[[121.0285,14.51811],[121.0286,14.51784],[121.02869,14.51784],[121.02869,14.51766],[121.02804,14.51757],[121.02804,14.51766],[121.0285,14.51775],[121.0285,14.51793],[121.02841,14.51793],[121.02832,14.51811],[121.0285,14.51811]]],[[[121.02864,14.50185],[121.02855,14.50167],[121.02846,14.50167],[121.02846,14.50185],[121.02864,14.50185]]],[[[121.0284,14.50817],[121.02859,14.50817],[121.02859,14.50808],[121.0284,14.50808],[121.0284,14.50817]]],[[[121.02821,14.50907],[121.0283,14.5089],[121.02858,14.5089],[121.02858,14.50881],[121.02803,14.5088],[121.02802,14.50898],[121.02821,14.50907]]],[[[121.02858,14.50953],[121.02839,14.50953],[121.02839,14.50962],[121.02858,14.50962],[121.02858,14.50953]]],[[[121.02682,14.50879],[121.02682,14.50906],[121.02691,14.50906],[121.02691,14.50879],[121.02682,14.50879]]],[[[121.02691,14.50906],[121.02719,14.50943],[121.02747,14.50943],[121.02746,14.50952],[121.02756,14.50952],[121.02756,14.5097],[121.02746,14.5097],[121.02737,14.50988],[121.02765,14.50997],[121.02764,14.51015],[121.02801,14.51025],[121.02801,14.51034],[121.0282,14.51025],[121.0283,14.5098],[121.0282,14.5098],[121.02811,14.51007],[121.02801,14.51007],[121.02802,14.50962],[121.02783,14.50961],[121.02783,14.50971],[121.02765,14.50979],[121.02765,14.50952],[121.02774,14.50952],[121.02774,14.50943],[121.02756,14.50943],[121.02747,14.50925],[121.02737,14.50925],[121.02738,14.50907],[121.02691,14.50906]]],[[[121.0283,14.5098],[121.02848,14.5098],[121.02848,14.50971],[121.0283,14.50971],[121.0283,14.5098]]],[[[121.02848,14.5098],[121.02848,14.50998],[121.02857,14.50998],[121.02857,14.5098],[121.02848,14.5098]]],[[[121.02818,14.53365],[121.02846,14.53366],[121.02846,14.53357],[121.02827,14.53357],[121.02827,14.5333],[121.02809,14.53329],[121.02809,14.53311],[121.028,14.53311],[121.0279,14.53338],[121.02818,14.53347],[121.02818,14.53365]]],[[[121.02839,14.49905],[121.02839,14.49896],[121.02821,14.49895],[121.02821,14.49904],[121.02839,14.49905]]],[[[121.02836,14.50221],[121.02836,14.50212],[121.02818,14.50212],[121.02818,14.50221],[121.02836,14.50221]]],[[[121.02778,14.52597],[121.02806,14.52588],[121.02815,14.5257],[121.02788,14.5257],[121.02778,14.52597]]],[[[121.02815,14.5257],[121.02834,14.5257],[121.02834,14.52561],[121.02816,14.52561],[121.02815,14.5257]]],[[[121.02803,14.51874],[121.02822,14.51865],[121.02822,14.51838],[121.02813,14.51838],[121.02803,14.51874]]],[[[121.02803,14.51874],[121.02794,14.51874],[121.02794,14.51892],[121.02803,14.51892],[121.02803,14.51874]]],[[[121.02817,14.53456],[121.02798,14.53456],[121.02798,14.53465],[121.02817,14.53474],[121.02817,14.53456]]],[[[121.01771,14.51152],[121.01789,14.51152],[121.01808,14.51125],[121.01826,14.51125],[121.01836,14.51098],[121.01864,14.5108],[121.01864,14.51062],[121.01883,14.51062],[121.01883,14.51044],[121.01901,14.51044],[121.01901,14.51035],[121.0192,14.51026],[121.0193,14.50999],[121.01967,14.51],[121.01967,14.51018],[121.01948,14.51018],[121.0192,14.51054],[121.01892,14.51062],[121.01892,14.5108],[121.01864,14.51098],[121.01864,14.51116],[121.01845,14.51116],[121.01836,14.51134],[121.01826,14.51134],[121.01817,14.51161],[121.01835,14.51161],[121.01845,14.51143],[121.01882,14.51144],[121.01901,14.51117],[121.01919,14.51117],[121.01929,14.51099],[121.01938,14.51099],[121.01938,14.51081],[121.01957,14.51081],[121.01947,14.51108],[121.01975,14.51099],[121.01975,14.5109],[121.01994,14.5109],[121.01994,14.51099],[121.02012,14.51099],[121.02012,14.51108],[121.02068,14.51118],[121.02068,14.51136],[121.02123,14.51155],[121.02123,14.51182],[121.02141,14.51182],[121.02151,14.51164],[121.02179,14.51164],[121.02179,14.51155],[121.02216,14.51164],[121.02207,14.51146],[121.02188,14.51146],[121.02188,14.51137],[121.0217,14.51137],[121.0217,14.51128],[121.02133,14.51128],[121.02124,14.51109],[121.02105,14.51109],[121.02096,14.51091],[121.02077,14.51091],[121.02077,14.51082],[121.02059,14.51082],[121.02059,14.51073],[121.02031,14.51064],[121.02031,14.51046],[121.02106,14.51046],[121.02115,14.51073],[121.02133,14.51073],[121.02133,14.51083],[121.02179,14.51083],[121.02207,14.51119],[121.02244,14.5112],[121.02253,14.51138],[121.02281,14.51138],[121.0229,14.51156],[121.02336,14.51165],[121.02336,14.51184],[121.02373,14.51193],[121.02373,14.51202],[121.02401,14.51202],[121.02401,14.5122],[121.02438,14.5123],[121.02447,14.51248],[121.02475,14.51257],[121.02475,14.51266],[121.02512,14.51266],[121.02512,14.51257],[121.0253,14.51258],[121.02531,14.51239],[121.02549,14.51231],[121.02549,14.51258],[121.0254,14.51258],[121.02539,14.51276],[121.0253,14.51276],[121.0253,14.51303],[121.02539,14.51303],[121.02539,14.51312],[121.02604,14.51312],[121.02604,14.51321],[121.02622,14.51322],[121.02622,14.51331],[121.02659,14.5134],[121.02669,14.51358],[121.02696,14.51358],[121.02696,14.51367],[121.02752,14.51386],[121.02761,14.51404],[121.02779,14.51404],[121.02779,14.51413],[121.02817,14.51413],[121.02789,14.51377],[121.0277,14.51377],[121.02761,14.51359],[121.02752,14.51359],[121.02752,14.51341],[121.02697,14.51331],[121.02678,14.51304],[121.02641,14.51295],[121.02642,14.51276],[121.02623,14.51276],[121.02605,14.5124],[121.02568,14.51231],[121.02559,14.51213],[121.0254,14.51212],[121.0254,14.51203],[121.02494,14.51203],[121.02485,14.51185],[121.02429,14.51175],[121.0242,14.51157],[121.02392,14.51157],[121.02392,14.51148],[121.02374,14.51148],[121.02365,14.5113],[121.02309,14.51111],[121.02309,14.51093],[121.02281,14.51093],[121.02272,14.51075],[121.02254,14.51084],[121.02226,14.51047],[121.02198,14.51047],[121.02189,14.51029],[121.02171,14.51029],[121.02161,14.5101],[121.02143,14.5101],[121.02115,14.50974],[121.02069,14.50973],[121.02051,14.50946],[121.02023,14.50946],[121.02023,14.50955],[121.01995,14.50964],[121.01995,14.50919],[121.01986,14.50919],[121.01977,14.509],[121.01949,14.50909],[121.01949,14.50918],[121.01921,14.50918],[121.01902,14.50945],[121.01893,14.50945],[121.01893,14.50972],[121.01902,14.50972],[121.01902,14.50981],[121.01893,14.50981],[121.01893,14.5099],[121.01865,14.5099],[121.01865,14.50999],[121.01846,14.51008],[121.01846,14.51026],[121.01799,14.51062],[121.0179,14.51089],[121.01753,14.51097],[121.01762,14.51125],[121.01752,14.51124],[121.01752,14.51134],[121.01734,14.51133],[121.01724,14.51151],[121.01706,14.51151],[121.01705,14.51169],[121.01687,14.51169],[121.01687,14.51178],[121.01659,14.51187],[121.01668,14.51223],[121.01733,14.51169],[121.01771,14.51125],[121.01789,14.51125],[121.01771,14.51152]],[[121.02124,14.50992],[121.02115,14.51019],[121.02133,14.51028],[121.02133,14.51046],[121.02115,14.51046],[121.02115,14.51037],[121.02031,14.51036],[121.02031,14.51027],[121.02013,14.51027],[121.01995,14.51],[121.01985,14.51],[121.02004,14.50973],[121.02032,14.50973],[121.02032,14.50982],[121.02106,14.50983],[121.02106,14.50992],[121.02124,14.50992]],[[121.01668,14.51187],[121.01677,14.51187],[121.01677,14.51196],[121.01668,14.51196],[121.01668,14.51187]],[[121.01789,14.51125],[121.01789,14.51116],[121.01799,14.51116],[121.01799,14.51125],[121.01789,14.51125]],[[121.02595,14.51258],[121.02604,14.51276],[121.02614,14.51276],[121.02613,14.51294],[121.02567,14.51303],[121.02567,14.51294],[121.02558,14.51294],[121.02567,14.51258],[121.02586,14.51249],[121.02586,14.51258],[121.02595,14.51258]],[[121.02512,14.5123],[121.02512,14.51248],[121.02503,14.51248],[121.02503,14.5123],[121.02512,14.5123]],[[121.02235,14.51092],[121.02244,14.51092],[121.02244,14.51102],[121.02235,14.51101],[121.02235,14.51092]],[[121.02244,14.51102],[121.02263,14.51102],[121.02263,14.51111],[121.02281,14.51111],[121.02281,14.5112],[121.02253,14.5112],[121.02244,14.51102]],[[121.02281,14.5112],[121.023,14.5112],[121.023,14.51129],[121.02281,14.51129],[121.02281,14.5112]],[[121.023,14.51129],[121.02318,14.51129],[121.02318,14.51138],[121.02299,14.51138],[121.023,14.51129]],[[121.02318,14.51138],[121.02327,14.51138],[121.02327,14.51147],[121.02318,14.51147],[121.02318,14.51138]],[[121.02235,14.51092],[121.02216,14.51092],[121.02217,14.51083],[121.02235,14.51083],[121.02235,14.51092]],[[121.0217,14.51047],[121.02179,14.51065],[121.02198,14.51065],[121.02198,14.51083],[121.0217,14.51074],[121.0217,14.51065],[121.02152,14.51056],[121.02152,14.51046],[121.0217,14.51047]],[[121.01958,14.50972],[121.01921,14.50972],[121.01912,14.50945],[121.01967,14.50927],[121.01977,14.50946],[121.01967,14.50946],[121.01958,14.50972]],[[121.01975,14.51072],[121.01966,14.51072],[121.01966,14.51063],[121.01976,14.51063],[121.01975,14.51072]],[[121.0193,14.5099],[121.01911,14.5099],[121.01911,14.50981],[121.0193,14.50981],[121.0193,14.5099]],[[121.01865,14.51008],[121.01892,14.51008],[121.01892,14.51026],[121.01874,14.51035],[121.01865,14.51008]],[[121.01817,14.51098],[121.01817,14.51107],[121.01799,14.51107],[121.01799,14.51098],[121.01817,14.51098]]],[[[121.01658,14.51332],[121.01648,14.51331],[121.01648,14.51377],[121.01676,14.51368],[121.01676,14.51359],[121.01658,14.5135],[121.01658,14.51332]]],[[[121.01676,14.51314],[121.01695,14.51305],[121.01695,14.51332],[121.01704,14.51332],[121.01704,14.51323],[121.01723,14.51314],[121.01751,14.51233],[121.01798,14.51197],[121.01798,14.51179],[121.01761,14.51206],[121.01751,14.51224],[121.01733,14.51224],[121.01714,14.51251],[121.01705,14.51251],[121.01705,14.51269],[121.01686,14.51268],[121.01686,14.51241],[121.01677,14.51241],[121.01658,14.51268],[121.01649,14.51268],[121.01649,14.51286],[121.01621,14.51304],[121.01611,14.51331],[121.01639,14.51331],[121.01667,14.51295],[121.01677,14.51295],[121.01676,14.51314]],[[121.01704,14.51287],[121.01704,14.51296],[121.01686,14.51296],[121.01686,14.51286],[121.01704,14.51287]]],[[[121.01686,14.51241],[121.01705,14.51233],[121.01705,14.51223],[121.01686,14.51223],[121.01686,14.51241]]],[[[121.01714,14.51215],[121.01724,14.51215],[121.01724,14.51197],[121.01715,14.51196],[121.01714,14.51215]]],[[[121.01668,14.51223],[121.01649,14.51223],[121.01631,14.5125],[121.01603,14.51259],[121.01603,14.51268],[121.01575,14.51267],[121.01556,14.51295],[121.01612,14.51286],[121.01649,14.51241],[121.01668,14.51232],[121.01668,14.51223]]],[[[121.02216,14.51164],[121.02216,14.51173],[121.02234,14.51174],[121.02234,14.51165],[121.02216,14.51164]]],[[[121.01938,14.51117],[121.0191,14.51135],[121.0191,14.51153],[121.01938,14.51135],[121.01938,14.51117]]],[[[121.0191,14.51153],[121.01882,14.51153],[121.01873,14.51171],[121.01845,14.5117],[121.01844,14.51188],[121.01863,14.51189],[121.01844,14.51225],[121.01863,14.51234],[121.01853,14.51252],[121.01863,14.51252],[121.01862,14.51261],[121.01872,14.51261],[121.01881,14.51243],[121.01872,14.51243],[121.01872,14.51225],[121.01863,14.51225],[121.01863,14.51207],[121.01891,14.51207],[121.01891,14.51216],[121.01909,14.51207],[121.01909,14.51198],[121.019,14.51198],[121.019,14.51162],[121.0191,14.51162],[121.0191,14.51153]]],[[[121.01872,14.51261],[121.01871,14.51288],[121.01881,14.51288],[121.01881,14.51261],[121.01872,14.51261]]],[[[121.01871,14.51288],[121.01862,14.51288],[121.01853,14.51306],[121.01825,14.51297],[121.01825,14.51288],[121.01816,14.51288],[121.01816,14.51297],[121.01806,14.51297],[121.01807,14.51287],[121.01769,14.51287],[121.01769,14.51323],[121.01788,14.51323],[121.01788,14.51305],[121.01816,14.51306],[121.01825,14.51324],[121.01843,14.51324],[121.01843,14.51333],[121.01964,14.51334],[121.01964,14.51343],[121.01973,14.51343],[121.01973,14.51352],[121.01964,14.51352],[121.01963,14.5137],[121.01973,14.5137],[121.01972,14.51406],[121.02,14.51407],[121.02,14.51398],[121.02019,14.51389],[121.02019,14.51371],[121.02047,14.51362],[121.02047,14.51344],[121.0201,14.51334],[121.0201,14.51307],[121.02001,14.51307],[121.02001,14.51298],[121.01992,14.51298],[121.01992,14.51316],[121.01871,14.51315],[121.01871,14.51288]]],[[[121.01807,14.51278],[121.01807,14.5126],[121.01798,14.5126],[121.01797,14.51278],[121.01807,14.51278]]],[[[121.02188,14.51173],[121.02188,14.51182],[121.02206,14.51182],[121.02206,14.51173],[121.02188,14.51173]]],[[[121.02206,14.51182],[121.02206,14.51192],[121.02225,14.51192],[121.02225,14.51183],[121.02206,14.51182]]],[[[121.02225,14.51192],[121.02234,14.5121],[121.02197,14.5121],[121.02197,14.51228],[121.02234,14.51237],[121.02233,14.51273],[121.02243,14.51273],[121.02242,14.51291],[121.02261,14.513],[121.0227,14.51337],[121.02279,14.51337],[121.02279,14.51373],[121.02288,14.51373],[121.02325,14.51418],[121.02343,14.51419],[121.02343,14.51437],[121.02371,14.51446],[121.02371,14.51455],[121.02389,14.51464],[121.02389,14.51482],[121.02408,14.51482],[121.02426,14.5151],[121.02445,14.5151],[121.02481,14.51555],[121.02528,14.51565],[121.02527,14.51574],[121.02537,14.51574],[121.02546,14.51592],[121.02564,14.51592],[121.02564,14.51601],[121.02602,14.51592],[121.02612,14.5152],[121.02528,14.51511],[121.0251,14.51483],[121.02491,14.51483],[121.02482,14.51465],[121.02464,14.51465],[121.02454,14.51447],[121.02436,14.51446],[121.02436,14.51428],[121.02408,14.5141],[121.02408,14.51401],[121.0239,14.51401],[121.02372,14.51374],[121.02325,14.51364],[121.02307,14.51337],[121.02326,14.51328],[121.02326,14.5131],[121.02363,14.5131],[121.02363,14.51292],[121.02354,14.51292],[121.02345,14.51274],[121.02326,14.51274],[121.02326,14.51265],[121.02308,14.51265],[121.02308,14.51283],[121.0228,14.51282],[121.02271,14.51264],[121.02261,14.51264],[121.02261,14.51246],[121.0228,14.51246],[121.02271,14.51228],[121.02308,14.51229],[121.02308,14.5122],[121.02299,14.51219],[121.0228,14.51192],[121.02243,14.51183],[121.02244,14.51174],[121.02234,14.51174],[121.02234,14.51192],[121.02225,14.51192]]],[[[121.02308,14.51229],[121.02317,14.51247],[121.02354,14.51256],[121.02336,14.51229],[121.02308,14.51229]]],[[[121.02354,14.51256],[121.02354,14.51265],[121.02373,14.51265],[121.02373,14.51256],[121.02354,14.51256]]],[[[121.02373,14.51265],[121.02372,14.51274],[121.02391,14.51274],[121.02391,14.51265],[121.02373,14.51265]]],[[[121.02391,14.51274],[121.02391,14.51283],[121.0241,14.51284],[121.0241,14.51275],[121.02391,14.51274]]],[[[121.02796,14.50645],[121.02805,14.50627],[121.02777,14.50636],[121.02777,14.50645],[121.02796,14.50645]]],[[[121.02802,14.49877],[121.02803,14.49841],[121.02793,14.49841],[121.02784,14.49877],[121.02802,14.49877]]],[[[121.02795,14.5069],[121.02795,14.50663],[121.02786,14.50663],[121.02777,14.5069],[121.02795,14.5069]]],[[[121.02793,14.50862],[121.02794,14.50844],[121.02775,14.50853],[121.02775,14.50862],[121.02793,14.50862]]],[[[121.02784,14.51983],[121.02784,14.51965],[121.02774,14.51964],[121.02774,14.51983],[121.02784,14.51983]]],[[[121.02415,14.51663],[121.02443,14.51663],[121.02443,14.51654],[121.02415,14.51654],[121.02415,14.51663]]],[[[121.02443,14.51663],[121.02452,14.51691],[121.02443,14.5169],[121.02443,14.517],[121.02471,14.517],[121.02471,14.51709],[121.02489,14.51709],[121.02489,14.51727],[121.02517,14.51727],[121.02517,14.51736],[121.02554,14.51746],[121.02554,14.51755],[121.02572,14.51755],[121.02572,14.51737],[121.02563,14.51737],[121.02554,14.51709],[121.02573,14.5171],[121.02591,14.51737],[121.026,14.51737],[121.026,14.51764],[121.02581,14.51764],[121.02581,14.51773],[121.026,14.51773],[121.026,14.51782],[121.02618,14.51782],[121.02627,14.51801],[121.02646,14.51801],[121.02637,14.51764],[121.02656,14.51756],[121.02656,14.51737],[121.02684,14.5172],[121.02684,14.51711],[121.02712,14.5172],[121.02712,14.51711],[121.02721,14.51711],[121.02721,14.51702],[121.02703,14.51702],[121.02703,14.51675],[121.02712,14.51675],[121.02712,14.51648],[121.02731,14.51639],[121.02741,14.51603],[121.0275,14.51603],[121.0276,14.51558],[121.02778,14.51549],[121.02778,14.51531],[121.0276,14.5153],[121.0276,14.51549],[121.02741,14.51558],[121.02731,14.51594],[121.02713,14.51602],[121.02713,14.5162],[121.02694,14.51629],[121.02684,14.51666],[121.02647,14.51683],[121.02656,14.51701],[121.0261,14.51701],[121.02601,14.51674],[121.0261,14.51674],[121.0261,14.51656],[121.02592,14.51656],[121.02582,14.51674],[121.02592,14.51674],[121.02591,14.51701],[121.02545,14.517],[121.02554,14.51664],[121.02564,14.51664],[121.02564,14.51646],[121.02573,14.51647],[121.02573,14.51628],[121.02564,14.51628],[121.02555,14.5161],[121.02527,14.5161],[121.02527,14.51619],[121.02518,14.51619],[121.02518,14.51601],[121.02472,14.516],[121.02471,14.51628],[121.02481,14.51628],[121.0248,14.51655],[121.0249,14.51655],[121.0249,14.51664],[121.02443,14.51663]]],[[[121.02625,14.52045],[121.02625,14.52081],[121.02634,14.52081],[121.02634,14.52099],[121.02625,14.52099],[121.02625,14.52108],[121.02653,14.52117],[121.02653,14.52099],[121.02662,14.52099],[121.02662,14.52108],[121.02671,14.52108],[121.02681,14.5209],[121.02662,14.5209],[121.02662,14.52072],[121.02644,14.52063],[121.02644,14.52027],[121.02635,14.52027],[121.02635,14.52045],[121.02625,14.52045]]],[[[121.02681,14.5209],[121.02699,14.5209],[121.0269,14.52108],[121.02699,14.52108],[121.02708,14.52126],[121.02727,14.52127],[121.02736,14.521],[121.02764,14.521],[121.02764,14.52091],[121.02755,14.52091],[121.02764,14.52073],[121.02746,14.52073],[121.02746,14.52055],[121.02755,14.52055],[121.02755,14.52037],[121.02765,14.52037],[121.02774,14.51991],[121.02746,14.52],[121.02746,14.52018],[121.02737,14.52018],[121.02727,14.52045],[121.02718,14.52045],[121.02718,14.52063],[121.0269,14.52072],[121.02681,14.5209]],[[121.02708,14.52099],[121.02708,14.52081],[121.02727,14.52073],[121.02727,14.521],[121.02708,14.52099]]],[[[121.02672,14.52],[121.02691,14.52],[121.027,14.51955],[121.02728,14.51955],[121.02738,14.51928],[121.02728,14.51928],[121.02729,14.51919],[121.0271,14.51919],[121.02701,14.51946],[121.02673,14.51946],[121.02673,14.51955],[121.02682,14.51955],[121.02681,14.51991],[121.02672,14.51991],[121.02672,14.52]]],[[[121.02654,14.51927],[121.02654,14.51918],[121.02626,14.51918],[121.02626,14.51927],[121.02654,14.51927]]],[[[121.02767,14.52778],[121.02749,14.52778],[121.02749,14.52787],[121.02767,14.52787],[121.02767,14.52778]]],[[[121.02467,14.50028],[121.02513,14.50028],[121.02514,14.50019],[121.02486,14.50001],[121.02486,14.49983],[121.02542,14.49983],[121.02542,14.49974],[121.02495,14.49974],[121.02495,14.49965],[121.02486,14.49965],[121.02486,14.49956],[121.02505,14.49947],[121.02514,14.4992],[121.02542,14.49929],[121.02542,14.4992],[121.02579,14.49911],[121.02579,14.4993],[121.02589,14.4993],[121.02589,14.4992],[121.02644,14.4993],[121.02653,14.49912],[121.027,14.49921],[121.027,14.49903],[121.02719,14.49913],[121.02728,14.49895],[121.02654,14.49885],[121.02654,14.49894],[121.02635,14.49894],[121.02635,14.49912],[121.02616,14.49912],[121.02617,14.49903],[121.02598,14.49902],[121.02598,14.49893],[121.02589,14.49893],[121.02589,14.49902],[121.02524,14.49902],[121.02533,14.49875],[121.02524,14.49875],[121.02515,14.49893],[121.02505,14.49893],[121.02505,14.4992],[121.02468,14.49929],[121.02477,14.49956],[121.02468,14.49956],[121.02468,14.49965],[121.0244,14.49964],[121.02449,14.49992],[121.0243,14.5],[121.0243,14.5001],[121.02477,14.50001],[121.02467,14.50028]],[[121.02654,14.49894],[121.02672,14.49894],[121.02672,14.49903],[121.02654,14.49903],[121.02654,14.49894]]],[[[121.02534,14.4983],[121.02543,14.4983],[121.02543,14.49848],[121.02552,14.49848],[121.02552,14.49839],[121.02571,14.49839],[121.02571,14.4983],[121.02589,14.4983],[121.02589,14.49821],[121.02608,14.49821],[121.02608,14.49812],[121.02627,14.49812],[121.02627,14.49803],[121.02636,14.49803],[121.02636,14.49812],[121.02692,14.49813],[121.02692,14.49804],[121.02553,14.49799],[121.02552,14.49821],[121.02534,14.49821],[121.02534,14.4983]],[[121.02589,14.49821],[121.02562,14.49821],[121.02562,14.49812],[121.0259,14.49812],[121.02589,14.49821]]],[[[121.0243,14.50037],[121.02467,14.50037],[121.02467,14.50028],[121.02439,14.50019],[121.0243,14.50037]]],[[[121.0243,14.50037],[121.02411,14.50037],[121.02411,14.50019],[121.02402,14.50018],[121.02393,14.50045],[121.0243,14.50046],[121.0243,14.50037]]],[[[121.02515,14.49884],[121.02524,14.49857],[121.02515,14.49857],[121.02515,14.49848],[121.02524,14.49848],[121.02534,14.4983],[121.02506,14.4982],[121.02506,14.49847],[121.02487,14.49847],[121.02487,14.49856],[121.02506,14.49857],[121.02496,14.49884],[121.02515,14.49884]]],[[[121.02692,14.49813],[121.02701,14.49831],[121.02719,14.49831],[121.0271,14.49813],[121.02692,14.49813]]],[[[121.0272,14.49799],[121.02766,14.49804],[121.02766,14.49799],[121.0272,14.49799]]],[[[121.02506,14.4982],[121.02497,14.49802],[121.02432,14.49802],[121.02432,14.49811],[121.02469,14.4982],[121.02478,14.49838],[121.02487,14.49838],[121.02487,14.4982],[121.02506,14.4982]]],[[[121.02469,14.49847],[121.0245,14.49847],[121.0245,14.49874],[121.02441,14.49874],[121.02431,14.49892],[121.0245,14.49892],[121.0245,14.49883],[121.02468,14.49874],[121.02469,14.49847]]],[[[121.02487,14.49856],[121.02478,14.49856],[121.02478,14.49883],[121.02487,14.49883],[121.02487,14.49856]]],[[[121.02579,14.4993],[121.0257,14.49929],[121.0257,14.4992],[121.02561,14.4992],[121.02561,14.49938],[121.02579,14.49939],[121.02579,14.4993]]],[[[121.02513,14.50028],[121.02513,14.50037],[121.02541,14.50047],[121.0255,14.50074],[121.02578,14.50074],[121.02578,14.50065],[121.0255,14.50047],[121.02551,14.5002],[121.02541,14.50019],[121.02541,14.5001],[121.02532,14.5001],[121.02532,14.50028],[121.02513,14.50028]]],[[[121.02578,14.50074],[121.02578,14.50083],[121.02596,14.50083],[121.02596,14.50092],[121.02615,14.50093],[121.02615,14.50102],[121.02643,14.50111],[121.02634,14.50084],[121.02578,14.50074]]],[[[121.02578,14.50065],[121.02587,14.50065],[121.02587,14.50047],[121.02578,14.50047],[121.02578,14.50065]]],[[[121.02587,14.50047],[121.02606,14.50047],[121.02606,14.50038],[121.02588,14.50029],[121.02587,14.50047]]],[[[121.02643,14.50111],[121.02642,14.5012],[121.0267,14.5012],[121.0267,14.50111],[121.02643,14.50111]]],[[[121.02713,14.52624],[121.02722,14.52624],[121.02722,14.52633],[121.0275,14.52633],[121.0275,14.52615],[121.02713,14.52615],[121.02713,14.52624]]],[[[121.02755,14.52109],[121.02745,14.52109],[121.02745,14.52127],[121.02755,14.52127],[121.02755,14.52109]]],[[[121.02427,14.5038],[121.02436,14.50416],[121.02445,14.50416],[121.02454,14.50398],[121.02501,14.50399],[121.0251,14.50417],[121.02538,14.50435],[121.02538,14.50417],[121.02575,14.50417],[121.02575,14.50408],[121.02547,14.50408],[121.02547,14.50381],[121.02538,14.50381],[121.02538,14.5039],[121.02436,14.50389],[121.02436,14.5038],[121.02427,14.5038]]],[[[121.02575,14.50408],[121.02612,14.50409],[121.02612,14.504],[121.02575,14.50399],[121.02575,14.50408]]],[[[121.02612,14.504],[121.0264,14.504],[121.02658,14.50427],[121.02667,14.50427],[121.02668,14.50418],[121.02695,14.50418],[121.02696,14.504],[121.02723,14.50401],[121.02724,14.50392],[121.02705,14.50391],[121.02705,14.50382],[121.02733,14.50383],[121.02742,14.50356],[121.02752,14.50356],[121.02752,14.5031],[121.02733,14.5031],[121.02724,14.50337],[121.02705,14.50337],[121.02724,14.50365],[121.02705,14.50364],[121.02705,14.50373],[121.02687,14.50373],[121.02687,14.50364],[121.0264,14.50364],[121.02631,14.50382],[121.02612,14.50382],[121.02612,14.504]],[[121.02649,14.504],[121.02649,14.50373],[121.02687,14.50382],[121.02677,14.50409],[121.02649,14.504]]],[[[121.02747,14.49859],[121.02747,14.4985],[121.02728,14.49849],[121.02728,14.49859],[121.02747,14.49859]]],[[[121.02713,14.50572],[121.02713,14.50581],[121.02731,14.50581],[121.02731,14.50572],[121.02713,14.50572]]],[[[121.02713,14.50572],[121.02704,14.50545],[121.02694,14.50545],[121.02694,14.50527],[121.02648,14.50526],[121.02648,14.50535],[121.02667,14.50536],[121.02685,14.50563],[121.02694,14.50563],[121.02694,14.50572],[121.02713,14.50572]]],[[[121.02684,14.50635],[121.02684,14.50626],[121.02703,14.50626],[121.02703,14.50617],[121.02731,14.50618],[121.02731,14.506],[121.02666,14.50626],[121.02666,14.50635],[121.02684,14.50635]]],[[[121.02465,14.53426],[121.02511,14.53435],[121.02493,14.53408],[121.02483,14.53408],[121.02502,14.53372],[121.0253,14.53381],[121.0253,14.5339],[121.02558,14.5339],[121.02558,14.534],[121.02586,14.534],[121.02595,14.53418],[121.02613,14.53418],[121.02613,14.53409],[121.02586,14.53391],[121.02586,14.53382],[121.02567,14.53382],[121.02558,14.53363],[121.02521,14.53363],[121.02521,14.53345],[121.02512,14.53345],[121.02512,14.53354],[121.02493,14.53345],[121.02493,14.53372],[121.02484,14.53372],[121.02474,14.53408],[121.02465,14.53408],[121.02465,14.53426]],[[121.02539,14.53381],[121.02539,14.53372],[121.02549,14.53372],[121.02549,14.53381],[121.02539,14.53381]]],[[[121.02502,14.53345],[121.02512,14.53345],[121.02512,14.53327],[121.02503,14.53327],[121.02502,14.53345]]],[[[121.02512,14.53327],[121.0253,14.53336],[121.02531,14.53318],[121.02512,14.53309],[121.02512,14.53327]]],[[[121.02622,14.53409],[121.02632,14.53436],[121.02669,14.53437],[121.02678,14.53455],[121.02696,14.53455],[121.02706,14.53473],[121.02724,14.53473],[121.02724,14.53455],[121.02687,14.53446],[121.02669,14.53419],[121.02622,14.53409]]],[[[121.0272,14.51892],[121.0271,14.51892],[121.0271,14.5191],[121.02719,14.5191],[121.0272,14.51892]]],[[[121.02719,14.50952],[121.02709,14.50952],[121.02709,14.5097],[121.02718,14.5097],[121.02719,14.50952]]],[[[121.02717,14.5219],[121.02708,14.5219],[121.02707,14.52208],[121.02717,14.52208],[121.02717,14.5219]]],[[[121.02714,14.52551],[121.02714,14.52533],[121.02705,14.52533],[121.02704,14.52551],[121.02714,14.52551]]],[[[121.02698,14.52226],[121.02689,14.52226],[121.02679,14.52253],[121.0267,14.52253],[121.0267,14.52271],[121.02632,14.52298],[121.02613,14.52361],[121.02632,14.52361],[121.02641,14.52325],[121.0266,14.52316],[121.0266,14.52298],[121.02707,14.52262],[121.02698,14.52226]]],[[[121.02688,14.53292],[121.02707,14.53292],[121.02707,14.53283],[121.02689,14.53283],[121.02688,14.53292]]],[[[121.0268,14.52163],[121.02698,14.52163],[121.02699,14.52154],[121.0268,14.52153],[121.0268,14.52163]]],[[[121.02682,14.50852],[121.02682,14.50843],[121.02664,14.50843],[121.02664,14.50852],[121.02682,14.50852]]],[[[121.02679,14.53274],[121.02689,14.53274],[121.02689,14.53265],[121.02661,14.53256],[121.02661,14.53274],[121.02679,14.53283],[121.02679,14.53274]]],[[[121.02563,14.52794],[121.02545,14.52794],[121.02544,14.52803],[121.02563,14.52803],[121.02563,14.52794]]],[[[121.02572,14.52785],[121.02591,14.52785],[121.02591,14.52776],[121.02572,14.52776],[121.02572,14.52785]]],[[[121.02591,14.52776],[121.02628,14.52777],[121.02628,14.52768],[121.02591,14.52767],[121.02591,14.52776]]],[[[121.02628,14.52768],[121.02656,14.52759],[121.02656,14.52786],[121.02665,14.52786],[121.02666,14.52659],[121.02676,14.52659],[121.02676,14.5265],[121.02666,14.5265],[121.02666,14.52641],[121.02648,14.52641],[121.02648,14.52668],[121.02638,14.52668],[121.02638,14.5275],[121.02628,14.52749],[121.02628,14.52768]],[[121.02657,14.52695],[121.02647,14.52695],[121.02648,14.52677],[121.02657,14.52677],[121.02657,14.52695]]],[[[121.02661,14.53301],[121.0266,14.53319],[121.0267,14.53319],[121.0267,14.53301],[121.02661,14.53301]]],[[[121.02613,14.52397],[121.02613,14.52388],[121.02594,14.52388],[121.02594,14.52397],[121.02613,14.52397]]],[[[121.02622,14.52397],[121.0265,14.52397],[121.0265,14.52388],[121.02622,14.52388],[121.02622,14.52397]]],[[[121.0265,14.52397],[121.0265,14.52406],[121.02669,14.52406],[121.02669,14.52397],[121.0265,14.52397]]],[[[121.02655,14.51846],[121.02655,14.51837],[121.02664,14.51837],[121.02665,14.51819],[121.02646,14.51819],[121.02646,14.51846],[121.02655,14.51846]]],[[[121.02532,14.52062],[121.02542,14.52062],[121.02542,14.52044],[121.02551,14.52044],[121.02551,14.52026],[121.02542,14.52026],[121.02542,14.51999],[121.02552,14.51999],[121.02552,14.5199],[121.02542,14.5199],[121.02543,14.51953],[121.02608,14.51945],[121.02608,14.51909],[121.02636,14.519],[121.02636,14.51882],[121.02655,14.51873],[121.02655,14.51864],[121.02627,14.51855],[121.02627,14.51873],[121.0259,14.519],[121.0258,14.51936],[121.02533,14.51944],[121.02523,14.52035],[121.02533,14.52035],[121.02532,14.52062]]],[[[121.02532,14.52062],[121.02505,14.52062],[121.02514,14.52089],[121.02523,14.52089],[121.02532,14.52062]]],[[[121.02608,14.50815],[121.02608,14.50824],[121.02627,14.50825],[121.02627,14.50816],[121.02608,14.50815]]],[[[121.02627,14.50825],[121.02627,14.50834],[121.02645,14.50834],[121.02645,14.50825],[121.02627,14.50825]]],[[[121.02647,14.50626],[121.02647,14.50617],[121.02629,14.50617],[121.02629,14.50626],[121.02647,14.50626]]],[[[121.02597,14.51095],[121.02606,14.51114],[121.02634,14.51114],[121.02634,14.51123],[121.02643,14.51123],[121.02643,14.51105],[121.02597,14.51095]]],[[[121.02642,14.52252],[121.02642,14.52216],[121.02633,14.52216],[121.02633,14.52207],[121.02643,14.52207],[121.02643,14.5218],[121.02633,14.5218],[121.02633,14.52189],[121.02624,14.52189],[121.02624,14.52243],[121.02642,14.52252]]],[[[121.02567,14.53454],[121.02567,14.53445],[121.0252,14.53435],[121.0252,14.53453],[121.02548,14.53454],[121.02548,14.53463],[121.02567,14.53454]]],[[[121.02576,14.53463],[121.02594,14.5349],[121.0264,14.53494],[121.02622,14.53472],[121.02576,14.53463]]],[[[121.02543,14.50851],[121.02571,14.5086],[121.02571,14.50869],[121.02608,14.5087],[121.02608,14.50843],[121.0258,14.50851],[121.02581,14.50824],[121.02553,14.50833],[121.02543,14.50851]]],[[[121.02608,14.5087],[121.02608,14.50906],[121.02626,14.50915],[121.02626,14.50897],[121.02617,14.50897],[121.02626,14.5087],[121.02608,14.5087]]],[[[121.0262,14.51611],[121.02611,14.51611],[121.02611,14.51629],[121.0262,14.51629],[121.0262,14.51611]]],[[[121.02604,14.50318],[121.02604,14.50309],[121.02585,14.503],[121.02585,14.50318],[121.02604,14.50318]]],[[[121.02584,14.52496],[121.02593,14.52514],[121.02612,14.52505],[121.02612,14.52496],[121.02584,14.52496]]],[[[121.02584,14.52496],[121.02594,14.52478],[121.02575,14.52469],[121.02575,14.52451],[121.02585,14.52451],[121.02585,14.52433],[121.02603,14.52424],[121.02603,14.52415],[121.02548,14.52423],[121.02529,14.5245],[121.0251,14.52459],[121.0251,14.52477],[121.02501,14.52477],[121.02491,14.52504],[121.02482,14.52504],[121.02482,14.5254],[121.02473,14.5254],[121.02472,14.52558],[121.02463,14.52558],[121.02444,14.52585],[121.02463,14.52585],[121.02463,14.52576],[121.02482,14.52567],[121.02491,14.52531],[121.0251,14.52523],[121.02519,14.52477],[121.02529,14.52477],[121.02557,14.52442],[121.02566,14.52442],[121.02557,14.52469],[121.02566,14.52469],[121.02566,14.52487],[121.02584,14.52496]]],[[[121.02593,14.52514],[121.02584,14.52514],[121.02584,14.52532],[121.02593,14.52532],[121.02593,14.52514]]],[[[121.02572,14.50707],[121.02581,14.50734],[121.02609,14.50734],[121.02609,14.50716],[121.02591,14.50725],[121.02591,14.50707],[121.02572,14.50707]]],[[[121.0258,14.51963],[121.02598,14.51963],[121.02598,14.51954],[121.0258,14.51954],[121.0258,14.51963]]],[[[121.0258,14.50942],[121.0257,14.50942],[121.0257,14.5096],[121.02579,14.5096],[121.0258,14.50942]]],[[[121.02579,14.49993],[121.02579,14.49975],[121.02551,14.49974],[121.02551,14.49983],[121.02579,14.49993]]],[[[121.02568,14.5218],[121.02568,14.52207],[121.02578,14.52207],[121.02578,14.5218],[121.02568,14.5218]]],[[[121.02568,14.5218],[121.02569,14.52162],[121.02559,14.52161],[121.02559,14.52179],[121.02568,14.5218]]],[[[121.0259,14.50797],[121.02572,14.50797],[121.02571,14.50806],[121.0259,14.50806],[121.0259,14.50797]]],[[[121.025,14.50516],[121.02499,14.50561],[121.0249,14.50561],[121.02481,14.50579],[121.02527,14.5058],[121.02546,14.50544],[121.02527,14.50544],[121.02518,14.50562],[121.02509,14.50562],[121.02509,14.50516],[121.025,14.50516]]],[[[121.02546,14.50544],[121.02564,14.50544],[121.02564,14.50535],[121.02546,14.50535],[121.02546,14.50544]]],[[[121.02576,14.5236],[121.02567,14.5236],[121.02567,14.52378],[121.02576,14.52379],[121.02576,14.5236]]],[[[121.02567,14.52406],[121.02576,14.52406],[121.02576,14.52388],[121.02567,14.52387],[121.02567,14.52406]]],[[[121.02545,14.50661],[121.02563,14.50689],[121.02572,14.50689],[121.02563,14.50661],[121.02545,14.50661]]],[[[121.02321,14.52946],[121.0233,14.52946],[121.0233,14.52919],[121.02339,14.52919],[121.02339,14.5291],[121.02321,14.52909],[121.02311,14.52928],[121.02302,14.52927],[121.02302,14.52946],[121.02293,14.52945],[121.02293,14.52964],[121.02283,14.52963],[121.02283,14.52999],[121.02274,14.52999],[121.02273,14.53017],[121.02292,14.53009],[121.02292,14.52981],[121.02302,14.52982],[121.02302,14.52964],[121.0232,14.52964],[121.02321,14.52946]],[[121.02321,14.52946],[121.02311,14.52946],[121.02311,14.52937],[121.02321,14.52937],[121.02321,14.52946]]],[[[121.02339,14.5291],[121.02367,14.52901],[121.02376,14.52919],[121.02451,14.52929],[121.02451,14.5292],[121.02469,14.5292],[121.02479,14.52902],[121.0246,14.52902],[121.02451,14.52884],[121.02432,14.52892],[121.02433,14.52874],[121.02442,14.52874],[121.02451,14.52856],[121.02433,14.52856],[121.02423,14.52883],[121.02405,14.52883],[121.02405,14.52865],[121.02423,14.52856],[121.02423,14.52847],[121.02405,14.52847],[121.02396,14.52865],[121.02358,14.52865],[121.02358,14.52874],[121.0234,14.52882],[121.02339,14.5291]],[[121.02395,14.5291],[121.02395,14.52892],[121.02414,14.52901],[121.02414,14.5291],[121.02395,14.5291]]],[[[121.02478,14.52911],[121.02497,14.52938],[121.02571,14.5293],[121.02571,14.52921],[121.02553,14.5292],[121.02553,14.52911],[121.02544,14.52911],[121.02543,14.5292],[121.02516,14.5292],[121.02478,14.52911]]],[[[121.02507,14.50742],[121.02507,14.5076],[121.02535,14.50779],[121.02535,14.5076],[121.02507,14.50742]]],[[[121.02535,14.50779],[121.02534,14.50797],[121.02507,14.50796],[121.02525,14.50824],[121.02534,14.50824],[121.02534,14.50806],[121.02562,14.50815],[121.02562,14.50806],[121.02553,14.50806],[121.02562,14.50788],[121.02535,14.50779]]],[[[121.02495,14.52116],[121.02495,14.52134],[121.02513,14.52134],[121.02513,14.52116],[121.02495,14.52116]]],[[[121.02513,14.52134],[121.02513,14.52152],[121.02541,14.52161],[121.02541,14.52143],[121.02513,14.52134]]],[[[121.02541,14.52143],[121.0255,14.52143],[121.0255,14.52152],[121.02559,14.52152],[121.0255,14.52125],[121.02541,14.52125],[121.02541,14.52143]]],[[[121.0252,14.50291],[121.0252,14.503],[121.02539,14.50309],[121.02539,14.50291],[121.0252,14.50291]]],[[[121.0252,14.50291],[121.0253,14.50272],[121.02511,14.50263],[121.02511,14.5029],[121.0252,14.50291]]],[[[121.02532,14.53146],[121.02523,14.53119],[121.02514,14.53119],[121.02514,14.53155],[121.02532,14.53146]]],[[[121.02522,14.53273],[121.02522,14.53255],[121.02513,14.53255],[121.02512,14.53273],[121.02522,14.53273]]],[[[121.025,14.50471],[121.02482,14.5048],[121.02482,14.50489],[121.025,14.50489],[121.025,14.50471]]],[[[121.02468,14.50977],[121.02496,14.50977],[121.02496,14.50968],[121.02468,14.50968],[121.02468,14.50977]]],[[[121.02337,14.53181],[121.02393,14.53181],[121.02411,14.53209],[121.02439,14.53209],[121.02439,14.53218],[121.0242,14.53218],[121.0242,14.53227],[121.02457,14.53236],[121.02466,14.53254],[121.02475,14.53254],[121.02476,14.53218],[121.02494,14.53218],[121.02495,14.532],[121.02476,14.532],[121.02476,14.53173],[121.02439,14.53173],[121.02439,14.53154],[121.02402,14.53145],[121.02402,14.53127],[121.02384,14.53127],[121.02384,14.53163],[121.02374,14.53163],[121.02374,14.53172],[121.02309,14.53153],[121.02318,14.53172],[121.02337,14.53172],[121.02337,14.53181]],[[121.02411,14.53199],[121.02411,14.53181],[121.02439,14.53182],[121.0243,14.532],[121.02411,14.53199]],[[121.02439,14.53209],[121.02439,14.532],[121.02448,14.532],[121.02448,14.53209],[121.02439,14.53209]]],[[[121.02476,14.53173],[121.02495,14.53173],[121.02495,14.53164],[121.02476,14.53164],[121.02476,14.53173]]],[[[121.02485,14.52152],[121.02485,14.52143],[121.02467,14.52143],[121.02467,14.52161],[121.02485,14.52152]]],[[[121.02446,14.53471],[121.02464,14.53494],[121.02483,14.53494],[121.02464,14.53471],[121.02446,14.53471]]],[[[121.02453,14.5264],[121.02453,14.52603],[121.02444,14.52603],[121.02435,14.52639],[121.02453,14.5264]]],[[[121.02462,14.52649],[121.02453,14.52667],[121.02471,14.52676],[121.02481,14.52649],[121.02462,14.52649]]],[[[121.02479,14.50742],[121.0247,14.50742],[121.0247,14.5076],[121.02479,14.5076],[121.02479,14.50742]]],[[[121.02428,14.53353],[121.02438,14.53353],[121.02447,14.53317],[121.02429,14.53326],[121.02428,14.53353]]],[[[121.02447,14.53317],[121.02456,14.53317],[121.02456,14.53299],[121.02475,14.5329],[121.02466,14.53272],[121.02447,14.53281],[121.02447,14.53317]]],[[[121.02465,14.50218],[121.02465,14.50245],[121.02456,14.50245],[121.02456,14.50254],[121.02474,14.50254],[121.02475,14.50218],[121.02465,14.50218]]],[[[121.02475,14.52314],[121.02465,14.52314],[121.02465,14.52332],[121.02474,14.52332],[121.02475,14.52314]]],[[[121.02465,14.51311],[121.02465,14.51302],[121.02446,14.51302],[121.02446,14.51311],[121.02465,14.51311]]],[[[121.02435,14.50543],[121.02434,14.50561],[121.02444,14.50561],[121.02444,14.50543],[121.02435,14.50543]]],[[[121.02435,14.50543],[121.02435,14.50525],[121.02463,14.50525],[121.02463,14.50516],[121.02453,14.50516],[121.02454,14.50507],[121.02407,14.50506],[121.02407,14.50525],[121.02425,14.50525],[121.02425,14.50543],[121.02435,14.50543]]],[[[121.02455,14.52486],[121.02455,14.52468],[121.02436,14.52468],[121.02436,14.52486],[121.02455,14.52486]]],[[[121.02453,14.50579],[121.02453,14.5057],[121.02444,14.5057],[121.02443,14.50588],[121.02462,14.50588],[121.02462,14.50579],[121.02453,14.50579]]],[[[121.02461,14.50688],[121.02461,14.5067],[121.02452,14.50669],[121.02452,14.50688],[121.02461,14.50688]]],[[[121.0245,14.50886],[121.02459,14.50886],[121.0246,14.50868],[121.0245,14.50868],[121.0245,14.50886]]],[[[121.02458,14.51004],[121.02459,14.50977],[121.02449,14.50977],[121.02449,14.50995],[121.02431,14.50995],[121.0243,14.51004],[121.02458,14.51004]]],[[[121.02336,14.50108],[121.02336,14.50117],[121.02308,14.50117],[121.02308,14.50135],[121.02336,14.50126],[121.02336,14.50135],[121.02355,14.50145],[121.02354,14.50163],[121.02392,14.50163],[121.02391,14.50181],[121.0241,14.5019],[121.0241,14.50199],[121.02456,14.502],[121.02456,14.50191],[121.02429,14.5019],[121.02429,14.50145],[121.02392,14.50145],[121.02383,14.50127],[121.02373,14.50127],[121.02374,14.50108],[121.02355,14.50117],[121.02355,14.50099],[121.02336,14.50108]]],[[[121.02336,14.50108],[121.02337,14.5009],[121.02327,14.5009],[121.02327,14.50108],[121.02336,14.50108]]],[[[121.02446,14.52359],[121.02437,14.52359],[121.02428,14.52386],[121.02446,14.52386],[121.02446,14.52359]]],[[[121.02455,14.53444],[121.02446,14.53444],[121.02446,14.53462],[121.02455,14.53462],[121.02455,14.53444]]],[[[121.02337,14.5],[121.02384,14.50009],[121.02384,14.5],[121.02402,14.5],[121.02402,14.49991],[121.02393,14.49991],[121.02393,14.49982],[121.02375,14.49991],[121.02375,14.49964],[121.02366,14.49964],[121.02365,14.49982],[121.02338,14.49973],[121.02337,14.5]]],[[[121.02375,14.49964],[121.02384,14.49964],[121.02394,14.49937],[121.02375,14.49937],[121.02375,14.49964]]],[[[121.02403,14.49928],[121.02449,14.49928],[121.0245,14.4991],[121.02431,14.4991],[121.02422,14.49892],[121.02403,14.49892],[121.02403,14.49928]]],[[[121.02394,14.5094],[121.02412,14.5094],[121.02413,14.50931],[121.02403,14.50931],[121.02404,14.50904],[121.02422,14.50904],[121.02422,14.50931],[121.0244,14.50931],[121.02441,14.50913],[121.02431,14.50913],[121.02432,14.50859],[121.02413,14.50859],[121.02404,14.50886],[121.02394,14.50886],[121.02394,14.5094]]],[[[121.0244,14.50986],[121.0244,14.50968],[121.02422,14.50958],[121.02421,14.50976],[121.0244,14.50986]]],[[[121.02431,14.49856],[121.02432,14.49847],[121.02413,14.49847],[121.02413,14.49856],[121.02431,14.49856]]],[[[121.0239,14.53425],[121.024,14.53425],[121.024,14.53407],[121.02391,14.53407],[121.0239,14.53425]]],[[[121.0239,14.53425],[121.02372,14.53434],[121.02372,14.53452],[121.02399,14.53452],[121.0239,14.53425]]],[[[121.02409,14.53462],[121.02409,14.53471],[121.02427,14.53471],[121.02427,14.53462],[121.02409,14.53462]]],[[[121.02352,14.52548],[121.0238,14.52557],[121.0238,14.5253],[121.02389,14.5253],[121.02389,14.52512],[121.02408,14.52504],[121.02408,14.52486],[121.02417,14.52486],[121.02427,14.5244],[121.02399,14.5244],[121.02399,14.52449],[121.0239,14.52449],[121.02389,14.52494],[121.0238,14.52494],[121.0238,14.52512],[121.02371,14.52512],[121.02371,14.52539],[121.02352,14.52539],[121.02352,14.52548]],[[121.02418,14.52459],[121.02408,14.52458],[121.02408,14.52449],[121.02418,14.52449],[121.02418,14.52459]],[[121.02408,14.52458],[121.02408,14.52467],[121.02399,14.52467],[121.02399,14.52458],[121.02408,14.52458]]],[[[121.02267,14.52701],[121.02276,14.52701],[121.02277,14.52656],[121.02267,14.52656],[121.02267,14.52701]]],[[[121.02277,14.52656],[121.02286,14.52656],[121.02286,14.52629],[121.02305,14.5262],[121.02314,14.52584],[121.02333,14.52584],[121.02333,14.52575],[121.02305,14.52575],[121.02305,14.52584],[121.02296,14.52584],[121.02286,14.5262],[121.02277,14.5262],[121.02277,14.52656]]],[[[121.02333,14.52575],[121.02342,14.52575],[121.02352,14.52548],[121.02333,14.52548],[121.02333,14.52575]]],[[[121.0238,14.52557],[121.0238,14.52567],[121.02398,14.52567],[121.02398,14.52558],[121.0238,14.52557]]],[[[121.02424,14.51699],[121.02424,14.5169],[121.02406,14.5169],[121.02406,14.51699],[121.02424,14.51699]]],[[[121.02391,14.52368],[121.02409,14.52368],[121.02409,14.52359],[121.02391,14.52359],[121.02391,14.52368]]],[[[121.02371,14.50371],[121.02408,14.50371],[121.02408,14.50362],[121.02371,14.50361],[121.02371,14.50371]]],[[[121.02378,14.52747],[121.02378,14.52729],[121.02397,14.5272],[121.02397,14.52693],[121.02406,14.52693],[121.02406,14.52684],[121.02388,14.52684],[121.02388,14.52702],[121.02369,14.52711],[121.02369,14.52747],[121.02378,14.52747]]],[[[121.02332,14.51671],[121.02332,14.51662],[121.02323,14.51662],[121.02323,14.51635],[121.02304,14.51635],[121.02304,14.51644],[121.02286,14.51653],[121.02286,14.51662],[121.02304,14.51662],[121.02304,14.51653],[121.02313,14.51653],[121.02313,14.51671],[121.02332,14.51671]]],[[[121.02341,14.51681],[121.02341,14.51699],[121.02359,14.51708],[121.02359,14.51726],[121.02387,14.51717],[121.02378,14.5169],[121.0235,14.5169],[121.0235,14.51681],[121.02341,14.51681]]],[[[121.02359,14.51726],[121.0235,14.51726],[121.0235,14.51735],[121.02303,14.51735],[121.02303,14.51726],[121.02285,14.51725],[121.02285,14.51716],[121.02257,14.51716],[121.02257,14.51725],[121.02266,14.51725],[121.02257,14.51743],[121.02276,14.51752],[121.02285,14.5177],[121.02303,14.51771],[121.02303,14.51789],[121.02358,14.51834],[121.02358,14.51844],[121.02386,14.51853],[121.02386,14.51844],[121.02405,14.51844],[121.02405,14.51835],[121.02386,14.51835],[121.02386,14.51817],[121.02368,14.51816],[121.02358,14.51798],[121.0234,14.51798],[121.0234,14.51789],[121.02322,14.5178],[121.0234,14.51753],[121.02359,14.51744],[121.02359,14.51726]]],[[[121.02342,14.50542],[121.02351,14.50542],[121.02351,14.50578],[121.0236,14.50578],[121.0236,14.50587],[121.02397,14.50588],[121.02397,14.50579],[121.02379,14.50578],[121.02379,14.50569],[121.0236,14.5056],[121.02361,14.50533],[121.02351,14.50533],[121.02351,14.50524],[121.02342,14.50524],[121.02342,14.50542]]],[[[121.02342,14.50542],[121.02323,14.50542],[121.02332,14.50569],[121.02342,14.50569],[121.02342,14.50542]]],[[[121.02397,14.51663],[121.02397,14.51645],[121.02379,14.51636],[121.02379,14.51627],[121.0236,14.51627],[121.02369,14.51654],[121.02397,14.51663]]],[[[121.02385,14.50868],[121.02395,14.50832],[121.02376,14.50822],[121.02376,14.50868],[121.02385,14.50868]]],[[[121.02374,14.53199],[121.02374,14.53208],[121.02392,14.53208],[121.02393,14.53199],[121.02374,14.53199]]],[[[121.02374,14.53199],[121.02374,14.5319],[121.02346,14.5319],[121.02337,14.53208],[121.02318,14.53199],[121.02318,14.53208],[121.02309,14.53208],[121.023,14.5319],[121.02253,14.53189],[121.02244,14.53207],[121.02263,14.53207],[121.02262,14.53234],[121.02281,14.53225],[121.02281,14.53234],[121.02308,14.53253],[121.02346,14.53208],[121.02374,14.53199]]],[[[121.02374,14.52205],[121.02374,14.52178],[121.02346,14.52178],[121.02355,14.52205],[121.02373,14.52214],[121.02373,14.52268],[121.02382,14.52268],[121.02383,14.52205],[121.02374,14.52205]]],[[[121.02366,14.50904],[121.02367,14.50895],[121.02376,14.50895],[121.02376,14.50877],[121.02357,14.50886],[121.02357,14.50904],[121.02366,14.50904]]],[[[121.0235,14.52774],[121.02322,14.52774],[121.02322,14.52783],[121.0235,14.52792],[121.0235,14.52774]]],[[[121.02359,14.52756],[121.0236,14.52738],[121.0235,14.52738],[121.0235,14.52756],[121.02359,14.52756]]],[[[121.02345,14.53289],[121.02345,14.5328],[121.02364,14.5328],[121.02364,14.53262],[121.02336,14.53253],[121.02327,14.5328],[121.02345,14.53289]]],[[[121.02354,14.52268],[121.02364,14.5225],[121.02345,14.5225],[121.02345,14.52268],[121.02354,14.52268]]],[[[121.02353,14.53488],[121.02362,14.53488],[121.02362,14.5347],[121.02353,14.5347],[121.02353,14.53488]]],[[[121.02276,14.50704],[121.02275,14.50713],[121.02285,14.50713],[121.02275,14.50758],[121.02284,14.50758],[121.02284,14.50767],[121.02294,14.50768],[121.02294,14.50759],[121.02321,14.50759],[121.02321,14.5075],[121.02349,14.5075],[121.0234,14.50723],[121.02276,14.50704]]],[[[121.02276,14.50704],[121.02285,14.50668],[121.02267,14.50677],[121.02266,14.50686],[121.02248,14.50686],[121.02238,14.50731],[121.02192,14.50731],[121.02192,14.5074],[121.02247,14.5074],[121.02248,14.50722],[121.02276,14.50704]]],[[[121.02284,14.50767],[121.02275,14.50767],[121.02275,14.50785],[121.02284,14.50785],[121.02284,14.50767]]],[[[121.02294,14.50768],[121.02293,14.50777],[121.02312,14.50777],[121.02312,14.50768],[121.02294,14.50768]]],[[[121.02337,14.5215],[121.02337,14.52141],[121.02318,14.52141],[121.02327,14.52159],[121.02346,14.5216],[121.02346,14.52151],[121.02337,14.5215]]],[[[121.02303,14.52828],[121.02303,14.52855],[121.02312,14.52855],[121.02322,14.52828],[121.02303,14.52828]]],[[[121.02331,14.52819],[121.0234,14.52819],[121.0234,14.52801],[121.02331,14.52801],[121.02331,14.52819]]],[[[121.0233,14.50831],[121.0233,14.50804],[121.02339,14.50804],[121.0234,14.50795],[121.02321,14.50795],[121.02321,14.50831],[121.0233,14.50831]]],[[[121.02274,14.50885],[121.02283,14.50912],[121.02302,14.50912],[121.0232,14.50939],[121.02338,14.5094],[121.02329,14.50903],[121.02274,14.50885]],[[121.02311,14.50921],[121.02311,14.50912],[121.0232,14.50912],[121.0232,14.50921],[121.02311,14.50921]]],[[[121.02228,14.50875],[121.02227,14.50884],[121.02265,14.50876],[121.02265,14.50885],[121.02274,14.50885],[121.02274,14.50867],[121.02293,14.50867],[121.02293,14.50858],[121.02265,14.50849],[121.02265,14.50867],[121.02237,14.50866],[121.02237,14.50876],[121.02228,14.50875]]],[[[121.02228,14.50875],[121.02237,14.50857],[121.02209,14.50839],[121.02209,14.50821],[121.02219,14.50821],[121.02219,14.50803],[121.02237,14.50803],[121.02237,14.50812],[121.02228,14.50812],[121.02228,14.50839],[121.02246,14.50839],[121.02247,14.50812],[121.02256,14.50812],[121.02265,14.50794],[121.02238,14.50794],[121.02247,14.50767],[121.02229,14.50767],[121.02228,14.50785],[121.0221,14.50794],[121.0221,14.50812],[121.022,14.50812],[121.022,14.5083],[121.02191,14.5083],[121.02191,14.50812],[121.02163,14.50821],[121.02182,14.50848],[121.022,14.50848],[121.02191,14.50866],[121.02218,14.50866],[121.02218,14.50875],[121.02228,14.50875]]],[[[121.0233,14.50894],[121.0233,14.50867],[121.02311,14.50867],[121.0232,14.50894],[121.0233,14.50894]]],[[[121.02334,14.50379],[121.02334,14.5037],[121.02316,14.5037],[121.02316,14.50379],[121.02334,14.50379]]],[[[121.02311,14.51943],[121.02311,14.51933],[121.02292,14.51933],[121.02292,14.51942],[121.02311,14.51943]]],[[[121.02291,14.53117],[121.023,14.53117],[121.0231,14.5309],[121.02291,14.5309],[121.02291,14.53117]]],[[[121.02309,14.50036],[121.02291,14.50036],[121.02291,14.50044],[121.02309,14.50045],[121.02309,14.50036]]],[[[121.02243,14.52231],[121.02262,14.52258],[121.0228,14.52258],[121.02262,14.52231],[121.02243,14.52231]]],[[[121.02243,14.52231],[121.02253,14.52213],[121.02234,14.52213],[121.02234,14.52231],[121.02243,14.52231]]],[[[121.02289,14.52268],[121.0228,14.52286],[121.02308,14.52295],[121.02299,14.52268],[121.02289,14.52268]]],[[[121.0229,14.52186],[121.02281,14.52186],[121.02281,14.52204],[121.02299,14.52204],[121.0229,14.52186]]],[[[121.02233,14.50306],[121.02232,14.50324],[121.02251,14.50324],[121.02251,14.50315],[121.02233,14.50306]]],[[[121.02251,14.50324],[121.0226,14.50352],[121.02269,14.50352],[121.0227,14.50324],[121.02251,14.50324]]],[[[121.02269,14.50352],[121.02269,14.5037],[121.02297,14.5037],[121.02297,14.50361],[121.02269,14.50352]]],[[[121.02089,14.50811],[121.02117,14.50811],[121.02108,14.50793],[121.02136,14.50793],[121.02136,14.50784],[121.02117,14.50784],[121.02127,14.50757],[121.02108,14.50757],[121.02089,14.50793],[121.02061,14.50793],[121.02052,14.5082],[121.02061,14.5082],[121.02061,14.50847],[121.02089,14.50856],[121.02098,14.50874],[121.02116,14.50874],[121.02116,14.50883],[121.02135,14.50875],[121.02144,14.50893],[121.02163,14.50893],[121.02162,14.50902],[121.022,14.50902],[121.022,14.50893],[121.02181,14.50893],[121.02172,14.50875],[121.02144,14.50875],[121.02144,14.50866],[121.02107,14.50856],[121.02098,14.50838],[121.02089,14.50838],[121.02089,14.50811]],[[121.02089,14.50811],[121.02071,14.50811],[121.02071,14.50802],[121.02089,14.50802],[121.02089,14.50811]]],[[[121.02258,14.50596],[121.02286,14.50605],[121.02286,14.50569],[121.02267,14.50568],[121.02268,14.50541],[121.02258,14.50541],[121.02268,14.50523],[121.02249,14.50523],[121.0224,14.50541],[121.02212,14.50541],[121.02194,14.50487],[121.02175,14.50486],[121.02175,14.50505],[121.02184,14.50505],[121.02184,14.50523],[121.02194,14.50523],[121.02193,14.50532],[121.02184,14.50532],[121.02184,14.50559],[121.02221,14.5055],[121.02221,14.50559],[121.02212,14.50559],[121.02212,14.50586],[121.0224,14.50577],[121.02239,14.50586],[121.02258,14.50587],[121.02258,14.50596]],[[121.02221,14.50559],[121.0223,14.50559],[121.0223,14.50568],[121.02221,14.50568],[121.02221,14.50559]]],[[[121.02127,14.50757],[121.02136,14.50757],[121.02136,14.50739],[121.02127,14.50739],[121.02127,14.50757]]],[[[121.02174,14.50703],[121.02192,14.50694],[121.02192,14.50685],[121.02174,14.50685],[121.02174,14.50703]]],[[[121.02211,14.50667],[121.0222,14.50667],[121.0222,14.50658],[121.02248,14.50659],[121.02248,14.5065],[121.02285,14.5065],[121.02276,14.50614],[121.02258,14.50605],[121.02258,14.50623],[121.02239,14.50623],[121.02239,14.50632],[121.02221,14.50622],[121.02211,14.50667]]],[[[121.02212,14.50586],[121.02193,14.50586],[121.02184,14.50604],[121.02202,14.50604],[121.02212,14.50586]]],[[[121.02175,14.50486],[121.02175,14.50477],[121.02194,14.50478],[121.02185,14.50459],[121.02166,14.50468],[121.02166,14.50486],[121.02175,14.50486]]],[[[121.02203,14.50505],[121.02212,14.50505],[121.02213,14.50487],[121.02203,14.50487],[121.02203,14.50505]]],[[[121.02213,14.50487],[121.0225,14.50487],[121.0225,14.50478],[121.02268,14.50478],[121.02268,14.50469],[121.02222,14.50469],[121.02213,14.50487]]],[[[121.0225,14.50487],[121.02268,14.50514],[121.02286,14.50514],[121.02268,14.50487],[121.0225,14.50487]]],[[[121.02117,14.50811],[121.02126,14.50829],[121.02144,14.5083],[121.02135,14.50811],[121.02117,14.50811]]],[[[121.02291,14.52078],[121.02273,14.52078],[121.02272,14.52105],[121.02291,14.52105],[121.02291,14.52078]]],[[[121.02225,14.50134],[121.02225,14.50107],[121.02216,14.50107],[121.02216,14.50134],[121.02225,14.50134]]],[[[121.02234,14.50134],[121.02253,14.50135],[121.02253,14.50126],[121.02271,14.50126],[121.02271,14.50117],[121.0229,14.50117],[121.0229,14.50108],[121.02262,14.50108],[121.02262,14.50099],[121.02253,14.50099],[121.02253,14.50117],[121.02244,14.50116],[121.02234,14.50134]]],[[[121.02283,14.49882],[121.02283,14.49864],[121.02274,14.49864],[121.02273,14.49882],[121.02283,14.49882]]],[[[121.02216,14.50044],[121.02207,14.50044],[121.02207,14.50071],[121.02216,14.50071],[121.02216,14.50044]]],[[[121.02226,14.50035],[121.02235,14.50035],[121.02235,14.49999],[121.02226,14.49999],[121.02226,14.50035]]],[[[121.02244,14.50044],[121.02253,14.50062],[121.02281,14.50053],[121.02281,14.50044],[121.02244,14.50044]]],[[[121.02231,14.51589],[121.02258,14.51626],[121.02277,14.51617],[121.02258,14.5159],[121.02231,14.51589]]],[[[121.02231,14.51589],[121.02231,14.5158],[121.02212,14.5158],[121.02212,14.51571],[121.02194,14.51571],[121.02203,14.51589],[121.02231,14.51589]]],[[[121.02082,14.51624],[121.02082,14.51633],[121.02091,14.51633],[121.02082,14.51651],[121.02119,14.51652],[121.02109,14.51697],[121.02165,14.51697],[121.02165,14.51706],[121.02183,14.51706],[121.02183,14.51716],[121.02192,14.51716],[121.02192,14.51707],[121.0222,14.51716],[121.02211,14.51698],[121.02183,14.51697],[121.02174,14.51679],[121.02156,14.51679],[121.02147,14.51652],[121.02128,14.51652],[121.02119,14.51634],[121.02082,14.51624]]],[[[121.02082,14.51624],[121.02082,14.51615],[121.02026,14.51615],[121.02026,14.51624],[121.02082,14.51624]]],[[[121.02156,14.51661],[121.02183,14.51661],[121.02183,14.5167],[121.02211,14.5168],[121.02211,14.5167],[121.02239,14.51671],[121.02239,14.51662],[121.02276,14.51662],[121.02276,14.51653],[121.02249,14.51653],[121.02239,14.51635],[121.02184,14.51625],[121.02184,14.51616],[121.02175,14.51616],[121.02165,14.51634],[121.02147,14.51625],[121.02147,14.51652],[121.02156,14.51652],[121.02156,14.51661]]],[[[121.02156,14.51616],[121.02156,14.51607],[121.0211,14.51606],[121.02119,14.51625],[121.02156,14.51616]]],[[[121.02229,14.51725],[121.0221,14.51752],[121.02201,14.51752],[121.02201,14.51743],[121.02174,14.51742],[121.02183,14.51761],[121.02164,14.51769],[121.02164,14.51779],[121.02182,14.51788],[121.02192,14.5177],[121.0221,14.5177],[121.0222,14.51752],[121.02238,14.51743],[121.02239,14.51725],[121.02229,14.51725]]],[[[121.02164,14.51742],[121.02146,14.51742],[121.02146,14.51751],[121.02164,14.51751],[121.02164,14.51742]]],[[[121.02231,14.51562],[121.02268,14.51562],[121.02268,14.51553],[121.0224,14.51553],[121.0224,14.51535],[121.02222,14.51526],[121.02222,14.51508],[121.02213,14.51508],[121.02213,14.51517],[121.02203,14.51517],[121.02203,14.51544],[121.02231,14.51553],[121.02231,14.51562]]],[[[121.02245,14.53117],[121.02245,14.5309],[121.02236,14.53089],[121.02236,14.53117],[121.02245,14.53117]]],[[[121.02263,14.52159],[121.02263,14.52141],[121.02254,14.52141],[121.02253,14.52159],[121.02263,14.52159]]],[[[121.02243,14.52303],[121.02261,14.52304],[121.02262,14.52285],[121.02243,14.52294],[121.02243,14.52303]]],[[[121.02243,14.52303],[121.02224,14.52303],[121.02224,14.52312],[121.02243,14.52312],[121.02243,14.52303]]],[[[121.02218,14.52014],[121.02217,14.52032],[121.02227,14.52032],[121.02227,14.52014],[121.02218,14.52014]]],[[[121.02236,14.52041],[121.02236,14.52059],[121.02245,14.52059],[121.02245,14.52041],[121.02236,14.52041]]],[[[121.02244,14.53261],[121.02244,14.53252],[121.02225,14.53252],[121.02225,14.53261],[121.02244,14.53261]]],[[[121.02237,14.51869],[121.02219,14.51869],[121.02219,14.51878],[121.02237,14.51888],[121.02237,14.51869]]],[[[121.02235,14.52123],[121.02226,14.52104],[121.02217,14.52104],[121.02217,14.52122],[121.02235,14.52123]]],[[[121.02206,14.52276],[121.02234,14.52276],[121.02234,14.52267],[121.02197,14.5224],[121.02197,14.52267],[121.02206,14.52267],[121.02206,14.52276]]],[[[121.02211,14.52755],[121.02211,14.52764],[121.02229,14.52764],[121.02229,14.52755],[121.02211,14.52755]]],[[[121.02218,14.51933],[121.02228,14.51915],[121.022,14.51905],[121.022,14.51923],[121.02218,14.51933]]],[[[121.02227,14.49917],[121.02218,14.49917],[121.02217,14.49935],[121.02227,14.49936],[121.02227,14.49917]]],[[[121.02217,14.53116],[121.02226,14.53116],[121.02226,14.53098],[121.02217,14.53098],[121.02217,14.53116]]],[[[121.02107,14.49844],[121.02116,14.49898],[121.02134,14.49899],[121.02134,14.4989],[121.02125,14.49889],[121.02125,14.49844],[121.02218,14.49845],[121.02218,14.49836],[121.02135,14.49835],[121.02135,14.49826],[121.02107,14.49826],[121.02107,14.49835],[121.02116,14.49835],[121.02116,14.49844],[121.02107,14.49844]]],[[[121.02107,14.49844],[121.02107,14.49835],[121.02088,14.49835],[121.02088,14.49844],[121.02107,14.49844]]],[[[121.02197,14.52204],[121.02216,14.52204],[121.02216,14.52186],[121.02197,14.52186],[121.02197,14.52204]]],[[[121.02215,14.53288],[121.02187,14.53297],[121.02187,14.53315],[121.02215,14.53324],[121.02215,14.53288]]],[[[121.02178,14.50152],[121.02206,14.50152],[121.02206,14.50143],[121.02178,14.50143],[121.02178,14.50152]]],[[[121.022,14.51842],[121.02191,14.51815],[121.02173,14.51815],[121.02173,14.51842],[121.022,14.51842]]],[[[121.0219,14.52014],[121.0219,14.52005],[121.02199,14.52005],[121.02199,14.51987],[121.02171,14.51995],[121.0218,14.52014],[121.0219,14.52014]]],[[[121.02167,14.53494],[121.02195,14.53487],[121.02195,14.53451],[121.02186,14.53451],[121.02186,14.53469],[121.02167,14.53477],[121.02167,14.53494]]],[[[121.01923,14.52825],[121.01932,14.52825],[121.01932,14.52807],[121.01923,14.52807],[121.01923,14.52825]]],[[[121.01923,14.52807],[121.01932,14.52789],[121.01905,14.52788],[121.01905,14.52779],[121.01895,14.52779],[121.01895,14.52806],[121.01904,14.52807],[121.01904,14.52797],[121.01923,14.52807]]],[[[121.01932,14.52789],[121.01942,14.52789],[121.01951,14.52762],[121.0197,14.52771],[121.0197,14.52735],[121.02016,14.52735],[121.02035,14.52708],[121.0197,14.52717],[121.01942,14.52753],[121.01933,14.52753],[121.01932,14.52789]]],[[[121.02044,14.52699],[121.02054,14.52699],[121.02054,14.52681],[121.02045,14.52681],[121.02044,14.52699]]],[[[121.02054,14.52681],[121.02072,14.52681],[121.02072,14.52709],[121.02081,14.52709],[121.02082,14.52681],[121.0211,14.52673],[121.0211,14.52655],[121.02128,14.52646],[121.02129,14.52619],[121.02156,14.52619],[121.02157,14.52601],[121.02138,14.52601],[121.02138,14.52592],[121.02157,14.52592],[121.02148,14.52556],[121.02166,14.52556],[121.02176,14.52529],[121.02185,14.52529],[121.02186,14.52475],[121.02195,14.52475],[121.02195,14.52466],[121.02186,14.52465],[121.02186,14.52457],[121.02167,14.52465],[121.02157,14.5252],[121.02139,14.52528],[121.02129,14.52565],[121.0212,14.52564],[121.0211,14.52628],[121.02082,14.52636],[121.02082,14.52654],[121.02063,14.52663],[121.02054,14.52681]]],[[[121.02191,14.5186],[121.02191,14.51851],[121.02173,14.51851],[121.02172,14.51869],[121.02191,14.5186]]],[[[121.0218,14.52059],[121.0218,14.52041],[121.02171,14.52041],[121.02171,14.52068],[121.02189,14.52068],[121.02189,14.52059],[121.0218,14.52059]]],[[[121.0217,14.50053],[121.02188,14.50053],[121.02189,14.50044],[121.0217,14.50043],[121.0217,14.50053]]],[[[121.0217,14.50053],[121.02151,14.50052],[121.02142,14.5007],[121.0216,14.50071],[121.0217,14.50053]]],[[[121.02188,14.52222],[121.02188,14.52213],[121.02169,14.52212],[121.02169,14.52221],[121.02188,14.52222]]],[[[121.02187,14.50261],[121.02187,14.50252],[121.02168,14.50251],[121.02169,14.50197],[121.02159,14.50197],[121.02159,14.50269],[121.02187,14.50261]]],[[[121.02167,14.51435],[121.02167,14.51444],[121.02185,14.51444],[121.02186,14.51435],[121.02167,14.51435]]],[[[121.02147,14.50577],[121.02165,14.50577],[121.02166,14.50531],[121.02156,14.50531],[121.02156,14.50522],[121.02129,14.50522],[121.02129,14.50531],[121.02147,14.50531],[121.02138,14.50549],[121.02147,14.50549],[121.02147,14.50577]]],[[[121.02147,14.50577],[121.02138,14.50576],[121.02137,14.50604],[121.02119,14.50612],[121.02119,14.50621],[121.021,14.50621],[121.021,14.50639],[121.02072,14.50648],[121.02062,14.50675],[121.02035,14.50684],[121.02025,14.50702],[121.02081,14.50693],[121.021,14.50657],[121.02118,14.50658],[121.02156,14.50613],[121.02174,14.50604],[121.02175,14.50577],[121.02165,14.50577],[121.02156,14.50604],[121.02147,14.50604],[121.02147,14.50577]]],[[[121.02183,14.52755],[121.02183,14.52746],[121.02165,14.52745],[121.02165,14.52754],[121.02183,14.52755]]],[[[121.02144,14.53007],[121.02181,14.53008],[121.02181,14.52999],[121.02162,14.52998],[121.02163,14.52971],[121.02144,14.52971],[121.02144,14.52962],[121.02089,14.52962],[121.02098,14.52989],[121.02125,14.52989],[121.02125,14.52998],[121.02144,14.52998],[121.02144,14.53007]]],[[[121.02115,14.53143],[121.02133,14.53143],[121.02142,14.53224],[121.02151,14.53224],[121.02161,14.53143],[121.02152,14.53143],[121.02152,14.53134],[121.02161,14.53134],[121.02161,14.53116],[121.02171,14.53116],[121.0218,14.53098],[121.02161,14.53089],[121.02152,14.53116],[121.02143,14.53116],[121.02143,14.53134],[121.02115,14.53134],[121.02115,14.53143]]],[[[121.02142,14.53224],[121.02133,14.53224],[121.02132,14.53242],[121.02142,14.53242],[121.02142,14.53224]]],[[[121.0217,14.53197],[121.02179,14.53197],[121.02179,14.53179],[121.0217,14.53179],[121.0217,14.53197]]],[[[121.02179,14.52167],[121.02179,14.52158],[121.02161,14.52149],[121.0216,14.52167],[121.02179,14.52167]]],[[[121.02178,14.50161],[121.02169,14.50161],[121.02169,14.50188],[121.02178,14.50188],[121.02178,14.50161]]],[[[121.02054,14.51561],[121.02054,14.5157],[121.02073,14.5157],[121.02073,14.51561],[121.02054,14.51561]]],[[[121.02073,14.5157],[121.02073,14.51588],[121.02082,14.51588],[121.02082,14.5157],[121.02073,14.5157]]],[[[121.02073,14.51561],[121.02092,14.5157],[121.02092,14.51534],[121.0211,14.51534],[121.0211,14.51543],[121.02129,14.51543],[121.02129,14.51552],[121.02157,14.51553],[121.02157,14.51562],[121.02166,14.51562],[121.02166,14.51544],[121.02111,14.51525],[121.02111,14.51507],[121.02092,14.51507],[121.02073,14.51561]]],[[[121.02161,14.5205],[121.02171,14.52023],[121.02134,14.52022],[121.02152,14.5205],[121.02161,14.5205]]],[[[121.02162,14.49872],[121.02162,14.49863],[121.02144,14.49863],[121.02144,14.49872],[121.02162,14.49872]]],[[[121.02137,14.52763],[121.02155,14.52764],[121.02155,14.52754],[121.02137,14.52754],[121.02137,14.52763]]],[[[121.02137,14.52763],[121.02099,14.52763],[121.021,14.52754],[121.02062,14.52754],[121.02063,14.52745],[121.02053,14.52745],[121.02053,14.52772],[121.02062,14.52772],[121.02062,14.52763],[121.02081,14.52763],[121.02081,14.52772],[121.02137,14.52772],[121.02137,14.52763]]],[[[121.02143,14.52004],[121.02143,14.51995],[121.02078,14.52004],[121.02079,14.51995],[121.0206,14.51995],[121.0205,14.52022],[121.02088,14.52022],[121.02088,14.52013],[121.02143,14.52004]]],[[[121.02151,14.5214],[121.02152,14.52122],[121.02142,14.52122],[121.02142,14.5214],[121.02151,14.5214]]],[[[121.02129,14.50504],[121.0211,14.50504],[121.0211,14.50513],[121.02129,14.50513],[121.02129,14.50504]]],[[[121.02124,14.52076],[121.02106,14.52076],[121.02106,14.52085],[121.02124,14.52085],[121.02124,14.52076]]],[[[121.02086,14.50097],[121.02105,14.50097],[121.02105,14.50088],[121.02086,14.50088],[121.02086,14.50097]]],[[[121.02122,14.51227],[121.02123,14.512],[121.02113,14.512],[121.02104,14.51227],[121.02122,14.51227]]],[[[121.02105,14.53206],[121.02105,14.53188],[121.02096,14.53188],[121.02105,14.53161],[121.02096,14.53161],[121.02096,14.5317],[121.02087,14.5317],[121.02086,14.53206],[121.02105,14.53206]]],[[[121.02073,14.50531],[121.02101,14.50531],[121.02101,14.50522],[121.02073,14.50522],[121.02073,14.50531]]],[[[121.0194,14.49807],[121.01996,14.49816],[121.01996,14.49843],[121.02005,14.49843],[121.02014,14.49816],[121.02024,14.49816],[121.02014,14.49799],[121.02005,14.49799],[121.02005,14.49807],[121.01996,14.49807],[121.01996,14.49799],[121.0194,14.49799],[121.0194,14.49807]]],[[[121.02024,14.49816],[121.02033,14.49835],[121.02079,14.49835],[121.02061,14.49808],[121.02024,14.49816]]],[[[121.02079,14.49826],[121.02098,14.49826],[121.02098,14.49817],[121.02079,14.49817],[121.02079,14.49826]]],[[[121.02003,14.52166],[121.02031,14.52166],[121.0204,14.52148],[121.02049,14.52148],[121.02049,14.52139],[121.0204,14.52139],[121.0204,14.5213],[121.02059,14.52121],[121.0205,14.52103],[121.0204,14.52103],[121.02031,14.52139],[121.01994,14.52148],[121.02003,14.52166]],[[121.02031,14.52157],[121.02021,14.52157],[121.02021,14.52148],[121.02031,14.52148],[121.02031,14.52157]]],[[[121.02059,14.52112],[121.02078,14.52112],[121.02077,14.52121],[121.02096,14.52121],[121.02087,14.52103],[121.02059,14.52103],[121.02059,14.52112]]],[[[121.01882,14.52228],[121.01891,14.52228],[121.01891,14.52201],[121.01882,14.52201],[121.01882,14.52228]]],[[[121.01882,14.52228],[121.01872,14.52228],[121.01872,14.523],[121.019,14.52309],[121.0189,14.52282],[121.01881,14.52282],[121.01882,14.52228]]],[[[121.01891,14.52201],[121.019,14.52201],[121.01901,14.52174],[121.01891,14.52174],[121.01891,14.52201]]],[[[121.019,14.52309],[121.01909,14.52337],[121.01899,14.52337],[121.01899,14.52355],[121.01927,14.52373],[121.01927,14.52391],[121.01936,14.52391],[121.01936,14.52373],[121.01964,14.52373],[121.01964,14.52391],[121.02019,14.52401],[121.02019,14.52392],[121.02001,14.52392],[121.02001,14.52383],[121.01973,14.52382],[121.01973,14.52364],[121.01955,14.52355],[121.01955,14.52337],[121.01973,14.52337],[121.01973,14.52328],[121.01936,14.52328],[121.01927,14.5231],[121.019,14.52309]]],[[[121.02019,14.52392],[121.02047,14.52383],[121.02047,14.52374],[121.02038,14.52374],[121.02038,14.52347],[121.02048,14.52347],[121.02057,14.52329],[121.02085,14.5232],[121.02085,14.52311],[121.02076,14.52311],[121.02076,14.52284],[121.02057,14.52293],[121.02066,14.52311],[121.02039,14.52311],[121.02029,14.52329],[121.01973,14.52337],[121.01973,14.52346],[121.02029,14.52347],[121.02019,14.52392]]],[[[121.02021,14.53205],[121.0204,14.53205],[121.0204,14.53196],[121.02021,14.53196],[121.02021,14.53205]]],[[[121.02021,14.53205],[121.02003,14.53205],[121.02003,14.53196],[121.01984,14.53187],[121.01985,14.53169],[121.01957,14.53168],[121.01957,14.53177],[121.01975,14.53178],[121.01975,14.53196],[121.01994,14.53205],[121.01993,14.53214],[121.02021,14.53214],[121.02021,14.53205]]],[[[121.0204,14.53205],[121.02039,14.53251],[121.02049,14.53251],[121.02049,14.53242],[121.02058,14.53242],[121.02058,14.53214],[121.02077,14.53215],[121.02077,14.53206],[121.0204,14.53205]]],[[[121.02077,14.50124],[121.02077,14.50115],[121.02058,14.50115],[121.02058,14.50124],[121.02077,14.50124]]],[[[121.02037,14.5147],[121.02037,14.51452],[121.02028,14.51452],[121.02027,14.5147],[121.02037,14.5147]]],[[[121.02046,14.51479],[121.02055,14.51497],[121.02074,14.51498],[121.02065,14.51479],[121.02046,14.51479]]],[[[121.02072,14.52718],[121.02063,14.52717],[121.02063,14.52736],[121.02072,14.52736],[121.02072,14.52718]]],[[[121.02071,14.5288],[121.02071,14.52871],[121.02052,14.52862],[121.02052,14.5288],[121.02071,14.5288]]],[[[121.0205,14.49997],[121.02069,14.49989],[121.02069,14.49979],[121.02059,14.49979],[121.0206,14.49952],[121.0205,14.49952],[121.0205,14.49997]]],[[[121.0205,14.49997],[121.02041,14.49997],[121.0204,14.50015],[121.0205,14.50015],[121.02049,14.50061],[121.02059,14.50061],[121.02059,14.50006],[121.0205,14.50006],[121.0205,14.49997]]],[[[121.02049,14.53169],[121.02068,14.53169],[121.02068,14.53142],[121.0205,14.53142],[121.02049,14.53169]]],[[[121.02058,14.53287],[121.02067,14.5326],[121.02049,14.5326],[121.02039,14.53287],[121.02058,14.53287]]],[[[121.01758,14.51513],[121.01758,14.51531],[121.01786,14.5154],[121.01795,14.51568],[121.01832,14.51595],[121.01831,14.51622],[121.0185,14.51622],[121.0185,14.51658],[121.0184,14.51658],[121.01841,14.5164],[121.01831,14.5164],[121.01831,14.51667],[121.0185,14.51667],[121.0184,14.51694],[121.01859,14.51695],[121.01859,14.51686],[121.01868,14.51686],[121.01868,14.51695],[121.01942,14.51695],[121.01942,14.51713],[121.01923,14.51713],[121.01932,14.51731],[121.01969,14.51741],[121.01969,14.51732],[121.01988,14.51732],[121.01979,14.51759],[121.02006,14.51777],[121.02006,14.51786],[121.01959,14.51822],[121.01959,14.51831],[121.01987,14.5184],[121.01987,14.51822],[121.01997,14.51822],[121.02006,14.51795],[121.02052,14.51805],[121.02034,14.51778],[121.02025,14.51777],[121.02025,14.51759],[121.02007,14.5175],[121.02007,14.51714],[121.01979,14.51714],[121.01979,14.51696],[121.01961,14.51695],[121.01961,14.51686],[121.0197,14.51687],[121.0197,14.51659],[121.01998,14.5166],[121.01998,14.51651],[121.01942,14.51641],[121.01942,14.51659],[121.01924,14.51659],[121.01914,14.51677],[121.01877,14.51677],[121.01887,14.5165],[121.01933,14.51641],[121.01933,14.51614],[121.01961,14.51614],[121.0198,14.51587],[121.01952,14.51578],[121.01953,14.5156],[121.01915,14.5156],[121.01906,14.51596],[121.01869,14.51613],[121.01869,14.51586],[121.01878,14.51586],[121.01869,14.51559],[121.01878,14.51559],[121.01878,14.5155],[121.01832,14.51541],[121.01832,14.51532],[121.01804,14.51531],[121.01795,14.51513],[121.01758,14.51513]],[[121.01804,14.51568],[121.01804,14.51559],[121.01813,14.51559],[121.01813,14.51568],[121.01804,14.51568]],[[121.01942,14.51659],[121.01952,14.51659],[121.01951,14.51668],[121.01942,14.51668],[121.01942,14.51659]],[[121.01914,14.51677],[121.01924,14.51677],[121.01924,14.51686],[121.01914,14.51686],[121.01914,14.51677]],[[121.01804,14.51531],[121.01804,14.51541],[121.01795,14.5154],[121.01795,14.51531],[121.01804,14.51531]]],[[[121.01666,14.51413],[121.01666,14.51395],[121.01648,14.51395],[121.01648,14.51404],[121.01666,14.51413]]],[[[121.01675,14.51422],[121.01685,14.5144],[121.01703,14.51431],[121.01703,14.51422],[121.01675,14.51422]]],[[[121.01694,14.5144],[121.01694,14.51458],[121.01721,14.51477],[121.01712,14.51449],[121.01731,14.5145],[121.01731,14.51431],[121.01722,14.51431],[121.01722,14.51441],[121.01712,14.5144],[121.01712,14.51431],[121.01694,14.5144]]],[[[121.01721,14.51477],[121.0173,14.51504],[121.01749,14.51504],[121.01749,14.51486],[121.01721,14.51477]]],[[[121.02052,14.51805],[121.02043,14.51823],[121.02061,14.51832],[121.02062,14.51805],[121.02052,14.51805]]],[[[121.02007,14.51642],[121.02017,14.51642],[121.02017,14.51624],[121.02008,14.51624],[121.02007,14.51642]]],[[[121.01953,14.5156],[121.01971,14.5156],[121.01971,14.51551],[121.01953,14.51551],[121.01953,14.5156]]],[[[121.01971,14.51551],[121.02017,14.51551],[121.02018,14.51542],[121.01971,14.51542],[121.01971,14.51551]]],[[[121.0206,14.49925],[121.0205,14.49925],[121.0205,14.49943],[121.0206,14.49943],[121.0206,14.49925]]],[[[121.02039,14.5016],[121.02039,14.50133],[121.0203,14.50133],[121.0203,14.5016],[121.02039,14.5016]]],[[[121.02028,14.53458],[121.0201,14.53467],[121.0201,14.53476],[121.02028,14.53476],[121.02028,14.53458]]],[[[121.02021,14.53278],[121.02002,14.53277],[121.02002,14.53286],[121.02021,14.53286],[121.02021,14.53278]]],[[[121.02021,14.5016],[121.02012,14.50133],[121.02002,14.50132],[121.02003,14.50078],[121.01994,14.50078],[121.01993,14.50114],[121.01975,14.50123],[121.01965,14.5015],[121.01946,14.5015],[121.01946,14.50159],[121.02021,14.5016]]],[[[121.01983,14.51244],[121.0202,14.51244],[121.0202,14.51235],[121.02011,14.51235],[121.02011,14.51226],[121.01983,14.51226],[121.01983,14.51244]]],[[[121.01883,14.5212],[121.0192,14.52129],[121.01901,14.52165],[121.01947,14.52165],[121.01938,14.52129],[121.01957,14.52129],[121.01957,14.52102],[121.01976,14.52093],[121.01976,14.52075],[121.02004,14.52075],[121.02004,14.52066],[121.02013,14.52066],[121.02013,14.52057],[121.01995,14.52057],[121.01994,14.52066],[121.01976,14.52057],[121.01985,14.52039],[121.02004,14.52039],[121.02004,14.5203],[121.01985,14.5203],[121.01986,14.51994],[121.01958,14.52003],[121.01958,14.52021],[121.01967,14.52021],[121.01967,14.52012],[121.01976,14.52012],[121.01976,14.5203],[121.01958,14.5203],[121.01957,14.52048],[121.0192,14.52075],[121.0192,14.52093],[121.01911,14.52093],[121.01911,14.52102],[121.01883,14.52102],[121.01883,14.5212]],[[121.01929,14.52102],[121.01929,14.5212],[121.0192,14.5212],[121.0192,14.52102],[121.01929,14.52102]]],[[[121.01883,14.5212],[121.01873,14.5212],[121.01864,14.52146],[121.01836,14.52146],[121.01826,14.52164],[121.01854,14.52174],[121.01854,14.52164],[121.01882,14.52147],[121.01883,14.5212]]],[[[121.01986,14.51994],[121.02004,14.51994],[121.02004,14.51985],[121.01986,14.51985],[121.01986,14.51994]]],[[[121.01945,14.50313],[121.01936,14.50313],[121.01926,14.5034],[121.01973,14.50331],[121.01972,14.50349],[121.02,14.50349],[121.02,14.5034],[121.0201,14.5034],[121.02001,14.50322],[121.01982,14.50322],[121.01982,14.50313],[121.01954,14.50313],[121.01954,14.50322],[121.01945,14.50322],[121.01945,14.50313]]],[[[121.01955,14.53367],[121.01964,14.53385],[121.02001,14.53386],[121.01992,14.53368],[121.01955,14.53367]]],[[[121.01955,14.53367],[121.01955,14.53349],[121.01937,14.53349],[121.01936,14.53358],[121.01955,14.53367]]],[[[121.0198,14.50512],[121.01999,14.50512],[121.01999,14.50494],[121.01962,14.50494],[121.01962,14.50503],[121.01971,14.50503],[121.01971,14.50539],[121.0198,14.50539],[121.0198,14.50512]]],[[[121.01995,14.49934],[121.01986,14.49934],[121.01985,14.49952],[121.01995,14.49952],[121.01995,14.49934]]],[[[121.01972,14.50394],[121.01991,14.50385],[121.01991,14.50367],[121.01972,14.50376],[121.01972,14.50394]]],[[[121.01978,14.5072],[121.01969,14.5072],[121.01969,14.50738],[121.01988,14.50738],[121.01978,14.5072]]],[[[121.01983,14.53304],[121.01965,14.53304],[121.01965,14.53322],[121.01983,14.53322],[121.01983,14.53304]]],[[[121.01964,14.50268],[121.01964,14.50259],[121.01945,14.50258],[121.01945,14.50268],[121.01964,14.50268]]],[[[121.01924,14.52626],[121.01934,14.52626],[121.01934,14.52608],[121.01962,14.52599],[121.01953,14.52581],[121.01916,14.52581],[121.01915,14.5259],[121.01906,14.5259],[121.01906,14.52599],[121.01925,14.52599],[121.01924,14.52626]]],[[[121.01924,14.52626],[121.01906,14.52626],[121.01906,14.52635],[121.01924,14.52635],[121.01924,14.52626]]],[[[121.01962,14.5259],[121.01971,14.5259],[121.01971,14.52563],[121.01962,14.52563],[121.01962,14.5259]]],[[[121.01971,14.52563],[121.01981,14.52563],[121.01981,14.52509],[121.01972,14.52509],[121.01971,14.52563]]],[[[121.01972,14.52509],[121.01972,14.52473],[121.01954,14.52464],[121.01935,14.525],[121.01963,14.52491],[121.01963,14.52509],[121.01972,14.52509]]],[[[121.01981,14.50449],[121.01972,14.50449],[121.01972,14.50467],[121.01981,14.50467],[121.01981,14.50449]]],[[[121.01977,14.49888],[121.01977,14.4987],[121.01968,14.4987],[121.01967,14.49879],[121.0193,14.49879],[121.0193,14.49888],[121.01977,14.49888]]],[[[121.01975,14.52175],[121.01975,14.52166],[121.01956,14.52165],[121.01956,14.52174],[121.01975,14.52175]]],[[[121.01966,14.53232],[121.01975,14.53232],[121.01975,14.53214],[121.01966,14.53214],[121.01966,14.53232]]],[[[121.01966,14.53232],[121.01956,14.53232],[121.01956,14.5325],[121.01965,14.5325],[121.01966,14.53232]]],[[[121.0195,14.51804],[121.0195,14.51795],[121.01969,14.51786],[121.01969,14.51759],[121.01941,14.51768],[121.0195,14.51786],[121.01941,14.51786],[121.01932,14.51804],[121.0195,14.51804]]],[[[121.01965,14.51208],[121.01965,14.51198],[121.01946,14.51198],[121.01946,14.51207],[121.01965,14.51208]]],[[[121.01945,14.52418],[121.01945,14.524],[121.01936,14.524],[121.01936,14.52418],[121.01945,14.52418]]],[[[121.01954,14.52427],[121.01954,14.52454],[121.01963,14.52455],[121.01963,14.52427],[121.01954,14.52427]]],[[[121.01951,14.50719],[121.01951,14.5071],[121.01923,14.5071],[121.01923,14.50719],[121.01951,14.50719]]],[[[121.01957,14.53196],[121.01938,14.53195],[121.01938,14.53205],[121.01956,14.53205],[121.01957,14.53196]]],[[[121.01947,14.53159],[121.01948,14.53141],[121.01892,14.53141],[121.01892,14.5315],[121.01938,14.5315],[121.01938,14.53159],[121.01947,14.53159]]],[[[121.01944,14.50448],[121.01935,14.5043],[121.01907,14.5043],[121.01916,14.50448],[121.01944,14.50448]]],[[[121.01943,14.5053],[121.01943,14.50511],[121.01925,14.50511],[121.01925,14.5053],[121.01943,14.5053]]],[[[121.01914,14.50629],[121.01942,14.50629],[121.01942,14.5062],[121.01914,14.5062],[121.01914,14.50629]]],[[[121.01941,14.50774],[121.01922,14.50773],[121.01922,14.50783],[121.01941,14.50783],[121.01941,14.50774]]],[[[121.01939,14.49924],[121.01939,14.49915],[121.01902,14.49915],[121.01902,14.49924],[121.01939,14.49924]]],[[[121.01926,14.50322],[121.01908,14.50294],[121.01936,14.50295],[121.01927,14.50276],[121.01936,14.50277],[121.01936,14.50258],[121.01899,14.50267],[121.01899,14.50258],[121.01862,14.50258],[121.01862,14.50267],[121.0189,14.50267],[121.0189,14.50285],[121.01871,14.50294],[121.01871,14.50303],[121.01852,14.50303],[121.01852,14.50321],[121.01908,14.50312],[121.01908,14.50322],[121.01926,14.50322]]],[[[121.01935,14.5146],[121.01916,14.5146],[121.01916,14.51469],[121.01935,14.51469],[121.01935,14.5146]]],[[[121.01932,14.51759],[121.01932,14.5175],[121.01914,14.51749],[121.01914,14.51758],[121.01932,14.51759]]],[[[121.01929,14.53195],[121.01929,14.53177],[121.0191,14.53177],[121.0191,14.53186],[121.01929,14.53195]]],[[[121.01928,14.53213],[121.0191,14.53213],[121.0191,14.53222],[121.01928,14.53223],[121.01928,14.53213]]],[[[121.01923,14.50701],[121.01914,14.50683],[121.01895,14.50692],[121.01895,14.50701],[121.01923,14.50701]]],[[[121.01922,14.51822],[121.01923,14.51804],[121.01904,14.51812],[121.01904,14.51821],[121.01922,14.51822]]],[[[121.01801,14.49823],[121.01875,14.49824],[121.01875,14.49799],[121.01866,14.49806],[121.01848,14.49799],[121.01847,14.49815],[121.01801,14.49814],[121.01801,14.49823]]],[[[121.01875,14.49824],[121.01884,14.49869],[121.01893,14.49869],[121.01903,14.49851],[121.01921,14.49852],[121.01921,14.49843],[121.01903,14.49842],[121.01894,14.49824],[121.01875,14.49824]]],[[[121.01893,14.49869],[121.01893,14.49888],[121.01902,14.49888],[121.01903,14.4987],[121.01893,14.49869]]],[[[121.01893,14.49888],[121.01884,14.49887],[121.01884,14.49915],[121.01893,14.49915],[121.01893,14.49888]]],[[[121.01854,14.50113],[121.01854,14.50122],[121.01873,14.50122],[121.01873,14.50113],[121.01854,14.50113]]],[[[121.01854,14.50113],[121.01854,14.50104],[121.01808,14.50104],[121.01799,14.50086],[121.01789,14.50085],[121.0178,14.50103],[121.01761,14.50103],[121.01761,14.50121],[121.0178,14.50122],[121.01789,14.50104],[121.01798,14.50104],[121.01798,14.50122],[121.01854,14.50113]]],[[[121.01873,14.50122],[121.01872,14.5014],[121.01882,14.50141],[121.01882,14.50122],[121.01873,14.50122]]],[[[121.019,14.50159],[121.019,14.50168],[121.01918,14.50168],[121.01919,14.50159],[121.019,14.50159]]],[[[121.01914,14.51722],[121.01914,14.51704],[121.01905,14.51704],[121.01886,14.51731],[121.01914,14.51722]]],[[[121.01909,14.51261],[121.0189,14.51261],[121.0189,14.5127],[121.01909,14.5127],[121.01909,14.51261]]],[[[121.019,14.53249],[121.01901,14.53231],[121.01891,14.53231],[121.01891,14.53249],[121.019,14.53249]]],[[[121.01899,14.52391],[121.0188,14.52391],[121.0188,14.524],[121.01899,14.524],[121.01899,14.52391]]],[[[121.01442,14.52658],[121.0146,14.52649],[121.01451,14.52631],[121.0147,14.52631],[121.01479,14.52613],[121.01507,14.52613],[121.01507,14.52595],[121.01526,14.52586],[121.01526,14.52559],[121.01535,14.52559],[121.01545,14.52578],[121.01554,14.52578],[121.01554,14.52596],[121.01526,14.52595],[121.01526,14.52605],[121.01554,14.52605],[121.01553,14.52623],[121.01544,14.52623],[121.01544,14.52632],[121.01553,14.52632],[121.01553,14.52641],[121.01544,14.52641],[121.01544,14.52668],[121.01572,14.52668],[121.01581,14.5265],[121.0159,14.5265],[121.01581,14.52623],[121.016,14.52623],[121.016,14.52632],[121.01627,14.52642],[121.01627,14.5266],[121.01655,14.5266],[121.01664,14.52678],[121.01692,14.52687],[121.01692,14.52714],[121.0171,14.52715],[121.0171,14.52706],[121.01757,14.52715],[121.01757,14.52706],[121.01775,14.52706],[121.01775,14.52697],[121.01794,14.52697],[121.01794,14.52661],[121.01804,14.52661],[121.01804,14.52643],[121.01832,14.52652],[121.01832,14.52625],[121.0186,14.52616],[121.0186,14.52607],[121.01841,14.52607],[121.01841,14.52616],[121.01823,14.52616],[121.01823,14.52589],[121.01832,14.52589],[121.01842,14.52571],[121.01869,14.52562],[121.01869,14.52544],[121.01879,14.52544],[121.01888,14.52508],[121.01898,14.52508],[121.01898,14.52445],[121.0187,14.52436],[121.0187,14.52454],[121.01889,14.52454],[121.01889,14.5249],[121.0187,14.52499],[121.0187,14.52508],[121.01842,14.52508],[121.01851,14.52535],[121.01842,14.52535],[121.01832,14.52562],[121.01804,14.52562],[121.01786,14.52589],[121.01758,14.52579],[121.01758,14.52616],[121.01748,14.52615],[121.01739,14.52642],[121.01748,14.52643],[121.01757,14.52661],[121.01729,14.5267],[121.0173,14.52642],[121.01711,14.52642],[121.01701,14.52669],[121.01674,14.52669],[121.01665,14.52642],[121.01683,14.52642],[121.01693,14.52624],[121.01711,14.52624],[121.01711,14.52597],[121.01693,14.52597],[121.01693,14.52606],[121.01665,14.52606],[121.01665,14.52597],[121.01674,14.52597],[121.01674,14.52579],[121.01702,14.5257],[121.01703,14.52552],[121.0173,14.52534],[121.01731,14.52516],[121.01684,14.52552],[121.01684,14.5257],[121.01647,14.52569],[121.01637,14.52596],[121.01572,14.52596],[121.01563,14.52569],[121.01554,14.52569],[121.01554,14.52551],[121.01545,14.52551],[121.01545,14.52542],[121.01554,14.52542],[121.01555,14.52451],[121.01546,14.52451],[121.01546,14.52442],[121.01555,14.52442],[121.01555,14.52433],[121.01509,14.52424],[121.01509,14.52451],[121.01499,14.52451],[121.0149,14.52469],[121.01499,14.52469],[121.01499,14.52487],[121.01517,14.52487],[121.01517,14.52496],[121.01545,14.52487],[121.01545,14.52505],[121.01517,14.52505],[121.01517,14.52532],[121.01499,14.52532],[121.01498,14.5255],[121.01489,14.5255],[121.0148,14.52568],[121.01452,14.52568],[121.01452,14.52577],[121.01443,14.52577],[121.01434,14.5255],[121.01452,14.5255],[121.01452,14.52532],[121.01424,14.52531],[121.01424,14.52558],[121.01405,14.52567],[121.01424,14.52622],[121.01405,14.52622],[121.01405,14.52631],[121.01442,14.52631],[121.01442,14.52658]],[[121.01507,14.52595],[121.01479,14.52604],[121.0148,14.52595],[121.01461,14.52595],[121.01461,14.52586],[121.01507,14.52586],[121.01507,14.52595]],[[121.01461,14.52595],[121.01461,14.52604],[121.01452,14.52604],[121.01452,14.52595],[121.01461,14.52595]],[[121.01581,14.52623],[121.01572,14.52623],[121.01572,14.52614],[121.01581,14.52614],[121.01581,14.52623]],[[121.01665,14.52606],[121.01674,14.52624],[121.01646,14.52633],[121.01646,14.52606],[121.01665,14.52606]],[[121.01646,14.52633],[121.01646,14.52642],[121.01637,14.52642],[121.01637,14.52633],[121.01646,14.52633]],[[121.01562,14.5265],[121.01562,14.52659],[121.01553,14.52659],[121.01553,14.5265],[121.01562,14.5265]],[[121.01562,14.5265],[121.01562,14.52641],[121.01572,14.52641],[121.01572,14.5265],[121.01562,14.5265]],[[121.01526,14.5255],[121.01526,14.52541],[121.01536,14.52541],[121.01535,14.5255],[121.01526,14.5255]],[[121.01508,14.52478],[121.01508,14.52469],[121.01518,14.52469],[121.01518,14.52478],[121.01508,14.52478]],[[121.01424,14.52567],[121.01433,14.52568],[121.01433,14.52577],[121.01424,14.52577],[121.01424,14.52567]]],[[[121.01432,14.52667],[121.01414,14.52667],[121.01414,14.52676],[121.01432,14.52676],[121.01432,14.52667]]],[[[121.01555,14.52433],[121.01583,14.52424],[121.01583,14.52406],[121.01592,14.52406],[121.01583,14.52388],[121.01593,14.52388],[121.01593,14.52379],[121.01574,14.52379],[121.01565,14.52406],[121.01546,14.52406],[121.01555,14.52433]]],[[[121.01572,14.52668],[121.01571,14.52695],[121.0159,14.52695],[121.01609,14.5266],[121.01572,14.52668]]],[[[121.01526,14.52605],[121.01516,14.52604],[121.01516,14.52623],[121.01498,14.52631],[121.01507,14.52659],[121.01535,14.5265],[121.01535,14.52641],[121.01525,14.52641],[121.01535,14.52623],[121.01526,14.52623],[121.01526,14.52605]]],[[[121.01704,14.50356],[121.01703,14.50365],[121.01722,14.50374],[121.01722,14.50392],[121.01731,14.50392],[121.01731,14.50365],[121.01704,14.50356]]],[[[121.01704,14.50356],[121.01704,14.50347],[121.01685,14.50347],[121.01676,14.50328],[121.01648,14.50328],[121.01648,14.50319],[121.01565,14.50328],[121.01574,14.50346],[121.01601,14.50346],[121.01601,14.50355],[121.01611,14.50355],[121.0162,14.50337],[121.01648,14.50337],[121.01648,14.50346],[121.01667,14.50347],[121.01666,14.50356],[121.01704,14.50356]]],[[[121.01731,14.50392],[121.01731,14.5041],[121.01749,14.5041],[121.01749,14.50501],[121.01739,14.50501],[121.01739,14.5051],[121.01767,14.50519],[121.01767,14.5051],[121.01776,14.5051],[121.01776,14.50528],[121.01795,14.50528],[121.01804,14.50501],[121.01786,14.50501],[121.01786,14.50492],[121.01758,14.50483],[121.01758,14.50438],[121.01768,14.50438],[121.01768,14.50429],[121.01758,14.50429],[121.01759,14.50393],[121.01731,14.50392]]],[[[121.01804,14.50501],[121.01814,14.50501],[121.01814,14.50456],[121.01805,14.50456],[121.01804,14.50501]]],[[[121.01814,14.50456],[121.01823,14.50456],[121.01823,14.50429],[121.01833,14.50429],[121.01833,14.50402],[121.01879,14.50412],[121.01879,14.50403],[121.01898,14.50403],[121.01898,14.50394],[121.0187,14.50393],[121.0187,14.50384],[121.01861,14.50384],[121.01861,14.50393],[121.01824,14.50393],[121.01824,14.50411],[121.01805,14.50411],[121.01805,14.5042],[121.01814,14.5042],[121.01814,14.50456]]],[[[121.01897,14.50466],[121.01897,14.50439],[121.01879,14.50439],[121.01879,14.50466],[121.01897,14.50466]]],[[[121.01877,14.52716],[121.01877,14.52734],[121.01886,14.52734],[121.01887,14.52716],[121.01877,14.52716]]],[[[121.01877,14.52716],[121.01878,14.5268],[121.01868,14.5268],[121.01868,14.52716],[121.01877,14.52716]]],[[[121.01886,14.52734],[121.01886,14.5277],[121.01895,14.5277],[121.01896,14.52734],[121.01886,14.52734]]],[[[121.01454,14.53408],[121.01509,14.53409],[121.01509,14.53427],[121.01574,14.53445],[121.01574,14.53436],[121.01565,14.53436],[121.01574,14.53409],[121.01602,14.534],[121.01602,14.5341],[121.01621,14.5341],[121.0162,14.53419],[121.01602,14.53427],[121.01592,14.53445],[121.01602,14.53446],[121.01602,14.53455],[121.01611,14.53455],[121.01611,14.53446],[121.01639,14.53446],[121.01629,14.53464],[121.01639,14.53464],[121.01638,14.53482],[121.0162,14.53473],[121.0162,14.53494],[121.01648,14.53494],[121.01648,14.53473],[121.01657,14.53473],[121.01657,14.53482],[121.01685,14.53482],[121.01685,14.53494],[121.01731,14.53494],[121.01722,14.53483],[121.01704,14.53483],[121.01704,14.53474],[121.01685,14.53473],[121.01685,14.53464],[121.01667,14.53464],[121.01667,14.53455],[121.01648,14.53455],[121.01648,14.53437],[121.01639,14.53437],[121.01639,14.53392],[121.01528,14.53391],[121.01528,14.53382],[121.015,14.53373],[121.015,14.53363],[121.01556,14.53346],[121.01547,14.53319],[121.01538,14.53319],[121.01557,14.53292],[121.01566,14.53292],[121.01566,14.53301],[121.01594,14.53301],[121.01594,14.53292],[121.01631,14.53301],[121.01631,14.53274],[121.0165,14.53265],[121.0165,14.53247],[121.01678,14.53247],[121.01678,14.53229],[121.0165,14.5322],[121.0165,14.53238],[121.01631,14.53247],[121.01632,14.53211],[121.01613,14.53211],[121.01613,14.53202],[121.01595,14.53202],[121.01595,14.5322],[121.01585,14.5322],[121.01575,14.53283],[121.01501,14.53291],[121.01501,14.53318],[121.01492,14.53318],[121.01491,14.53336],[121.01482,14.53336],[121.01482,14.53354],[121.01454,14.53354],[121.01454,14.53372],[121.01463,14.53372],[121.01463,14.53381],[121.01491,14.53381],[121.015,14.534],[121.01472,14.53399],[121.01472,14.5339],[121.01463,14.5339],[121.01454,14.53408]],[[121.01575,14.53283],[121.01585,14.53283],[121.01585,14.53292],[121.01575,14.53292],[121.01575,14.53283]],[[121.01613,14.53247],[121.01613,14.53274],[121.01594,14.53274],[121.01594,14.53247],[121.01613,14.53247]],[[121.01613,14.53247],[121.01604,14.53229],[121.01622,14.5322],[121.01622,14.53247],[121.01613,14.53247]],[[121.01556,14.53418],[121.01556,14.53427],[121.01537,14.53427],[121.01528,14.53409],[121.01556,14.534],[121.01556,14.53409],[121.01565,14.53409],[121.01565,14.53418],[121.01556,14.53418]]],[[[121.01501,14.53291],[121.01501,14.53282],[121.01464,14.53282],[121.01464,14.53291],[121.01501,14.53291]]],[[[121.01464,14.53291],[121.01445,14.53291],[121.01454,14.53318],[121.01473,14.53318],[121.01464,14.53291]]],[[[121.01669,14.5322],[121.01678,14.5322],[121.01687,14.53247],[121.01696,14.53248],[121.01686,14.53311],[121.01677,14.53311],[121.01677,14.5332],[121.01686,14.5332],[121.01686,14.53347],[121.01695,14.53347],[121.01695,14.53383],[121.0175,14.53429],[121.0175,14.53411],[121.01741,14.53411],[121.01741,14.53402],[121.01714,14.53383],[121.01714,14.53365],[121.01704,14.53365],[121.01714,14.53347],[121.01705,14.53347],[121.01705,14.53329],[121.01696,14.53329],[121.01705,14.53293],[121.01696,14.53293],[121.01696,14.53284],[121.01715,14.53275],[121.01705,14.53257],[121.01743,14.53257],[121.01742,14.53275],[121.01761,14.53275],[121.01761,14.53284],[121.01779,14.53285],[121.0178,14.53275],[121.01798,14.53266],[121.01798,14.53257],[121.01761,14.53266],[121.01752,14.53248],[121.01724,14.53248],[121.01734,14.53221],[121.01762,14.53212],[121.01762,14.53194],[121.0178,14.53194],[121.0178,14.53185],[121.01799,14.53185],[121.01799,14.53176],[121.01743,14.53185],[121.01734,14.53212],[121.01696,14.5322],[121.01697,14.53193],[121.01706,14.53194],[121.01716,14.53176],[121.01688,14.53166],[121.01688,14.53184],[121.0166,14.53202],[121.01669,14.5322]]],[[[121.01716,14.53176],[121.01743,14.53176],[121.01743,14.53167],[121.01753,14.53167],[121.01753,14.53131],[121.01725,14.53139],[121.01725,14.53158],[121.01716,14.53157],[121.01716,14.53139],[121.01697,14.53148],[121.01716,14.53176]]],[[[121.01707,14.53139],[121.01707,14.53121],[121.01688,14.5313],[121.01688,14.53139],[121.01707,14.53139]]],[[[121.01753,14.53131],[121.01781,14.5314],[121.01781,14.53122],[121.01753,14.53122],[121.01753,14.53131]]],[[[121.01799,14.53176],[121.01864,14.53177],[121.01864,14.53168],[121.01799,14.53167],[121.01799,14.53176]]],[[[121.01808,14.53249],[121.01854,14.53249],[121.01854,14.5324],[121.01808,14.53239],[121.01808,14.53249]]],[[[121.0175,14.53429],[121.0175,14.53438],[121.01769,14.53438],[121.01769,14.53429],[121.0175,14.53429]]],[[[121.01769,14.53438],[121.01778,14.53456],[121.01797,14.53456],[121.01796,14.53465],[121.01824,14.53475],[121.01815,14.53494],[121.01833,14.53494],[121.01833,14.53484],[121.01843,14.53484],[121.01843,14.53466],[121.01852,14.53466],[121.01862,14.53439],[121.0188,14.53448],[121.0188,14.53466],[121.01889,14.53466],[121.01889,14.53439],[121.0188,14.53439],[121.01871,14.53421],[121.01852,14.53421],[121.01834,14.53457],[121.01806,14.53456],[121.01806,14.53447],[121.01769,14.53438]]],[[[121.01871,14.52418],[121.01871,14.52427],[121.01889,14.52427],[121.01889,14.52418],[121.01871,14.52418]]],[[[121.01871,14.52418],[121.01871,14.524],[121.01861,14.52399],[121.01861,14.52418],[121.01871,14.52418]]],[[[121.01809,14.5314],[121.0179,14.5314],[121.0179,14.53149],[121.01808,14.53149],[121.01809,14.5314]]],[[[121.01818,14.53131],[121.01837,14.53131],[121.01837,14.53122],[121.01818,14.53122],[121.01818,14.53131]]],[[[121.01837,14.53131],[121.01836,14.5314],[121.01883,14.53141],[121.01883,14.53132],[121.01837,14.53131]]],[[[121.0188,14.53403],[121.01862,14.53403],[121.01862,14.53412],[121.0188,14.53412],[121.0188,14.53403]]],[[[121.01841,14.50547],[121.0185,14.50565],[121.01878,14.50556],[121.01878,14.50547],[121.01841,14.50547]]],[[[121.00147,14.5018],[121.00137,14.5018],[121.00137,14.50207],[121.00156,14.50207],[121.00155,14.50234],[121.00165,14.50234],[121.00174,14.50207],[121.00221,14.50208],[121.00221,14.50199],[121.00239,14.50208],[121.00239,14.50199],[121.00276,14.50199],[121.00276,14.5019],[121.00304,14.50199],[121.00304,14.5019],[121.00341,14.50191],[121.00342,14.50182],[121.00388,14.50182],[121.00388,14.50191],[121.00406,14.50191],[121.00406,14.502],[121.00443,14.50201],[121.00453,14.50219],[121.00471,14.50219],[121.00471,14.50228],[121.0049,14.50228],[121.00489,14.50237],[121.00526,14.50247],[121.00545,14.50274],[121.00563,14.50274],[121.00563,14.50283],[121.00582,14.50292],[121.00581,14.5031],[121.00563,14.5031],[121.00563,14.50319],[121.00591,14.50319],[121.00591,14.50337],[121.00618,14.50356],[121.00618,14.50383],[121.00627,14.50383],[121.00636,14.50419],[121.00664,14.50437],[121.00664,14.50446],[121.00636,14.50455],[121.00627,14.50428],[121.00618,14.50428],[121.00617,14.50437],[121.00562,14.50437],[121.00562,14.50427],[121.00543,14.50427],[121.00534,14.50409],[121.00516,14.50409],[121.00516,14.504],[121.00497,14.50391],[121.00488,14.50355],[121.0047,14.50355],[121.00461,14.50336],[121.00377,14.50345],[121.00377,14.50354],[121.00359,14.50363],[121.00358,14.50381],[121.00368,14.50381],[121.00367,14.50399],[121.00377,14.50399],[121.00376,14.50444],[121.00386,14.50444],[121.00376,14.50462],[121.00385,14.50462],[121.00385,14.50525],[121.00394,14.50526],[121.00394,14.50535],[121.00375,14.50543],[121.00375,14.50553],[121.00357,14.50552],[121.00357,14.50561],[121.00329,14.50561],[121.00329,14.50579],[121.00347,14.50579],[121.00347,14.50588],[121.00384,14.50589],[121.00384,14.5058],[121.00403,14.5058],[121.00403,14.50571],[121.00449,14.50571],[121.00459,14.50589],[121.00477,14.5059],[121.00477,14.50599],[121.00505,14.50599],[121.00513,14.50662],[121.00541,14.50671],[121.00541,14.5068],[121.00588,14.50681],[121.00578,14.50717],[121.00597,14.50717],[121.00606,14.50699],[121.00717,14.50691],[121.00717,14.50682],[121.00736,14.50682],[121.00736,14.50673],[121.00754,14.50673],[121.00755,14.50637],[121.00773,14.50628],[121.00774,14.5061],[121.00783,14.5061],[121.00783,14.50556],[121.00774,14.50556],[121.00774,14.50529],[121.00765,14.50529],[121.00765,14.50493],[121.00756,14.50493],[121.00757,14.50447],[121.00812,14.50457],[121.00812,14.50466],[121.00831,14.50466],[121.0083,14.50475],[121.00868,14.50475],[121.00867,14.50484],[121.00886,14.50484],[121.00886,14.50494],[121.00951,14.50503],[121.0096,14.50521],[121.00978,14.50521],[121.00978,14.5053],[121.01006,14.50531],[121.01006,14.50549],[121.01034,14.50558],[121.01034,14.50567],[121.01062,14.50567],[121.01062,14.50576],[121.0108,14.50577],[121.0108,14.50586],[121.01108,14.50586],[121.01108,14.50595],[121.01126,14.50595],[121.01126,14.50604],[121.01154,14.50604],[121.01163,14.50622],[121.01182,14.50623],[121.01182,14.50632],[121.012,14.50632],[121.012,14.50641],[121.01228,14.50641],[121.01228,14.50632],[121.01209,14.50632],[121.012,14.50614],[121.01182,14.50614],[121.01154,14.50577],[121.01136,14.50577],[121.01136,14.50568],[121.01089,14.50568],[121.0109,14.50558],[121.01062,14.50549],[121.01053,14.50531],[121.01015,14.50531],[121.00988,14.50494],[121.00969,14.50494],[121.0097,14.50485],[121.00914,14.50467],[121.00905,14.5044],[121.00887,14.50439],[121.00887,14.5043],[121.00775,14.5042],[121.00775,14.50411],[121.00729,14.50375],[121.00729,14.50357],[121.00702,14.50338],[121.00693,14.50311],[121.00656,14.50302],[121.00638,14.50275],[121.00582,14.50256],[121.00573,14.50238],[121.00536,14.50229],[121.00536,14.5022],[121.00508,14.50219],[121.00499,14.50201],[121.00471,14.50201],[121.00471,14.50192],[121.00444,14.50183],[121.00434,14.50164],[121.00481,14.50165],[121.00481,14.50174],[121.00509,14.50174],[121.00518,14.50192],[121.00555,14.50192],[121.00564,14.50211],[121.00592,14.50211],[121.00592,14.5022],[121.0061,14.5022],[121.0061,14.50229],[121.00629,14.50229],[121.00629,14.50238],[121.00656,14.50239],[121.00656,14.50248],[121.00675,14.50248],[121.00684,14.50266],[121.00702,14.50266],[121.00703,14.50257],[121.00721,14.50248],[121.0073,14.50293],[121.00749,14.50294],[121.00758,14.50312],[121.00795,14.50312],[121.00795,14.50321],[121.00832,14.5033],[121.00841,14.50349],[121.00869,14.50349],[121.00878,14.50367],[121.00906,14.50367],[121.00915,14.50385],[121.00943,14.50386],[121.00942,14.50395],[121.0097,14.50404],[121.0097,14.50413],[121.00989,14.50413],[121.0098,14.50386],[121.01017,14.50395],[121.01035,14.50422],[121.01054,14.50423],[121.01063,14.50441],[121.01072,14.50441],[121.01072,14.50459],[121.01109,14.50459],[121.01109,14.50468],[121.0109,14.50468],[121.0109,14.50477],[121.01146,14.50487],[121.01146,14.50496],[121.01201,14.50496],[121.01201,14.50523],[121.01173,14.50532],[121.01182,14.50559],[121.0121,14.5056],[121.0121,14.50569],[121.01219,14.50569],[121.01219,14.5056],[121.01247,14.5056],[121.01238,14.50533],[121.01275,14.50533],[121.01275,14.50551],[121.01294,14.50551],[121.01293,14.5056],[121.01256,14.5056],[121.01256,14.50569],[121.01303,14.50578],[121.01303,14.50587],[121.01321,14.50588],[121.01321,14.50606],[121.01358,14.50606],[121.01358,14.50615],[121.01377,14.50615],[121.01386,14.50633],[121.01413,14.50624],[121.01423,14.50643],[121.0146,14.50652],[121.01487,14.50688],[121.01497,14.50689],[121.01497,14.5068],[121.01524,14.5068],[121.01524,14.50689],[121.01543,14.50689],[121.01552,14.50707],[121.0157,14.50707],[121.0158,14.50725],[121.01589,14.50725],[121.01589,14.50735],[121.01617,14.50744],[121.01617,14.50753],[121.01598,14.50753],[121.01598,14.50762],[121.01644,14.50753],[121.01653,14.50771],[121.01681,14.50771],[121.01681,14.50798],[121.01699,14.50808],[121.01699,14.50817],[121.01727,14.50826],[121.01736,14.50853],[121.01773,14.50863],[121.01773,14.50872],[121.01801,14.50872],[121.01801,14.50845],[121.01783,14.50835],[121.01783,14.50826],[121.01764,14.50826],[121.01746,14.50799],[121.01737,14.50799],[121.01718,14.50772],[121.017,14.50771],[121.01681,14.50744],[121.01645,14.50735],[121.01635,14.50717],[121.01617,14.50717],[121.01608,14.50699],[121.01589,14.50698],[121.01571,14.50671],[121.01552,14.50671],[121.01543,14.50653],[121.01534,14.50653],[121.01534,14.50644],[121.01506,14.50643],[121.01506,14.50652],[121.01497,14.50652],[121.01497,14.50634],[121.01469,14.50634],[121.01451,14.50607],[121.01423,14.50606],[121.01423,14.50588],[121.01404,14.50597],[121.01386,14.5057],[121.01349,14.5057],[121.01331,14.50543],[121.01284,14.50533],[121.01276,14.50497],[121.01257,14.50497],[121.01229,14.5046],[121.01202,14.5046],[121.01202,14.50451],[121.01183,14.50451],[121.01174,14.50433],[121.01156,14.50433],[121.01156,14.50423],[121.01091,14.50414],[121.01091,14.50405],[121.01063,14.50405],[121.01054,14.50386],[121.01026,14.50386],[121.01026,14.50377],[121.00989,14.50368],[121.00943,14.50313],[121.00915,14.50313],[121.00906,14.50295],[121.00851,14.50276],[121.00851,14.50267],[121.00832,14.50267],[121.00832,14.50276],[121.00851,14.50285],[121.00851,14.50294],[121.00869,14.50295],[121.00869,14.50313],[121.00888,14.50313],[121.00888,14.50331],[121.00943,14.50331],[121.00943,14.50358],[121.00952,14.50359],[121.00952,14.50368],[121.00943,14.50367],[121.00943,14.50377],[121.00924,14.50376],[121.00924,14.50358],[121.00906,14.50358],[121.00897,14.5034],[121.0085,14.5034],[121.00841,14.50322],[121.00823,14.50321],[121.00823,14.50312],[121.00804,14.50312],[121.00804,14.50303],[121.00767,14.50303],[121.00767,14.50294],[121.00749,14.50285],[121.00749,14.50257],[121.00721,14.50239],[121.00722,14.50221],[121.00712,14.50221],[121.00712,14.50239],[121.00693,14.50248],[121.00693,14.50239],[121.00666,14.50239],[121.00666,14.5023],[121.00647,14.5023],[121.00647,14.5022],[121.0061,14.50211],[121.0061,14.50202],[121.00583,14.50202],[121.00573,14.50184],[121.00555,14.50183],[121.00546,14.50165],[121.00499,14.50165],[121.00499,14.50156],[121.00472,14.50156],[121.00472,14.50147],[121.00435,14.50146],[121.00435,14.50137],[121.00425,14.50137],[121.00426,14.5011],[121.00407,14.50101],[121.00407,14.50083],[121.00417,14.50083],[121.00417,14.50074],[121.005,14.50075],[121.00491,14.50056],[121.00445,14.50047],[121.00445,14.50029],[121.00463,14.50029],[121.00464,14.5002],[121.00491,14.5002],[121.00491,14.50029],[121.00528,14.50039],[121.00537,14.50057],[121.00593,14.50066],[121.00593,14.50075],[121.00611,14.50075],[121.00611,14.50085],[121.0063,14.50085],[121.0063,14.50094],[121.00658,14.50094],[121.00658,14.50085],[121.00621,14.50076],[121.00612,14.50057],[121.00575,14.50057],[121.00565,14.50039],[121.00547,14.50039],[121.00547,14.5003],[121.00519,14.5003],[121.0051,14.50011],[121.00473,14.50002],[121.00473,14.49993],[121.00427,14.49984],[121.00418,14.49965],[121.0039,14.49965],[121.0039,14.49956],[121.00371,14.49956],[121.00371,14.49947],[121.00334,14.49947],[121.00334,14.49938],[121.00316,14.49938],[121.00316,14.49919],[121.00288,14.49919],[121.00288,14.4991],[121.00242,14.49901],[121.00224,14.49873],[121.00168,14.49855],[121.00168,14.49846],[121.00131,14.49845],[121.00131,14.49855],[121.00159,14.49864],[121.00168,14.49882],[121.00186,14.49882],[121.00186,14.49891],[121.00205,14.49891],[121.00214,14.4991],[121.00233,14.4991],[121.00242,14.49928],[121.00297,14.49946],[121.00297,14.49955],[121.00316,14.49956],[121.00316,14.49965],[121.00334,14.49974],[121.00334,14.49983],[121.00353,14.49983],[121.0038,14.50019],[121.00361,14.50028],[121.00352,14.50082],[121.00324,14.50091],[121.00324,14.50109],[121.00333,14.50109],[121.00342,14.50136],[121.00286,14.50127],[121.00277,14.50109],[121.00259,14.50109],[121.00259,14.501],[121.00222,14.50099],[121.00222,14.50108],[121.0024,14.50108],[121.0024,14.50127],[121.00286,14.50136],[121.00295,14.50163],[121.00184,14.50162],[121.00165,14.50189],[121.00147,14.50189],[121.00147,14.5018]],[[121.0098,14.50386],[121.00952,14.50386],[121.00952,14.50377],[121.00971,14.50368],[121.0098,14.50386]],[[121.00464,14.5002],[121.00427,14.5002],[121.00427,14.50011],[121.00454,14.50002],[121.00464,14.5002]],[[121.01709,14.50799],[121.01718,14.50799],[121.01718,14.50808],[121.01709,14.50808],[121.01709,14.50799]],[[121.0122,14.50532],[121.01219,14.50551],[121.01201,14.5055],[121.0121,14.50532],[121.0122,14.50532]],[[121.01127,14.50469],[121.01127,14.5046],[121.01146,14.5046],[121.01146,14.50469],[121.01127,14.50469]],[[121.00654,14.5051],[121.00635,14.5051],[121.00635,14.50501],[121.00654,14.50501],[121.00654,14.5051]],[[121.00573,14.50256],[121.00573,14.50265],[121.00554,14.50265],[121.00554,14.50256],[121.00573,14.50256]],[[121.00388,14.50119],[121.00398,14.50119],[121.00398,14.50128],[121.00388,14.50128],[121.00388,14.50119]],[[121.00388,14.50119],[121.0037,14.5011],[121.0037,14.50101],[121.00389,14.50101],[121.00388,14.50119]],[[121.00388,14.50164],[121.00369,14.50164],[121.0037,14.50155],[121.00388,14.50155],[121.00388,14.50164]]],[[[121.00147,14.5018],[121.00165,14.5018],[121.00176,14.50072],[121.00129,14.50062],[121.00129,14.50053],[121.00102,14.50044],[121.00101,14.50116],[121.00082,14.50125],[121.00082,14.50134],[121.00054,14.50134],[121.00053,14.5027],[121.00062,14.5027],[121.00062,14.50306],[121.00136,14.50297],[121.00137,14.50288],[121.00118,14.50288],[121.00118,14.50279],[121.0009,14.5027],[121.00091,14.50216],[121.001,14.50216],[121.001,14.50207],[121.00091,14.50207],[121.00082,14.50179],[121.00073,14.50179],[121.00082,14.50152],[121.00101,14.50144],[121.00101,14.50125],[121.0011,14.50126],[121.0011,14.50098],[121.0012,14.50099],[121.00129,14.5008],[121.00157,14.50081],[121.00147,14.5018]]],[[[121.00658,14.50094],[121.00658,14.50103],[121.00685,14.50103],[121.00686,14.50094],[121.00658,14.50094]]],[[[121.00722,14.50221],[121.00749,14.50221],[121.00758,14.50239],[121.00786,14.5024],[121.00786,14.50231],[121.00768,14.5023],[121.00759,14.50212],[121.00749,14.50212],[121.0075,14.50203],[121.00712,14.50203],[121.00712,14.50194],[121.00685,14.50185],[121.00685,14.50176],[121.00648,14.50166],[121.00657,14.50193],[121.00685,14.50194],[121.00684,14.50212],[121.00722,14.50212],[121.00722,14.50221]]],[[[121.00648,14.50166],[121.00639,14.50148],[121.00611,14.50139],[121.00611,14.5013],[121.00583,14.5013],[121.00592,14.50148],[121.00648,14.50166]]],[[[121.00583,14.5013],[121.00565,14.50102],[121.00546,14.50102],[121.00565,14.50129],[121.00583,14.5013]]],[[[121.00786,14.5024],[121.00804,14.50267],[121.00832,14.50267],[121.00823,14.50249],[121.00786,14.5024]]],[[[121.01792,14.50836],[121.01811,14.50836],[121.0181,14.50854],[121.01847,14.50881],[121.01847,14.5089],[121.01866,14.5089],[121.01866,14.50872],[121.01857,14.50872],[121.01866,14.50854],[121.01838,14.50845],[121.01829,14.50818],[121.01792,14.50808],[121.01792,14.50836]]],[[[121.01653,14.50771],[121.01635,14.50771],[121.01635,14.5078],[121.01653,14.5078],[121.01653,14.50771]]],[[[121.01598,14.50753],[121.01598,14.50744],[121.01579,14.50743],[121.01579,14.50752],[121.01598,14.50753]]],[[[121.0157,14.50734],[121.01561,14.50716],[121.01524,14.50716],[121.01524,14.50725],[121.0157,14.50734]]],[[[121.01515,14.50707],[121.01506,14.50689],[121.01497,14.50689],[121.01496,14.50707],[121.01515,14.50707]]],[[[121.00509,14.50084],[121.00509,14.50093],[121.00528,14.50093],[121.00528,14.50084],[121.00509,14.50084]]],[[[121.00685,14.50103],[121.00704,14.50131],[121.00732,14.50131],[121.00722,14.50113],[121.00685,14.50103]]],[[[121.00732,14.50131],[121.00732,14.5014],[121.00759,14.5014],[121.00768,14.50158],[121.00796,14.50158],[121.00796,14.50149],[121.00778,14.50149],[121.00769,14.50131],[121.00732,14.50131]]],[[[121.00796,14.50158],[121.00796,14.50168],[121.00815,14.50168],[121.00815,14.50159],[121.00796,14.50158]]],[[[121.00815,14.50168],[121.00815,14.50177],[121.00833,14.50177],[121.00833,14.50168],[121.00815,14.50168]]],[[[121.00833,14.50177],[121.00842,14.50195],[121.00879,14.50204],[121.00879,14.50213],[121.00907,14.50214],[121.00907,14.50223],[121.00944,14.50232],[121.00944,14.50241],[121.00972,14.50241],[121.00972,14.50232],[121.00944,14.50223],[121.00944,14.50214],[121.00916,14.50214],[121.00916,14.50205],[121.00889,14.50204],[121.00889,14.50195],[121.00833,14.50177]]],[[[121.01843,14.52345],[121.01844,14.52336],[121.01862,14.52336],[121.01862,14.52318],[121.01825,14.52318],[121.01825,14.52309],[121.01816,14.52309],[121.01816,14.52282],[121.01825,14.52282],[121.01835,14.52255],[121.01854,14.52246],[121.01854,14.5221],[121.01826,14.522],[121.01835,14.52246],[121.01826,14.52246],[121.01816,14.52264],[121.01798,14.52263],[121.01788,14.52281],[121.01798,14.52281],[121.01797,14.52318],[121.01825,14.52327],[121.01825,14.52345],[121.01843,14.52345]]],[[[121.01862,14.52382],[121.01862,14.52363],[121.01853,14.52363],[121.01852,14.52381],[121.01862,14.52382]]],[[[121.0185,14.52661],[121.01831,14.52661],[121.01831,14.5267],[121.0185,14.52671],[121.0185,14.52661]]],[[[121.01803,14.50637],[121.01803,14.50646],[121.01821,14.50646],[121.01822,14.50637],[121.01803,14.50637]]],[[[121.01821,14.50646],[121.01831,14.50664],[121.0184,14.50664],[121.0184,14.50628],[121.01831,14.50628],[121.01831,14.50646],[121.01821,14.50646]]],[[[121.01834,14.50321],[121.01834,14.5033],[121.01815,14.5033],[121.01815,14.50339],[121.01843,14.50357],[121.01843,14.50321],[121.01834,14.50321]]],[[[121.01829,14.50881],[121.01801,14.50881],[121.01801,14.5089],[121.01829,14.50899],[121.01829,14.50881]]],[[[121.01678,14.52181],[121.01632,14.5219],[121.01631,14.52199],[121.01641,14.52199],[121.0165,14.52226],[121.01668,14.52226],[121.01677,14.52244],[121.01696,14.52254],[121.01696,14.52272],[121.01705,14.52272],[121.01705,14.52245],[121.01724,14.52245],[121.01734,14.522],[121.01771,14.52191],[121.0178,14.52218],[121.01789,14.52218],[121.01789,14.52173],[121.0178,14.52173],[121.0178,14.52164],[121.01799,14.52164],[121.01799,14.52155],[121.01789,14.52155],[121.0179,14.52128],[121.01799,14.52128],[121.01799,14.5211],[121.01808,14.5211],[121.01809,14.52092],[121.01818,14.52092],[121.01809,14.52065],[121.0179,14.52074],[121.0179,14.52083],[121.01799,14.52083],[121.01799,14.52092],[121.0179,14.52092],[121.0179,14.52119],[121.01762,14.52137],[121.01743,14.52164],[121.01678,14.52172],[121.01678,14.52181]],[[121.01678,14.52181],[121.01687,14.52181],[121.01687,14.5219],[121.01678,14.5219],[121.01678,14.52181]],[[121.01771,14.52137],[121.0178,14.52137],[121.0178,14.52146],[121.01771,14.52146],[121.01771,14.52137]],[[121.01762,14.52164],[121.01762,14.52155],[121.01771,14.52155],[121.01771,14.52164],[121.01762,14.52164]],[[121.01715,14.52191],[121.01715,14.522],[121.01696,14.52199],[121.01696,14.5219],[121.01715,14.52191]],[[121.01715,14.52191],[121.01724,14.52172],[121.01743,14.52173],[121.01734,14.52191],[121.01715,14.52191]],[[121.01715,14.52236],[121.01696,14.52235],[121.01696,14.52226],[121.01715,14.52227],[121.01715,14.52236]]],[[[121.018,14.52065],[121.018,14.52038],[121.01772,14.52046],[121.01772,14.52055],[121.018,14.52065]]],[[[121.01705,14.52272],[121.01705,14.52281],[121.01696,14.52281],[121.01695,14.5229],[121.01714,14.5229],[121.01714,14.52272],[121.01705,14.52272]]],[[[121.01757,14.50573],[121.01757,14.50582],[121.01766,14.50582],[121.01757,14.50609],[121.01766,14.50609],[121.01766,14.506],[121.01803,14.5061],[121.01803,14.50601],[121.01813,14.50601],[121.01803,14.50583],[121.01757,14.50573]],[[121.01785,14.50601],[121.01785,14.50591],[121.01794,14.50592],[121.01794,14.50601],[121.01785,14.50601]]],[[[121.01776,14.50573],[121.01785,14.50573],[121.01785,14.50555],[121.01776,14.50555],[121.01776,14.50573]]],[[[121.01807,14.53375],[121.01797,14.53357],[121.01788,14.53357],[121.01788,14.53375],[121.01807,14.53375]]],[[[121.018,14.5098],[121.018,14.50944],[121.01763,14.50944],[121.01763,14.50971],[121.01772,14.50971],[121.01772,14.5098],[121.018,14.5098]]],[[[121.01768,14.5145],[121.01777,14.51432],[121.01796,14.51432],[121.01796,14.51387],[121.01778,14.51387],[121.01768,14.51405],[121.0174,14.51413],[121.0174,14.51422],[121.0175,14.51423],[121.01749,14.5145],[121.01768,14.5145]]],[[[121.01787,14.50302],[121.01788,14.50284],[121.0176,14.50293],[121.0176,14.50302],[121.01787,14.50302]]],[[[121.01771,14.50013],[121.01762,14.50013],[121.01762,14.50031],[121.01771,14.50031],[121.01771,14.50013]]],[[[121.01762,14.50058],[121.01771,14.50058],[121.01771,14.5004],[121.01762,14.5004],[121.01762,14.50058]]],[[[121.01762,14.50058],[121.01753,14.50058],[121.01752,14.50094],[121.01762,14.50094],[121.01762,14.50058]]],[[[121.01769,14.50329],[121.01769,14.5032],[121.0175,14.5032],[121.0175,14.50329],[121.01769,14.50329]]],[[[121.01699,14.49841],[121.01717,14.49841],[121.01717,14.49832],[121.01699,14.49832],[121.01699,14.49841]]],[[[121.01699,14.49841],[121.0168,14.49841],[121.0168,14.4985],[121.01699,14.4985],[121.01699,14.49841]]],[[[121.01717,14.49832],[121.01745,14.49832],[121.01745,14.49823],[121.01717,14.49823],[121.01717,14.49832]]],[[[121.01745,14.49823],[121.01764,14.49823],[121.01764,14.49814],[121.01736,14.49799],[121.01745,14.49823]]],[[[121.01496,14.51782],[121.01515,14.51782],[121.01515,14.51791],[121.01496,14.518],[121.01486,14.51827],[121.01468,14.51836],[121.01467,14.51854],[121.01495,14.51863],[121.01495,14.51881],[121.01504,14.51881],[121.01494,14.51945],[121.01513,14.51945],[121.01523,14.51918],[121.01532,14.51918],[121.01541,14.519],[121.0156,14.519],[121.01569,14.51873],[121.01588,14.51873],[121.01588,14.519],[121.01597,14.519],[121.01597,14.51909],[121.01625,14.5191],[121.01625,14.519],[121.01606,14.519],[121.01597,14.51882],[121.01625,14.51864],[121.01625,14.51855],[121.0157,14.5181],[121.01561,14.51774],[121.0157,14.51774],[121.0157,14.51755],[121.01589,14.51756],[121.01599,14.51729],[121.01617,14.51729],[121.01617,14.51711],[121.01655,14.51684],[121.01655,14.51675],[121.01692,14.51648],[121.0172,14.51612],[121.01729,14.51612],[121.0173,14.51594],[121.01757,14.51585],[121.01749,14.5154],[121.01739,14.5154],[121.0173,14.51576],[121.01711,14.51585],[121.01711,14.51603],[121.01692,14.51603],[121.01692,14.51621],[121.01627,14.51675],[121.01617,14.51693],[121.01608,14.51693],[121.01608,14.51702],[121.01599,14.51702],[121.01599,14.51711],[121.01589,14.5171],[121.01589,14.51719],[121.0158,14.51719],[121.01571,14.51737],[121.01561,14.51737],[121.01561,14.51746],[121.01543,14.51755],[121.01542,14.51764],[121.01496,14.51773],[121.01496,14.51782]],[[121.01515,14.51791],[121.01524,14.51791],[121.01524,14.51809],[121.01514,14.51809],[121.01515,14.51791]],[[121.01514,14.51836],[121.01514,14.51827],[121.01523,14.51827],[121.01523,14.51836],[121.01514,14.51836]]],[[[121.01625,14.51864],[121.01625,14.51873],[121.01653,14.51874],[121.01653,14.51865],[121.01625,14.51864]]],[[[121.01588,14.519],[121.01569,14.519],[121.01569,14.51918],[121.01578,14.51918],[121.01588,14.519]]],[[[121.01655,14.50545],[121.01674,14.50545],[121.01674,14.50527],[121.01655,14.50536],[121.01655,14.50545]]],[[[121.01655,14.50545],[121.01646,14.50545],[121.01646,14.50527],[121.01628,14.50536],[121.01637,14.50554],[121.01655,14.50554],[121.01655,14.50545]]],[[[121.01674,14.50545],[121.01674,14.50554],[121.0173,14.50555],[121.0173,14.50564],[121.01739,14.50564],[121.01739,14.50546],[121.01757,14.50537],[121.01758,14.50528],[121.0173,14.50519],[121.0173,14.50546],[121.01674,14.50545]]],[[[121.01743,14.50121],[121.01743,14.50094],[121.01734,14.50094],[121.01724,14.50121],[121.01743,14.50121]]],[[[121.01741,14.5032],[121.01741,14.50302],[121.01732,14.50302],[121.01732,14.5032],[121.01741,14.5032]]],[[[121.01332,14.51401],[121.01351,14.51392],[121.01351,14.51365],[121.01388,14.51365],[121.01389,14.51356],[121.01407,14.51365],[121.01454,14.51312],[121.01472,14.51312],[121.01482,14.51294],[121.015,14.51285],[121.01501,14.51267],[121.01529,14.51249],[121.01529,14.51231],[121.01557,14.51222],[121.01566,14.51195],[121.01585,14.51186],[121.01613,14.5115],[121.01641,14.51142],[121.01641,14.51115],[121.01669,14.51115],[121.01669,14.51106],[121.01678,14.51106],[121.01669,14.51079],[121.01678,14.51079],[121.01688,14.51052],[121.01716,14.51052],[121.01726,14.51007],[121.01716,14.51007],[121.01707,14.51025],[121.01688,14.51024],[121.01688,14.51043],[121.0166,14.51051],[121.01651,14.51078],[121.01641,14.51078],[121.01623,14.51105],[121.01557,14.51159],[121.01557,14.51168],[121.01538,14.51177],[121.0151,14.51213],[121.01492,14.51213],[121.01492,14.51222],[121.01455,14.51221],[121.01455,14.51212],[121.01464,14.51212],[121.01464,14.51167],[121.01474,14.51167],[121.01474,14.51149],[121.01492,14.51149],[121.01502,14.51122],[121.0153,14.51104],[121.0153,14.51086],[121.01558,14.51078],[121.01558,14.5106],[121.01549,14.51059],[121.01549,14.51069],[121.0153,14.51059],[121.0153,14.51077],[121.01511,14.51077],[121.01493,14.51113],[121.01465,14.51122],[121.01465,14.51149],[121.01437,14.51158],[121.01446,14.51194],[121.01427,14.51203],[121.01427,14.51221],[121.01445,14.5123],[121.01445,14.51266],[121.01436,14.51266],[121.01435,14.51284],[121.01371,14.51293],[121.01361,14.5132],[121.01342,14.5132],[121.01333,14.51302],[121.01343,14.51302],[121.01343,14.51293],[121.01324,14.51292],[121.01314,14.51329],[121.01305,14.51328],[121.01305,14.51356],[121.01277,14.51364],[121.01277,14.51373],[121.01259,14.51373],[121.01258,14.514],[121.01249,14.514],[121.01239,14.51445],[121.01267,14.51437],[121.01286,14.51383],[121.01305,14.51383],[121.01314,14.51365],[121.01333,14.51365],[121.01332,14.51401]],[[121.0137,14.51311],[121.01389,14.51302],[121.01398,14.51329],[121.01379,14.51329],[121.0137,14.51311]],[[121.01613,14.51141],[121.01613,14.51123],[121.01632,14.51123],[121.01622,14.51141],[121.01613,14.51141]],[[121.01482,14.51285],[121.01463,14.51285],[121.01454,14.51258],[121.01464,14.51258],[121.01464,14.51239],[121.01501,14.51231],[121.01501,14.51258],[121.01491,14.51258],[121.01482,14.51285]]],[[[121.01304,14.51455],[121.01313,14.51455],[121.01314,14.51437],[121.01304,14.51437],[121.01304,14.51455]]],[[[121.01314,14.51437],[121.01341,14.51419],[121.01332,14.51401],[121.01314,14.5141],[121.01314,14.51437]]],[[[121.01427,14.51203],[121.01427,14.51185],[121.01418,14.51185],[121.01418,14.51203],[121.01427,14.51203]]],[[[121.01549,14.5105],[121.01567,14.5106],[121.01567,14.51051],[121.01595,14.51033],[121.01596,14.51015],[121.01577,14.51014],[121.01549,14.5105]]],[[[121.01716,14.50031],[121.01725,14.50031],[121.01725,14.50004],[121.01716,14.50004],[121.01716,14.50031]]],[[[121.01716,14.50031],[121.01697,14.50031],[121.01697,14.50049],[121.01706,14.50049],[121.01716,14.50031]]],[[[121.01717,14.50907],[121.01689,14.50907],[121.01689,14.50925],[121.01717,14.50925],[121.01717,14.50907]]],[[[121.01707,14.49958],[121.01707,14.4994],[121.01689,14.49949],[121.01689,14.49958],[121.01707,14.49958]]],[[[121.01697,14.50085],[121.01706,14.50058],[121.01688,14.50057],[121.01687,14.50085],[121.01697,14.50085]]],[[[121.01676,14.5031],[121.01676,14.50319],[121.01704,14.5032],[121.01704,14.50302],[121.01676,14.5031]]],[[[121.01676,14.5031],[121.01686,14.50283],[121.01658,14.50283],[121.01658,14.50301],[121.01676,14.5031]]],[[[121.01703,14.52479],[121.01694,14.52479],[121.01694,14.52497],[121.01703,14.52498],[121.01703,14.52479]]],[[[121.01153,14.51779],[121.01134,14.51788],[121.01134,14.51797],[121.01153,14.51797],[121.01153,14.51779]]],[[[121.01171,14.51761],[121.0119,14.51761],[121.01218,14.51725],[121.01237,14.51726],[121.01274,14.51681],[121.01293,14.51681],[121.01293,14.51672],[121.01311,14.51681],[121.0133,14.51654],[121.01358,14.51654],[121.01367,14.51636],[121.0133,14.51645],[121.01331,14.51609],[121.01349,14.516],[121.01359,14.51582],[121.01386,14.51573],[121.01387,14.51555],[121.01415,14.51546],[121.01424,14.51528],[121.01452,14.51511],[121.01452,14.51492],[121.01462,14.51492],[121.01471,14.51474],[121.01489,14.51475],[121.01499,14.51448],[121.0148,14.51447],[121.0148,14.51456],[121.01434,14.51492],[121.01415,14.51519],[121.01396,14.51519],[121.01387,14.51546],[121.01368,14.51555],[121.0134,14.51591],[121.01331,14.51591],[121.01274,14.51654],[121.01265,14.51653],[121.01265,14.51662],[121.01237,14.51671],[121.01237,14.51689],[121.012,14.51716],[121.012,14.51734],[121.01172,14.51743],[121.01171,14.51761]]],[[[121.01499,14.51448],[121.01527,14.5143],[121.01527,14.51412],[121.01499,14.5143],[121.01499,14.51448]]],[[[121.01498,14.51511],[121.01526,14.51502],[121.01526,14.51484],[121.01498,14.51502],[121.01498,14.51511]]],[[[121.01536,14.51475],[121.01554,14.51475],[121.01573,14.51448],[121.01601,14.51449],[121.01601,14.51439],[121.01629,14.5144],[121.01629,14.51449],[121.01638,14.51449],[121.01638,14.51431],[121.0162,14.51431],[121.01611,14.51403],[121.01583,14.51403],[121.01583,14.51412],[121.01574,14.51412],[121.01573,14.51439],[121.01564,14.51439],[121.01536,14.51475]]],[[[121.01638,14.51449],[121.01638,14.51458],[121.01657,14.51458],[121.01657,14.51449],[121.01638,14.51449]]],[[[121.01651,14.50039],[121.0165,14.50057],[121.0166,14.50057],[121.0166,14.50039],[121.01651,14.50039]]],[[[121.01651,14.5003],[121.01669,14.5003],[121.01669,14.50003],[121.0166,14.50003],[121.01651,14.5003]]],[[[121.01549,14.49957],[121.01568,14.49957],[121.01568,14.49975],[121.01577,14.49975],[121.01568,14.49993],[121.01586,14.50003],[121.01586,14.49975],[121.01596,14.49975],[121.01605,14.49948],[121.01549,14.49948],[121.01549,14.49957]]],[[[121.01549,14.49957],[121.0154,14.49957],[121.0154,14.49975],[121.01549,14.49975],[121.01549,14.49957]]],[[[121.01605,14.49948],[121.01614,14.49948],[121.01615,14.49921],[121.01642,14.49922],[121.01643,14.49886],[121.01606,14.49885],[121.01615,14.49912],[121.01578,14.49912],[121.01578,14.49921],[121.01605,14.49921],[121.01605,14.49948]]],[[[121.01578,14.49921],[121.01568,14.49921],[121.01568,14.49939],[121.01577,14.49939],[121.01578,14.49921]]],[[[121.01652,14.49877],[121.01661,14.49877],[121.01671,14.4985],[121.01652,14.49849],[121.01652,14.49877]]],[[[121.01586,14.50003],[121.01595,14.50021],[121.01614,14.50012],[121.01614,14.50003],[121.01586,14.50003]]],[[[121.01614,14.50012],[121.01614,14.5003],[121.01623,14.5003],[121.01623,14.50012],[121.01614,14.50012]]],[[[121.01623,14.49994],[121.01642,14.49985],[121.01642,14.49967],[121.01623,14.49976],[121.01623,14.49994]]],[[[121.01641,14.53202],[121.01641,14.53193],[121.0166,14.53193],[121.0166,14.53175],[121.01632,14.53166],[121.01623,14.53193],[121.01641,14.53202]]],[[[121.01624,14.50979],[121.01605,14.50988],[121.01605,14.51006],[121.01633,14.51006],[121.01633,14.50997],[121.01642,14.50997],[121.01652,14.50961],[121.01624,14.5097],[121.01624,14.50979]],[[121.01624,14.50979],[121.01633,14.50979],[121.01633,14.50988],[121.01624,14.50988],[121.01624,14.50979]]],[[[121.0163,14.50292],[121.01648,14.50292],[121.01649,14.50283],[121.0163,14.50283],[121.0163,14.50292]]],[[[121.01627,14.52705],[121.01645,14.52705],[121.01645,14.52696],[121.01627,14.52696],[121.01627,14.52705]]],[[[121.01627,14.52705],[121.01608,14.52705],[121.0159,14.52732],[121.01617,14.52732],[121.01627,14.52705]]],[[[121.01621,14.53337],[121.01593,14.53337],[121.01593,14.53346],[121.01621,14.53355],[121.01621,14.53337]]],[[[121.01621,14.50292],[121.01621,14.50283],[121.01593,14.50274],[121.01593,14.50292],[121.01621,14.50292]]],[[[121.01471,14.5349],[121.01546,14.53494],[121.01537,14.53481],[121.01555,14.53481],[121.01555,14.53472],[121.01611,14.53473],[121.01611,14.53464],[121.01527,14.53463],[121.01527,14.53472],[121.01518,14.53472],[121.01518,14.53463],[121.01481,14.53454],[121.01481,14.53463],[121.01472,14.53463],[121.01471,14.5349]]],[[[121.016,14.50527],[121.01582,14.50499],[121.01572,14.50499],[121.01581,14.50527],[121.016,14.50527]]],[[[121.01385,14.50733],[121.01385,14.50751],[121.01394,14.50751],[121.01394,14.5076],[121.01422,14.5076],[121.0144,14.50787],[121.01468,14.50788],[121.01468,14.50797],[121.01486,14.50797],[121.01486,14.50806],[121.01505,14.50806],[121.01514,14.50824],[121.0156,14.50834],[121.01569,14.50852],[121.01597,14.50852],[121.01588,14.50834],[121.01551,14.50825],[121.01533,14.50797],[121.01505,14.50797],[121.01505,14.50788],[121.01468,14.50779],[121.01459,14.5076],[121.0144,14.5076],[121.0144,14.50751],[121.01422,14.50751],[121.01422,14.50742],[121.01385,14.50733]]],[[[121.0152,14.53246],[121.01538,14.53255],[121.01538,14.53264],[121.0152,14.53264],[121.0152,14.53273],[121.01557,14.53274],[121.01557,14.53265],[121.01566,14.53265],[121.01566,14.53256],[121.01557,14.53256],[121.01567,14.53228],[121.01557,14.53228],[121.01558,14.53192],[121.01576,14.53192],[121.01576,14.53183],[121.01548,14.53183],[121.01539,14.53228],[121.01529,14.53228],[121.0152,14.53246]]],[[[121.01576,14.53192],[121.01576,14.5321],[121.01585,14.5321],[121.01585,14.53192],[121.01576,14.53192]]],[[[121.01567,14.53228],[121.01576,14.53228],[121.01576,14.5321],[121.01567,14.5321],[121.01567,14.53228]]],[[[121.01249,14.52431],[121.01258,14.52449],[121.01267,14.52449],[121.01267,14.52467],[121.01239,14.52485],[121.01239,14.52503],[121.01258,14.52503],[121.01267,14.52485],[121.01295,14.52485],[121.01295,14.52521],[121.01276,14.52512],[121.01285,14.52539],[121.01304,14.52539],[121.01304,14.52548],[121.01322,14.52549],[121.01322,14.52558],[121.0135,14.52558],[121.01359,14.52522],[121.01341,14.52522],[121.01341,14.52513],[121.01378,14.52513],[121.01378,14.52522],[121.01387,14.52522],[121.01397,14.5245],[121.01369,14.5245],[121.0136,14.52468],[121.01369,14.52468],[121.01369,14.52477],[121.01351,14.52477],[121.01351,14.52486],[121.01323,14.52485],[121.01323,14.52467],[121.01351,14.52468],[121.01351,14.52431],[121.01342,14.52431],[121.01342,14.52449],[121.01314,14.52449],[121.01314,14.52431],[121.01305,14.52431],[121.01305,14.52413],[121.01314,14.52413],[121.01314,14.52395],[121.01323,14.52395],[121.01333,14.52377],[121.01314,14.52377],[121.01296,14.52404],[121.01277,14.52404],[121.01277,14.52395],[121.01268,14.52394],[121.01277,14.52368],[121.01249,14.52385],[121.0125,14.5234],[121.01259,14.5234],[121.01259,14.52331],[121.01241,14.52331],[121.01241,14.5234],[121.01222,14.5234],[121.01222,14.52349],[121.01231,14.52349],[121.0124,14.52394],[121.01268,14.52413],[121.01268,14.52431],[121.01249,14.52431]],[[121.01268,14.52431],[121.01286,14.52431],[121.01286,14.52449],[121.01277,14.52449],[121.01268,14.52431]],[[121.01295,14.52458],[121.01295,14.52476],[121.01286,14.52476],[121.01286,14.52458],[121.01295,14.52458]],[[121.01286,14.52422],[121.01277,14.52422],[121.01277,14.52413],[121.01286,14.52413],[121.01286,14.52422]]],[[[121.01203,14.52394],[121.01203,14.52403],[121.01221,14.52403],[121.01221,14.52394],[121.01203,14.52394]]],[[[121.01249,14.52476],[121.01249,14.52467],[121.0123,14.52467],[121.0123,14.52476],[121.01249,14.52476]]],[[[121.01222,14.5234],[121.01222,14.52322],[121.01231,14.52322],[121.01232,14.52304],[121.01213,14.52313],[121.01213,14.52331],[121.01203,14.52331],[121.01194,14.52349],[121.01213,14.52358],[121.01213,14.5234],[121.01222,14.5234]]],[[[121.01232,14.52304],[121.01269,14.52277],[121.01269,14.52259],[121.01232,14.52286],[121.01232,14.52304]]],[[[121.01269,14.52259],[121.01297,14.5225],[121.01297,14.52232],[121.01288,14.52232],[121.01297,14.52205],[121.01307,14.52205],[121.01306,14.52223],[121.01316,14.52223],[121.01325,14.52205],[121.01344,14.52196],[121.01344,14.52178],[121.01372,14.52169],[121.01372,14.5216],[121.01391,14.52152],[121.01391,14.52143],[121.01409,14.52134],[121.01409,14.52125],[121.01419,14.52125],[121.01419,14.52116],[121.01456,14.52089],[121.01484,14.52053],[121.01466,14.52053],[121.01428,14.52098],[121.014,14.52116],[121.014,14.52125],[121.01382,14.52124],[121.01381,14.52143],[121.01354,14.5216],[121.01344,14.52133],[121.01391,14.52097],[121.0141,14.5207],[121.01419,14.5207],[121.01419,14.52052],[121.01401,14.52052],[121.01401,14.52061],[121.01382,14.5207],[121.01382,14.52088],[121.01335,14.52124],[121.01335,14.52142],[121.01307,14.5216],[121.01307,14.52178],[121.01279,14.52196],[121.01279,14.52232],[121.01251,14.52232],[121.01251,14.52241],[121.01269,14.52241],[121.01269,14.52259]]],[[[121.01419,14.52052],[121.01447,14.52044],[121.01447,14.52026],[121.01466,14.52017],[121.01494,14.51981],[121.01513,14.51981],[121.01522,14.51999],[121.0155,14.5199],[121.0155,14.51963],[121.01541,14.51963],[121.01541,14.51981],[121.01531,14.51981],[121.01532,14.51954],[121.01513,14.51954],[121.01504,14.51972],[121.01448,14.5198],[121.01457,14.52008],[121.0142,14.52034],[121.01419,14.52052]]],[[[121.01532,14.51954],[121.0156,14.51945],[121.01559,14.51954],[121.01569,14.51954],[121.01578,14.51936],[121.0155,14.51936],[121.0155,14.51927],[121.01541,14.51927],[121.01532,14.51954]]],[[[121.01522,14.51999],[121.01513,14.51999],[121.01512,14.52017],[121.01494,14.52026],[121.01494,14.52044],[121.01522,14.52026],[121.01522,14.51999]]],[[[121.01361,14.50254],[121.0138,14.50254],[121.0138,14.50272],[121.01407,14.50281],[121.01398,14.50308],[121.01416,14.50308],[121.01416,14.50299],[121.01435,14.5029],[121.01435,14.50308],[121.01463,14.50309],[121.01472,14.50327],[121.0149,14.50327],[121.01499,14.50345],[121.01527,14.50345],[121.01527,14.50336],[121.01509,14.50336],[121.01509,14.50327],[121.01528,14.50327],[121.01528,14.50318],[121.0149,14.50318],[121.01491,14.50309],[121.015,14.50309],[121.015,14.50282],[121.01454,14.50282],[121.01454,14.50272],[121.01444,14.50272],[121.01444,14.50281],[121.01417,14.50281],[121.01417,14.50263],[121.01398,14.50263],[121.01398,14.50245],[121.01361,14.50244],[121.01361,14.50254]]],[[[121.01361,14.50254],[121.01306,14.50253],[121.01306,14.50244],[121.01296,14.50244],[121.01296,14.50262],[121.01342,14.50272],[121.01343,14.50263],[121.01361,14.50263],[121.01361,14.50254]]],[[[121.01537,14.50327],[121.01565,14.5031],[121.01565,14.50291],[121.01574,14.50291],[121.01574,14.50282],[121.01556,14.50282],[121.01556,14.50264],[121.01547,14.50264],[121.01547,14.50282],[121.01537,14.50282],[121.01537,14.50291],[121.01546,14.50291],[121.01537,14.50327]]],[[[121.01097,14.50784],[121.01134,14.50785],[121.01134,14.50776],[121.01162,14.50785],[121.01162,14.50767],[121.0119,14.50767],[121.01208,14.50794],[121.01236,14.50795],[121.01254,14.50822],[121.013,14.50831],[121.01319,14.50859],[121.01346,14.50859],[121.01365,14.50886],[121.01393,14.50886],[121.01393,14.50896],[121.01411,14.50896],[121.01411,14.50905],[121.01448,14.50905],[121.01466,14.50932],[121.01485,14.50932],[121.01485,14.50951],[121.01466,14.50959],[121.01466,14.50968],[121.01448,14.50968],[121.01438,14.50995],[121.01419,14.51004],[121.01382,14.51049],[121.01363,14.51049],[121.01363,14.51067],[121.01335,14.51085],[121.01335,14.51103],[121.01307,14.51112],[121.01298,14.51148],[121.01279,14.51148],[121.01279,14.51193],[121.01325,14.51184],[121.01353,14.51148],[121.01372,14.51148],[121.01381,14.51121],[121.01391,14.51121],[121.01437,14.51068],[121.01456,14.51059],[121.01456,14.51041],[121.01484,14.51023],[121.01484,14.51014],[121.01503,14.51005],[121.01503,14.50987],[121.0154,14.5096],[121.01541,14.50942],[121.01569,14.50933],[121.01559,14.50915],[121.01541,14.50915],[121.01532,14.50897],[121.01504,14.50896],[121.01486,14.50869],[121.01467,14.50869],[121.01449,14.50842],[121.0143,14.50842],[121.01412,14.50814],[121.01393,14.50814],[121.01375,14.50787],[121.01319,14.50768],[121.0131,14.5075],[121.01292,14.5075],[121.01274,14.50723],[121.01237,14.50713],[121.01237,14.50704],[121.01209,14.50704],[121.0119,14.5074],[121.01162,14.5074],[121.01162,14.50749],[121.01143,14.50749],[121.01143,14.50758],[121.01097,14.50757],[121.01097,14.50766],[121.01116,14.50767],[121.01115,14.50776],[121.01097,14.50775],[121.01097,14.50784]],[[121.01199,14.50731],[121.01208,14.50731],[121.01209,14.50722],[121.01236,14.50732],[121.01246,14.5075],[121.01264,14.5075],[121.01264,14.50759],[121.01282,14.50768],[121.01282,14.50777],[121.01338,14.50796],[121.01356,14.50823],[121.0131,14.50813],[121.01301,14.50795],[121.01282,14.50795],[121.01282,14.50786],[121.01254,14.50786],[121.01245,14.50768],[121.01208,14.50758],[121.01199,14.50731]],[[121.01375,14.50823],[121.01375,14.50832],[121.01365,14.50832],[121.01365,14.50823],[121.01375,14.50823]]],[[[121.01097,14.50784],[121.01087,14.50784],[121.01087,14.50812],[121.01096,14.50812],[121.01097,14.50784]]],[[[121.01561,14.52768],[121.01561,14.52759],[121.01543,14.52758],[121.01543,14.52767],[121.01561,14.52768]]],[[[121.00639,14.52199],[121.00648,14.522],[121.00648,14.52191],[121.00695,14.52191],[121.00695,14.52173],[121.00676,14.52173],[121.00676,14.52154],[121.00695,14.52146],[121.00695,14.52128],[121.00714,14.52119],[121.00714,14.52101],[121.00733,14.52092],[121.00733,14.52083],[121.0076,14.52083],[121.0076,14.52092],[121.0077,14.52092],[121.0077,14.52056],[121.00816,14.52047],[121.00817,14.52029],[121.00854,14.52021],[121.00854,14.51993],[121.00863,14.51994],[121.00873,14.51975],[121.0091,14.51967],[121.0091,14.51949],[121.00919,14.51949],[121.0092,14.51895],[121.00938,14.51886],[121.00948,14.51868],[121.00976,14.51859],[121.00976,14.51841],[121.01004,14.51823],[121.01014,14.51796],[121.01051,14.51787],[121.01051,14.51796],[121.0106,14.51796],[121.0106,14.51787],[121.01088,14.51788],[121.01088,14.51778],[121.01097,14.51779],[121.0107,14.51742],[121.01079,14.51742],[121.01079,14.51733],[121.01088,14.51733],[121.01126,14.51688],[121.01154,14.51671],[121.01154,14.51652],[121.01172,14.51653],[121.01173,14.51644],[121.01238,14.5159],[121.01247,14.51572],[121.01257,14.51572],[121.01266,14.51554],[121.01275,14.51554],[121.01294,14.51527],[121.01304,14.51527],[121.01313,14.51509],[121.01331,14.5151],[121.0135,14.51473],[121.01332,14.51473],[121.01332,14.51491],[121.01313,14.51491],[121.01266,14.51545],[121.01238,14.51554],[121.01238,14.51536],[121.01229,14.51536],[121.01192,14.51581],[121.01164,14.51598],[121.01163,14.51617],[121.01126,14.51634],[121.01117,14.51661],[121.01098,14.51661],[121.01079,14.51697],[121.01051,14.51706],[121.01051,14.51724],[121.01033,14.51724],[121.01023,14.51742],[121.01014,14.51742],[121.01014,14.5176],[121.00995,14.5176],[121.00995,14.51769],[121.00977,14.51778],[121.00976,14.51796],[121.00958,14.51796],[121.0093,14.51831],[121.00893,14.5184],[121.00883,14.51867],[121.00902,14.51867],[121.00902,14.51858],[121.00929,14.51849],[121.00939,14.51831],[121.00948,14.51831],[121.00948,14.5185],[121.00939,14.51849],[121.00929,14.51877],[121.00873,14.51921],[121.00873,14.51939],[121.00854,14.51939],[121.00854,14.51957],[121.00836,14.51966],[121.00836,14.51975],[121.00817,14.51975],[121.00817,14.51993],[121.00808,14.51993],[121.00798,14.52011],[121.0078,14.52011],[121.0077,14.52038],[121.00751,14.52047],[121.00723,14.52083],[121.00705,14.52083],[121.00695,14.52101],[121.00686,14.521],[121.00676,14.52145],[121.00639,14.52172],[121.00639,14.52199]],[[121.01079,14.5176],[121.01079,14.51769],[121.01069,14.51769],[121.01069,14.5176],[121.01079,14.5176]],[[121.0121,14.51581],[121.0121,14.5159],[121.01201,14.5159],[121.01201,14.51581],[121.0121,14.51581]],[[121.0121,14.51581],[121.0121,14.51572],[121.0122,14.51572],[121.0122,14.51581],[121.0121,14.51581]],[[121.0122,14.51572],[121.0122,14.51563],[121.01229,14.51563],[121.01229,14.51572],[121.0122,14.51572]]],[[[121.00481,14.52261],[121.00434,14.52297],[121.00434,14.52315],[121.00415,14.52324],[121.00415,14.52342],[121.00406,14.52342],[121.00396,14.52369],[121.00433,14.52369],[121.00452,14.52342],[121.00489,14.52352],[121.00489,14.52343],[121.00508,14.52343],[121.00508,14.52334],[121.00526,14.52325],[121.00526,14.52316],[121.00545,14.52316],[121.00545,14.52298],[121.00573,14.52289],[121.00601,14.52253],[121.0062,14.52253],[121.00629,14.52235],[121.00648,14.52236],[121.00657,14.52209],[121.0062,14.52199],[121.00592,14.52235],[121.00574,14.52235],[121.00564,14.52262],[121.00536,14.52262],[121.00545,14.5228],[121.00527,14.5228],[121.00517,14.52298],[121.00499,14.52298],[121.00499,14.52307],[121.0048,14.52307],[121.0048,14.52325],[121.00452,14.52324],[121.00452,14.52333],[121.00443,14.52333],[121.00452,14.52297],[121.00471,14.52297],[121.00481,14.52261]],[[121.00639,14.52218],[121.00639,14.52227],[121.00629,14.52226],[121.00629,14.52217],[121.00639,14.52218]]],[[[121.0049,14.52252],[121.00527,14.52226],[121.00527,14.52207],[121.0049,14.52234],[121.0049,14.52252]]],[[[121.00527,14.52207],[121.00537,14.52208],[121.00546,14.5219],[121.00528,14.52189],[121.00527,14.52207]]],[[[121.00556,14.52181],[121.00565,14.52181],[121.00565,14.52163],[121.00556,14.52163],[121.00556,14.52181]]],[[[121.00574,14.52154],[121.00593,14.52154],[121.00621,14.52118],[121.00602,14.52118],[121.00593,14.52136],[121.00575,14.52136],[121.00574,14.52154]]],[[[121.00575,14.52136],[121.00584,14.52109],[121.00593,14.52109],[121.00584,14.52063],[121.00557,14.52072],[121.00529,14.52063],[121.00529,14.52081],[121.00547,14.52081],[121.00547,14.5209],[121.00529,14.5209],[121.00528,14.52117],[121.00556,14.52108],[121.00556,14.52126],[121.00575,14.52136]],[[121.00575,14.52081],[121.00575,14.5209],[121.00566,14.5209],[121.00566,14.52081],[121.00575,14.52081]]],[[[121.00584,14.52063],[121.00603,14.52064],[121.00603,14.52046],[121.00612,14.52046],[121.00612,14.52036],[121.00603,14.52036],[121.00603,14.52009],[121.00594,14.52009],[121.00594,14.52027],[121.00585,14.52027],[121.00585,14.52036],[121.00594,14.52036],[121.00584,14.52063]]],[[[121.01238,14.51536],[121.01248,14.51536],[121.01248,14.51518],[121.01239,14.51518],[121.01238,14.51536]]],[[[121.0135,14.51473],[121.01378,14.51474],[121.01378,14.51465],[121.01387,14.51465],[121.01388,14.51447],[121.01453,14.51393],[121.01453,14.51375],[121.01397,14.5142],[121.01397,14.51429],[121.01379,14.51428],[121.01378,14.51438],[121.0136,14.51446],[121.0135,14.51473]]],[[[121.01453,14.51375],[121.01472,14.51375],[121.01481,14.51357],[121.015,14.51357],[121.015,14.51339],[121.01528,14.5133],[121.01537,14.51303],[121.01519,14.51303],[121.01481,14.51348],[121.01463,14.51348],[121.01453,14.51375]]],[[[121.00874,14.51876],[121.00855,14.51876],[121.00855,14.51885],[121.00818,14.51912],[121.00817,14.5193],[121.00808,14.5193],[121.00799,14.51948],[121.00817,14.51948],[121.00827,14.51921],[121.00874,14.51885],[121.00874,14.51876]]],[[[121.00789,14.51957],[121.0078,14.51957],[121.0078,14.51975],[121.00789,14.51975],[121.00789,14.51957]]],[[[121.0078,14.51975],[121.00761,14.51975],[121.00733,14.5201],[121.00752,14.52011],[121.0078,14.51975]]],[[[121.00715,14.52028],[121.00687,14.52037],[121.00687,14.52046],[121.00668,14.52055],[121.00668,14.52073],[121.00649,14.52073],[121.0064,14.52091],[121.0063,14.52091],[121.0063,14.52118],[121.0064,14.52118],[121.0064,14.521],[121.00649,14.521],[121.00658,14.52082],[121.00677,14.52082],[121.00677,14.52064],[121.00686,14.52064],[121.00696,14.52046],[121.00714,14.52046],[121.00715,14.52028]]],[[[121.01546,14.50346],[121.01537,14.50345],[121.01537,14.50363],[121.01546,14.50364],[121.01546,14.50346]]],[[[121.01543,14.5274],[121.01543,14.52722],[121.01525,14.52722],[121.01524,14.5274],[121.01543,14.5274]]],[[[121.01535,14.5049],[121.01526,14.50472],[121.01508,14.50472],[121.01517,14.5049],[121.01535,14.5049]]],[[[121.01534,14.52695],[121.01534,14.52677],[121.01525,14.52677],[121.01525,14.52695],[121.01534,14.52695]]],[[[121.01474,14.53246],[121.01502,14.53246],[121.01502,14.53237],[121.01511,14.53237],[121.01511,14.53183],[121.01521,14.53183],[121.01521,14.53165],[121.01484,14.53164],[121.01483,14.5321],[121.01493,14.5321],[121.01492,14.53219],[121.01474,14.53219],[121.01474,14.53246]]],[[[121.01489,14.50463],[121.01489,14.50454],[121.01508,14.50454],[121.01508,14.50445],[121.01462,14.50435],[121.0148,14.50462],[121.01489,14.50463]]],[[[121.0138,14.52323],[121.01398,14.52323],[121.01399,14.52314],[121.0138,14.52314],[121.0138,14.52323]]],[[[121.01417,14.52323],[121.01417,14.52342],[121.0138,14.52359],[121.01379,14.52432],[121.01425,14.52432],[121.01425,14.52423],[121.01407,14.52423],[121.01407,14.52396],[121.01426,14.52396],[121.01435,14.52369],[121.01472,14.5236],[121.01463,14.52342],[121.01454,14.52342],[121.01454,14.52324],[121.01473,14.52324],[121.01482,14.52297],[121.01501,14.52306],[121.01501,14.52288],[121.01473,14.52288],[121.01473,14.52306],[121.01436,14.52306],[121.01436,14.52315],[121.01445,14.52315],[121.01445,14.52342],[121.01417,14.52323]]],[[[121.01464,14.52261],[121.01464,14.5227],[121.01492,14.5227],[121.01492,14.52252],[121.01464,14.52261]]],[[[121.01464,14.52261],[121.01455,14.52243],[121.01445,14.52242],[121.01445,14.52261],[121.01464,14.52261]]],[[[121.0149,14.52415],[121.01481,14.52369],[121.01472,14.52369],[121.01472,14.52378],[121.01444,14.52378],[121.01435,14.52414],[121.01462,14.52414],[121.01463,14.52405],[121.0149,14.52415]]],[[[121.01451,14.52694],[121.01479,14.52685],[121.01479,14.52658],[121.01451,14.52667],[121.01451,14.52694]]],[[[121.01465,14.53164],[121.01447,14.53164],[121.01447,14.53173],[121.01465,14.53173],[121.01465,14.53164]]],[[[121.01465,14.5217],[121.01446,14.5217],[121.01446,14.52179],[121.01465,14.52179],[121.01465,14.5217]]],[[[121.01453,14.53472],[121.01453,14.53444],[121.01444,14.53444],[121.01444,14.53471],[121.01453,14.53472]]],[[[121.01231,14.50289],[121.01259,14.50289],[121.01259,14.50298],[121.01268,14.50298],[121.01278,14.5028],[121.01231,14.5028],[121.01231,14.50289]]],[[[121.01231,14.50289],[121.01203,14.50279],[121.01222,14.50307],[121.01231,14.50307],[121.01212,14.50343],[121.01249,14.5037],[121.01258,14.50388],[121.01314,14.50389],[121.01314,14.50398],[121.01332,14.50398],[121.01332,14.50407],[121.01369,14.50407],[121.0136,14.5038],[121.01332,14.50371],[121.01332,14.5038],[121.01323,14.5038],[121.01314,14.50353],[121.01295,14.50361],[121.01295,14.50352],[121.01277,14.50352],[121.01277,14.50334],[121.01259,14.50334],[121.01249,14.50316],[121.0124,14.50316],[121.01231,14.50289]],[[121.01249,14.50352],[121.01249,14.50343],[121.01258,14.50343],[121.01258,14.50352],[121.01249,14.50352]],[[121.0124,14.50334],[121.0124,14.50343],[121.0123,14.50343],[121.01231,14.50334],[121.0124,14.50334]]],[[[121.01369,14.50407],[121.01378,14.50425],[121.01397,14.50426],[121.01388,14.50407],[121.01369,14.50407]]],[[[121.01397,14.50426],[121.01397,14.50435],[121.01425,14.50435],[121.01425,14.50426],[121.01397,14.50426]]],[[[121.01425,14.50435],[121.01424,14.50444],[121.01443,14.50444],[121.01443,14.50435],[121.01425,14.50435]]],[[[121.01443,14.50435],[121.01452,14.50435],[121.01453,14.50417],[121.01434,14.50417],[121.01443,14.50435]]],[[[121.01418,14.53218],[121.01446,14.53218],[121.01446,14.532],[121.01428,14.53191],[121.01418,14.53218]]],[[[121.0144,14.51827],[121.01421,14.51826],[121.01421,14.51835],[121.0144,14.51836],[121.0144,14.51827]]],[[[121.01392,14.51962],[121.01392,14.51953],[121.0142,14.51953],[121.0142,14.51962],[121.01439,14.51962],[121.01439,14.51935],[121.0143,14.51935],[121.01421,14.51881],[121.01412,14.51881],[121.01412,14.51853],[121.01384,14.51862],[121.01384,14.5188],[121.01375,14.5188],[121.01374,14.51889],[121.01356,14.51898],[121.01356,14.51916],[121.01346,14.51916],[121.01355,14.51943],[121.01374,14.51953],[121.01374,14.51962],[121.01392,14.51962]]],[[[121.01362,14.52269],[121.01417,14.52269],[121.01417,14.5226],[121.0139,14.52251],[121.0139,14.5226],[121.01362,14.5226],[121.01362,14.52269]]],[[[121.014,14.532],[121.01409,14.532],[121.01409,14.53182],[121.014,14.53182],[121.014,14.532]]],[[[121.014,14.532],[121.01391,14.532],[121.01391,14.53182],[121.014,14.53182],[121.014,14.53173],[121.01381,14.53173],[121.01381,14.53182],[121.01372,14.53182],[121.01372,14.53218],[121.014,14.53218],[121.014,14.532]]],[[[121.01386,14.52676],[121.01404,14.52676],[121.01405,14.52667],[121.01386,14.52667],[121.01386,14.52676]]],[[[121.01399,14.53336],[121.0138,14.53335],[121.0138,14.53344],[121.01399,14.53345],[121.01399,14.53336]]],[[[121.01389,14.50317],[121.01389,14.50308],[121.0137,14.50308],[121.0137,14.50317],[121.01389,14.50317]]],[[[121.01361,14.53407],[121.01352,14.53407],[121.01351,14.53425],[121.01361,14.53425],[121.01361,14.53407]]],[[[121.01293,14.52693],[121.01321,14.52693],[121.01321,14.52684],[121.01293,14.52684],[121.01293,14.52693]]],[[[121.01293,14.52693],[121.01265,14.52702],[121.01265,14.52711],[121.01293,14.52711],[121.01293,14.52693]]],[[[121.01321,14.52693],[121.01321,14.52702],[121.01339,14.52702],[121.01339,14.52693],[121.01321,14.52693]]],[[[121.01339,14.52693],[121.01358,14.52693],[121.01358,14.52684],[121.0134,14.52684],[121.01339,14.52693]]],[[[121.01326,14.53217],[121.01335,14.53217],[121.01335,14.5319],[121.01298,14.5319],[121.01298,14.53199],[121.01288,14.53199],[121.01288,14.53217],[121.01316,14.53199],[121.01326,14.53217]]],[[[121.01326,14.53217],[121.01298,14.53226],[121.01297,14.53235],[121.01325,14.53235],[121.01326,14.53217]]],[[[121.01327,14.50931],[121.01318,14.50931],[121.01318,14.50949],[121.01327,14.50949],[121.01327,14.50931]]],[[[121.01325,14.53299],[121.01325,14.53281],[121.01306,14.53289],[121.01306,14.53299],[121.01325,14.53299]]],[[[121.01185,14.51291],[121.01213,14.51273],[121.01204,14.51255],[121.01195,14.51255],[121.01194,14.51273],[121.01185,14.51273],[121.01185,14.51291]]],[[[121.01232,14.51247],[121.01241,14.51247],[121.01241,14.5122],[121.01251,14.5122],[121.01251,14.51211],[121.01232,14.51201],[121.01232,14.51192],[121.01214,14.51192],[121.01214,14.51174],[121.01205,14.51174],[121.01204,14.51201],[121.01232,14.5121],[121.01232,14.51247]]],[[[121.01241,14.51247],[121.01232,14.51265],[121.01259,14.51274],[121.01259,14.51292],[121.01287,14.51274],[121.01287,14.51256],[121.01269,14.51256],[121.01269,14.51238],[121.01241,14.51247]]],[[[121.01287,14.51256],[121.01324,14.51256],[121.01324,14.51247],[121.01287,14.51247],[121.01287,14.51256]]],[[[121.01314,14.53425],[121.01296,14.53425],[121.01296,14.53434],[121.01314,14.53434],[121.01314,14.53425]]],[[[121.013,14.49846],[121.013,14.49819],[121.01291,14.49819],[121.01291,14.49846],[121.013,14.49846]]],[[[121.01261,14.53172],[121.01261,14.53181],[121.01279,14.53181],[121.0128,14.53163],[121.01261,14.53172]]],[[[121.0099,14.52365],[121.0099,14.52374],[121.01008,14.52374],[121.01008,14.52365],[121.0099,14.52365]]],[[[121.01008,14.52365],[121.01018,14.52365],[121.01018,14.5232],[121.01037,14.52311],[121.01037,14.52293],[121.01009,14.52311],[121.01008,14.52365]]],[[[121.01046,14.52284],[121.01055,14.52284],[121.01065,14.52266],[121.01037,14.52257],[121.01046,14.52284]]],[[[121.01074,14.52257],[121.01084,14.52257],[121.01093,14.5223],[121.01075,14.5223],[121.01074,14.52257]]],[[[121.01093,14.52203],[121.01103,14.52203],[121.01103,14.52221],[121.01112,14.52221],[121.01112,14.52203],[121.01149,14.52186],[121.01159,14.52159],[121.01177,14.52159],[121.01177,14.52141],[121.01196,14.52132],[121.01206,14.52105],[121.01224,14.52105],[121.01224,14.52087],[121.01252,14.52087],[121.01252,14.52096],[121.01261,14.52096],[121.01261,14.52078],[121.01224,14.52069],[121.01178,14.52123],[121.01159,14.52122],[121.01149,14.52159],[121.01131,14.52158],[121.01093,14.52203]]],[[[121.01252,14.52096],[121.01224,14.52105],[121.01224,14.52114],[121.01233,14.52114],[121.01233,14.5215],[121.01242,14.5215],[121.01242,14.52159],[121.0127,14.5216],[121.01279,14.52142],[121.0127,14.52141],[121.0127,14.52123],[121.01252,14.52114],[121.01252,14.52096]]],[[[121.01065,14.5223],[121.01047,14.5223],[121.01047,14.52239],[121.01065,14.52239],[121.01065,14.5223]]],[[[121.01256,14.50659],[121.01256,14.50668],[121.01274,14.50668],[121.01274,14.5066],[121.01256,14.50659]]],[[[121.01266,14.52593],[121.01266,14.52584],[121.01238,14.52566],[121.01248,14.52593],[121.01266,14.52593]]],[[[121.01193,14.51436],[121.01193,14.51427],[121.01212,14.51427],[121.01221,14.51409],[121.0123,14.51409],[121.0123,14.51382],[121.01212,14.51382],[121.01202,14.51409],[121.01184,14.51409],[121.01175,14.51427],[121.01165,14.51427],[121.01165,14.51436],[121.01193,14.51436]]],[[[121.01206,14.51002],[121.01206,14.50993],[121.01216,14.50993],[121.01216,14.50966],[121.01197,14.50957],[121.01197,14.50948],[121.0116,14.50939],[121.0116,14.50966],[121.01179,14.50957],[121.01188,14.51002],[121.01206,14.51002]]],[[[121.01075,14.51137],[121.01112,14.51137],[121.01121,14.51155],[121.0113,14.51155],[121.0113,14.51192],[121.01121,14.51191],[121.01102,14.51218],[121.01148,14.51228],[121.01139,14.51255],[121.01148,14.51255],[121.01148,14.51273],[121.01157,14.51273],[121.01158,14.51237],[121.01167,14.51237],[121.01167,14.51228],[121.01185,14.51228],[121.01185,14.51237],[121.01204,14.51246],[121.01204,14.51219],[121.01167,14.51192],[121.01167,14.51183],[121.01149,14.51183],[121.01149,14.51146],[121.01131,14.51146],[121.01131,14.51128],[121.0114,14.51128],[121.01131,14.5111],[121.01075,14.51128],[121.01075,14.51137]],[[121.01158,14.51192],[121.01158,14.5121],[121.01139,14.51201],[121.01139,14.51192],[121.01158,14.51192]]],[[[121.01203,14.51364],[121.01203,14.51346],[121.01185,14.51337],[121.01185,14.51328],[121.01166,14.51327],[121.01166,14.51336],[121.01175,14.51336],[121.01166,14.51354],[121.01194,14.51355],[121.01194,14.51364],[121.01203,14.51364]]],[[[121.01031,14.49844],[121.01031,14.49862],[121.0104,14.49862],[121.0104,14.49844],[121.01031,14.49844]]],[[[121.01031,14.49844],[121.01022,14.49808],[121.00994,14.49808],[121.01003,14.49835],[121.01031,14.49844]]],[[[121.0104,14.49862],[121.0104,14.4988],[121.01068,14.49881],[121.01068,14.4989],[121.01077,14.4989],[121.01077,14.49917],[121.01086,14.49917],[121.01086,14.49881],[121.01077,14.49881],[121.01077,14.49863],[121.0104,14.49862]]],[[[121.01086,14.49917],[121.01086,14.49926],[121.01114,14.49926],[121.01114,14.49908],[121.01086,14.49917]]],[[[121.01114,14.49926],[121.01114,14.49935],[121.01132,14.49935],[121.01132,14.49944],[121.01151,14.49944],[121.01141,14.49926],[121.01114,14.49926]]],[[[121.01151,14.49944],[121.0115,14.49954],[121.01178,14.49954],[121.01178,14.49945],[121.01151,14.49944]]],[[[121.01178,14.49945],[121.01197,14.49945],[121.01197,14.49936],[121.01179,14.49936],[121.01178,14.49945]]],[[[121.01091,14.52429],[121.01092,14.52402],[121.0111,14.52393],[121.01101,14.52366],[121.01092,14.52366],[121.01092,14.52384],[121.01082,14.52384],[121.01082,14.52429],[121.01091,14.52429]]],[[[121.011,14.52438],[121.01128,14.52475],[121.01147,14.52475],[121.01146,14.52493],[121.01156,14.52493],[121.01155,14.5252],[121.01137,14.52529],[121.01127,14.52556],[121.01118,14.52556],[121.01118,14.52601],[121.01155,14.52601],[121.01146,14.52574],[121.01155,14.52574],[121.01155,14.52556],[121.01164,14.52556],[121.01165,14.52538],[121.01174,14.52538],[121.01174,14.52511],[121.01183,14.52511],[121.01183,14.52502],[121.01165,14.52502],[121.01165,14.52484],[121.01184,14.52484],[121.01184,14.52475],[121.01165,14.52475],[121.01165,14.52466],[121.01147,14.52466],[121.01147,14.52457],[121.01119,14.52448],[121.01119,14.52402],[121.0111,14.52402],[121.0111,14.52438],[121.011,14.52438]]],[[[121.01136,14.52628],[121.01117,14.52628],[121.01117,14.52646],[121.01136,14.52656],[121.01136,14.52665],[121.01173,14.52665],[121.01172,14.52683],[121.01145,14.52692],[121.01135,14.52719],[121.01126,14.52719],[121.01126,14.52728],[121.01144,14.52728],[121.01144,14.52746],[121.01153,14.52746],[121.01163,14.52719],[121.01182,14.5271],[121.01182,14.52656],[121.01173,14.52656],[121.01173,14.52629],[121.01182,14.52629],[121.01182,14.5262],[121.01136,14.52619],[121.01136,14.52628]],[[121.01136,14.52628],[121.01164,14.52629],[121.01164,14.52647],[121.01145,14.52646],[121.01136,14.52628]]],[[[121.01167,14.52312],[121.01148,14.52312],[121.01129,14.52339],[121.01148,14.52339],[121.01138,14.52357],[121.01148,14.52357],[121.01157,14.52375],[121.01175,14.52376],[121.01166,14.52349],[121.01157,14.52348],[121.01167,14.52312]]],[[[121.01015,14.5157],[121.01034,14.51561],[121.01034,14.51552],[121.01016,14.51552],[121.01015,14.5157]]],[[[121.011,14.51489],[121.01127,14.5149],[121.01128,14.51472],[121.011,14.5148],[121.011,14.51489]]],[[[121.01128,14.51472],[121.01146,14.51472],[121.01165,14.51445],[121.01137,14.51445],[121.01128,14.51472]]],[[[121.01053,14.51552],[121.01044,14.51552],[121.01043,14.5157],[121.01053,14.5157],[121.01053,14.51552]]],[[[121.01006,14.51588],[121.01006,14.51606],[121.01015,14.51606],[121.01015,14.51588],[121.01006,14.51588]]],[[[121.01136,14.50532],[121.01164,14.50532],[121.01164,14.50523],[121.01136,14.50523],[121.01136,14.50532]]],[[[121.01129,14.50252],[121.01129,14.50261],[121.01111,14.50261],[121.01111,14.50252],[121.01074,14.50251],[121.01074,14.50242],[121.00981,14.50241],[121.00981,14.5025],[121.01,14.5025],[121.00999,14.5026],[121.01073,14.50269],[121.01073,14.50278],[121.01129,14.5027],[121.01129,14.50279],[121.01157,14.50279],[121.01157,14.50261],[121.01129,14.50252]]],[[[121.01116,14.52827],[121.01134,14.52818],[121.01125,14.52791],[121.01116,14.52791],[121.01116,14.52827]]],[[[121.01135,14.52782],[121.01144,14.52782],[121.01144,14.52755],[121.01135,14.52755],[121.01135,14.52782]]],[[[121.01125,14.51752],[121.01135,14.51734],[121.01144,14.51734],[121.01144,14.51725],[121.01116,14.51725],[121.01116,14.51733],[121.01107,14.51733],[121.01107,14.51751],[121.01125,14.51752]]],[[[121.01122,14.51056],[121.01113,14.51038],[121.01095,14.51037],[121.01095,14.51028],[121.01067,14.51019],[121.01067,14.51037],[121.01122,14.51056]]],[[[121.01086,14.50929],[121.01114,14.50929],[121.01114,14.50911],[121.01096,14.50911],[121.01086,14.50929]]],[[[121.01083,14.51254],[121.01083,14.51263],[121.01102,14.51272],[121.01102,14.51254],[121.01083,14.51254]]],[[[121.01083,14.51254],[121.01074,14.51209],[121.01046,14.51218],[121.01047,14.51209],[121.01028,14.512],[121.01028,14.51218],[121.01037,14.51218],[121.01037,14.51236],[121.01056,14.51236],[121.01055,14.51254],[121.01083,14.51254]]],[[[121.00947,14.51976],[121.00965,14.51976],[121.00966,14.51967],[121.00975,14.51967],[121.00994,14.5194],[121.01012,14.51941],[121.01012,14.51932],[121.01049,14.51932],[121.0105,14.51905],[121.01087,14.51905],[121.01087,14.51896],[121.01068,14.51896],[121.01059,14.51878],[121.01041,14.51877],[121.01003,14.51922],[121.00947,14.51967],[121.00947,14.51976]]],[[[121.01078,14.52881],[121.01069,14.52881],[121.01068,14.52917],[121.01078,14.52917],[121.01078,14.52881]]],[[[121.01081,14.51471],[121.01082,14.51444],[121.01072,14.51444],[121.01072,14.51471],[121.01081,14.51471]]],[[[121.01069,14.50757],[121.0106,14.5073],[121.01023,14.50721],[121.01023,14.50739],[121.01041,14.50739],[121.01041,14.50748],[121.01069,14.50757]]],[[[121.01023,14.50757],[121.01032,14.50784],[121.01078,14.50784],[121.01078,14.50775],[121.0105,14.50775],[121.0105,14.50766],[121.01023,14.50757]]],[[[121.01068,14.5083],[121.0105,14.50829],[121.0105,14.50838],[121.01068,14.50839],[121.01068,14.5083]]],[[[121.01068,14.52926],[121.01059,14.52926],[121.0105,14.52953],[121.01068,14.52953],[121.01068,14.52926]]],[[[121.01026,14.51453],[121.01044,14.51453],[121.01045,14.51444],[121.01063,14.51444],[121.01063,14.51435],[121.01026,14.51435],[121.01026,14.51453]]],[[[121.00938,14.50864],[121.00957,14.50865],[121.00957,14.50856],[121.00938,14.50846],[121.00938,14.50864]]],[[[121.00938,14.50864],[121.0091,14.50882],[121.0091,14.50909],[121.00975,14.50883],[121.00975,14.50874],[121.00947,14.50874],[121.00947,14.50883],[121.00938,14.50883],[121.00938,14.50864]]],[[[121.00975,14.50874],[121.01003,14.50874],[121.01003,14.50865],[121.00975,14.50865],[121.00975,14.50874]]],[[[121.01013,14.50865],[121.01003,14.5091],[121.00994,14.5091],[121.00993,14.50919],[121.00966,14.50919],[121.00965,14.50955],[121.00984,14.50955],[121.00984,14.50946],[121.00975,14.50946],[121.00984,14.50928],[121.01031,14.50929],[121.01031,14.5092],[121.01021,14.50919],[121.01022,14.50892],[121.0104,14.50892],[121.0104,14.50874],[121.01013,14.50865]]],[[[121.0104,14.50865],[121.01041,14.50847],[121.01031,14.50847],[121.01031,14.50865],[121.0104,14.50865]]],[[[121.0059,14.51431],[121.00627,14.51422],[121.00655,14.51386],[121.00683,14.51377],[121.00683,14.51359],[121.00711,14.51351],[121.00711,14.51333],[121.0074,14.51315],[121.0074,14.51297],[121.00758,14.51288],[121.00759,14.5127],[121.00796,14.5127],[121.00777,14.51315],[121.00795,14.51315],[121.00795,14.51288],[121.00823,14.51297],[121.00823,14.51288],[121.00842,14.51288],[121.00842,14.51298],[121.00851,14.51298],[121.00851,14.51289],[121.00897,14.51289],[121.00897,14.51307],[121.00907,14.51307],[121.00916,14.51289],[121.00935,14.5128],[121.00935,14.51262],[121.00925,14.51262],[121.00916,14.5128],[121.0087,14.51271],[121.0087,14.51234],[121.00852,14.51225],[121.00843,14.51153],[121.00871,14.51144],[121.00871,14.51135],[121.00917,14.51135],[121.00917,14.51145],[121.00945,14.51145],[121.00963,14.51172],[121.00982,14.51172],[121.00982,14.51181],[121.01,14.51181],[121.01001,14.51172],[121.01028,14.51173],[121.01028,14.51182],[121.01037,14.51182],[121.01047,14.51164],[121.01056,14.51164],[121.01056,14.51146],[121.01038,14.51154],[121.01029,14.51073],[121.0102,14.51073],[121.0102,14.51046],[121.01039,14.51046],[121.01039,14.51037],[121.01011,14.51037],[121.01002,14.51019],[121.00965,14.51018],[121.00965,14.51027],[121.00992,14.51028],[121.00992,14.51037],[121.01002,14.51037],[121.01002,14.51046],[121.00992,14.51046],[121.00992,14.51082],[121.01011,14.51082],[121.0101,14.51091],[121.01001,14.51091],[121.00992,14.51118],[121.00973,14.51109],[121.00973,14.51091],[121.00964,14.51091],[121.00974,14.51073],[121.00946,14.51081],[121.00946,14.51072],[121.00937,14.51072],[121.00937,14.51045],[121.00927,14.51045],[121.00918,14.51063],[121.00844,14.51054],[121.00844,14.51081],[121.00862,14.5109],[121.00862,14.51108],[121.00853,14.51108],[121.00843,14.51135],[121.00834,14.51135],[121.00834,14.51117],[121.00825,14.51117],[121.00825,14.51135],[121.00815,14.51135],[121.00824,14.51153],[121.00797,14.51153],[121.00797,14.51116],[121.00788,14.51116],[121.00787,14.51134],[121.0076,14.51125],[121.00769,14.51152],[121.00778,14.51152],[121.00778,14.5117],[121.00787,14.5117],[121.00778,14.51188],[121.00787,14.51188],[121.00787,14.51216],[121.00768,14.51215],[121.00768,14.51234],[121.00713,14.51224],[121.00712,14.51242],[121.0074,14.51251],[121.0074,14.5127],[121.00721,14.51269],[121.00712,14.51314],[121.00674,14.51341],[121.00674,14.51359],[121.00656,14.51359],[121.00637,14.51386],[121.00618,14.51386],[121.00618,14.51395],[121.006,14.51404],[121.0059,14.51431]],[[121.00964,14.51091],[121.00964,14.511],[121.00955,14.511],[121.00955,14.51091],[121.00964,14.51091]],[[121.00899,14.51081],[121.00899,14.51072],[121.00909,14.51072],[121.00909,14.51081],[121.00899,14.51081]],[[121.00824,14.51252],[121.00851,14.51252],[121.00851,14.51261],[121.00823,14.51261],[121.00824,14.51252]]],[[[121.00571,14.5144],[121.0059,14.5144],[121.0059,14.51431],[121.00571,14.51431],[121.00571,14.5144]]],[[[121.00571,14.5144],[121.00553,14.5144],[121.00543,14.51458],[121.00562,14.51458],[121.00571,14.5144]]],[[[121.00841,14.51315],[121.00841,14.51343],[121.0086,14.51343],[121.0086,14.51361],[121.00869,14.51361],[121.00879,14.51334],[121.0086,14.51334],[121.0086,14.51325],[121.00841,14.51315]]],[[[121.01024,14.52673],[121.01043,14.52673],[121.01043,14.52664],[121.01024,14.52664],[121.01024,14.52673]]],[[[121.01004,14.50811],[121.01004,14.50802],[121.00985,14.50802],[121.00985,14.50793],[121.00967,14.50783],[121.00967,14.50756],[121.00958,14.50756],[121.00958,14.50783],[121.00948,14.50783],[121.00948,14.50792],[121.00976,14.50802],[121.00976,14.50811],[121.01004,14.50811]]],[[[121.01013,14.5082],[121.01013,14.50829],[121.01041,14.50829],[121.01041,14.5082],[121.01013,14.5082]]],[[[121.00947,14.52952],[121.00966,14.52952],[121.00966,14.52943],[121.00948,14.52943],[121.00947,14.52952]]],[[[121.00947,14.52952],[121.0092,14.52952],[121.0092,14.52961],[121.00892,14.5297],[121.00892,14.52979],[121.00827,14.52978],[121.00827,14.52987],[121.00901,14.52988],[121.00901,14.52979],[121.00919,14.52979],[121.0092,14.5297],[121.00938,14.5297],[121.00947,14.52952]]],[[[121.00975,14.52934],[121.00994,14.52934],[121.01003,14.52953],[121.01031,14.52953],[121.01031,14.52944],[121.01003,14.52934],[121.01003,14.52925],[121.00976,14.52925],[121.00975,14.52934]]],[[[121.01005,14.5166],[121.01024,14.51661],[121.01024,14.51642],[121.01006,14.51642],[121.01005,14.5166]]],[[[121.00914,14.525],[121.00989,14.52492],[121.0098,14.52473],[121.00998,14.52474],[121.00998,14.52455],[121.0098,14.52455],[121.0098,14.52464],[121.00961,14.52464],[121.00961,14.52473],[121.00915,14.52473],[121.00905,14.52491],[121.00915,14.52491],[121.00914,14.525]]],[[[121.00979,14.52555],[121.00979,14.52537],[121.00998,14.52537],[121.00998,14.5251],[121.00989,14.5251],[121.00988,14.52519],[121.00942,14.52518],[121.00942,14.52527],[121.0096,14.52537],[121.0096,14.52555],[121.00979,14.52555]]],[[[121.00959,14.52717],[121.00959,14.52708],[121.00978,14.52708],[121.00978,14.52699],[121.00996,14.52699],[121.00996,14.52681],[121.00987,14.52681],[121.00987,14.5269],[121.00959,14.5269],[121.00959,14.52699],[121.0094,14.52708],[121.0094,14.52717],[121.00959,14.52717]]],[[[121.00995,14.50747],[121.00995,14.50738],[121.00977,14.50738],[121.00977,14.50747],[121.00995,14.50747]]],[[[121.00981,14.51244],[121.00981,14.51235],[121.00944,14.51226],[121.00944,14.51244],[121.00981,14.51244]]],[[[121.00969,14.51534],[121.0097,14.51515],[121.0096,14.51515],[121.0096,14.51533],[121.00969,14.51534]]],[[[121.00987,14.52663],[121.00969,14.52663],[121.00969,14.52672],[121.00987,14.52672],[121.00987,14.52663]]],[[[121.00962,14.52338],[121.00981,14.52302],[121.00963,14.52302],[121.00963,14.52284],[121.00935,14.52292],[121.00926,14.52274],[121.00916,14.52274],[121.00916,14.52283],[121.00907,14.52283],[121.00907,14.5231],[121.00916,14.5231],[121.00916,14.52319],[121.00944,14.52319],[121.00944,14.52337],[121.00962,14.52338]]],[[[121.00979,14.51443],[121.00961,14.51443],[121.00961,14.51452],[121.00979,14.51452],[121.00979,14.51443]]],[[[121.00922,14.51669],[121.0094,14.51669],[121.00941,14.5166],[121.00922,14.5166],[121.00922,14.51669]]],[[[121.00939,14.50783],[121.00939,14.50765],[121.0093,14.50765],[121.00921,14.50747],[121.00902,14.50747],[121.00875,14.5071],[121.00838,14.50701],[121.00829,14.50683],[121.0081,14.50683],[121.0081,14.50674],[121.00792,14.50674],[121.00801,14.50701],[121.00828,14.5071],[121.00847,14.50737],[121.00884,14.50747],[121.00911,14.50783],[121.00939,14.50783]]],[[[121.0091,14.52012],[121.00928,14.52012],[121.00928,14.51994],[121.00919,14.51994],[121.0091,14.52012]]],[[[121.00915,14.51407],[121.00906,14.51406],[121.00906,14.51425],[121.00915,14.51425],[121.00915,14.51407]]],[[[121.00867,14.52635],[121.00867,14.52608],[121.00876,14.52608],[121.00876,14.52599],[121.00904,14.5259],[121.00904,14.52581],[121.00923,14.52581],[121.00914,14.52563],[121.00858,14.52563],[121.00858,14.52554],[121.00849,14.52554],[121.00849,14.52563],[121.00821,14.52571],[121.00821,14.52581],[121.0083,14.52581],[121.00821,14.52599],[121.00839,14.52608],[121.00839,14.52635],[121.00867,14.52635]]],[[[121.00896,14.5147],[121.00905,14.5147],[121.00905,14.51434],[121.00896,14.51434],[121.00896,14.5147]]],[[[121.00837,14.52825],[121.00837,14.52834],[121.00856,14.52843],[121.00865,14.52825],[121.00893,14.52816],[121.00903,14.52789],[121.00884,14.52789],[121.00884,14.5278],[121.00856,14.52771],[121.00856,14.52798],[121.00884,14.52798],[121.00884,14.52807],[121.00865,14.52807],[121.00856,14.52825],[121.00837,14.52825]]],[[[121.00837,14.52825],[121.00838,14.52807],[121.00828,14.52806],[121.00828,14.52825],[121.00837,14.52825]]],[[[121.00874,14.50837],[121.00902,14.50837],[121.00902,14.50828],[121.00874,14.50828],[121.00874,14.50837]]],[[[121.00874,14.50837],[121.00855,14.50837],[121.00855,14.50828],[121.00874,14.50828],[121.00874,14.50819],[121.00846,14.50818],[121.00846,14.5081],[121.00874,14.5081],[121.00874,14.50801],[121.00893,14.50801],[121.00893,14.50792],[121.00846,14.50791],[121.00846,14.50801],[121.00837,14.508],[121.00836,14.50855],[121.00827,14.50854],[121.00827,14.50882],[121.00799,14.50881],[121.00799,14.5089],[121.00827,14.509],[121.00826,14.50936],[121.00854,14.50936],[121.00854,14.50927],[121.00836,14.50927],[121.00836,14.509],[121.00845,14.509],[121.00845,14.50909],[121.00882,14.50909],[121.00882,14.509],[121.00864,14.50891],[121.00864,14.50846],[121.00874,14.50846],[121.00874,14.50837]]],[[[121.00891,14.52039],[121.00872,14.52039],[121.00872,14.52048],[121.00891,14.52048],[121.00891,14.52039]]],[[[121.00881,14.51018],[121.00881,14.51036],[121.009,14.51036],[121.009,14.51018],[121.00881,14.51018]]],[[[121.00877,14.52491],[121.00896,14.52491],[121.00896,14.52482],[121.00877,14.52482],[121.00877,14.52491]]],[[[121.00533,14.52605],[121.00514,14.52614],[121.00514,14.5265],[121.00505,14.5265],[121.00495,14.52695],[121.00514,14.52695],[121.00532,14.52723],[121.00551,14.52723],[121.00541,14.5275],[121.00569,14.52768],[121.00569,14.52777],[121.00559,14.52777],[121.00559,14.52804],[121.00531,14.52804],[121.00531,14.52831],[121.00513,14.52831],[121.00512,14.52912],[121.00503,14.52912],[121.00502,14.52984],[121.00493,14.52984],[121.00492,14.53021],[121.00502,14.53021],[121.00502,14.5303],[121.00548,14.5303],[121.00548,14.53021],[121.00557,14.53021],[121.00557,14.52994],[121.00548,14.52994],[121.00548,14.52976],[121.00558,14.52976],[121.00549,14.52949],[121.00558,14.52949],[121.00558,14.5294],[121.0053,14.52939],[121.0053,14.52931],[121.00521,14.5293],[121.00522,14.5284],[121.0054,14.5284],[121.0054,14.52822],[121.00568,14.52822],[121.00568,14.52813],[121.00596,14.52814],[121.00596,14.52805],[121.00606,14.52805],[121.00606,14.52778],[121.00587,14.52777],[121.00587,14.52759],[121.00597,14.52759],[121.00597,14.52768],[121.00652,14.52769],[121.00643,14.52751],[121.00662,14.52751],[121.00662,14.52742],[121.00615,14.52741],[121.00615,14.5275],[121.00569,14.5275],[121.00569,14.52732],[121.0056,14.52732],[121.00569,14.52705],[121.00532,14.52678],[121.00533,14.52605]]],[[[121.00543,14.52596],[121.00561,14.52596],[121.00561,14.52587],[121.0057,14.52587],[121.0057,14.52596],[121.00598,14.52597],[121.00598,14.52588],[121.007,14.52589],[121.0071,14.52571],[121.00719,14.52571],[121.00719,14.52589],[121.00728,14.52589],[121.00737,14.52616],[121.00746,14.52616],[121.00737,14.52661],[121.00746,14.52661],[121.00746,14.5267],[121.00774,14.5267],[121.00792,14.52707],[121.00773,14.52716],[121.00773,14.52725],[121.00727,14.52724],[121.00727,14.52733],[121.00708,14.52733],[121.00708,14.52742],[121.0068,14.52742],[121.0068,14.5276],[121.0069,14.5276],[121.0069,14.52751],[121.00736,14.52751],[121.00736,14.52742],[121.0081,14.52734],[121.0081,14.52743],[121.0082,14.52743],[121.00819,14.5277],[121.00829,14.5277],[121.00829,14.52743],[121.00847,14.52743],[121.00847,14.52762],[121.00856,14.52762],[121.00857,14.52734],[121.00875,14.52735],[121.00875,14.52717],[121.00894,14.52708],[121.00894,14.52699],[121.00876,14.52698],[121.00857,14.52725],[121.00848,14.52725],[121.00848,14.52716],[121.00811,14.52716],[121.00811,14.52698],[121.00801,14.52698],[121.00802,14.52644],[121.00793,14.52643],[121.00793,14.52625],[121.00783,14.52625],[121.00775,14.52571],[121.00756,14.52562],[121.00756,14.52553],[121.00701,14.52552],[121.00701,14.52534],[121.00682,14.52534],[121.00682,14.52552],[121.00534,14.52551],[121.00524,14.52587],[121.00543,14.52587],[121.00543,14.52596]]],[[[121.00534,14.52551],[121.00525,14.52515],[121.00534,14.52515],[121.00534,14.52479],[121.00544,14.52479],[121.00553,14.52443],[121.00535,14.52443],[121.00525,14.52479],[121.00516,14.52478],[121.00515,14.52542],[121.00534,14.52551]]],[[[121.00553,14.52443],[121.00562,14.52443],[121.00563,14.52425],[121.00553,14.52425],[121.00553,14.52443]]],[[[121.00572,14.52416],[121.00591,14.52407],[121.00591,14.52389],[121.00572,14.52398],[121.00572,14.52416]]],[[[121.00829,14.5277],[121.00828,14.52788],[121.00838,14.52788],[121.00838,14.5277],[121.00829,14.5277]]],[[[121.00874,14.51804],[121.00893,14.51804],[121.00893,14.51795],[121.00874,14.51795],[121.00874,14.51804]]],[[[121.00802,14.5165],[121.00773,14.51658],[121.00773,14.51676],[121.00783,14.51676],[121.00773,14.51713],[121.00792,14.51704],[121.00791,14.51722],[121.00819,14.51713],[121.0082,14.51686],[121.00848,14.51686],[121.00848,14.51677],[121.0082,14.51677],[121.00802,14.5165]],[[121.00811,14.51668],[121.0081,14.51704],[121.00801,14.51704],[121.00801,14.51668],[121.00811,14.51668]]],[[[121.00802,14.5165],[121.00829,14.5165],[121.00839,14.51632],[121.0082,14.51632],[121.0082,14.51641],[121.00802,14.51641],[121.00802,14.5165]]],[[[121.00839,14.51632],[121.00857,14.51632],[121.00857,14.51641],[121.00866,14.51641],[121.00867,14.51623],[121.00839,14.51623],[121.00839,14.51632]]],[[[121.00866,14.51641],[121.00866,14.51659],[121.00876,14.51659],[121.00876,14.51641],[121.00866,14.51641]]],[[[121.0081,14.51722],[121.0081,14.51731],[121.00829,14.51731],[121.00829,14.51722],[121.0081,14.51722]]],[[[121.00858,14.51587],[121.00858,14.51596],[121.00876,14.51596],[121.00876,14.51587],[121.00858,14.51587]]],[[[121.00863,14.50963],[121.00826,14.50963],[121.00826,14.50972],[121.00844,14.50981],[121.00844,14.5099],[121.00872,14.50999],[121.00872,14.50972],[121.00863,14.50972],[121.00863,14.50963]]],[[[121.00822,14.52499],[121.00849,14.52499],[121.0085,14.5249],[121.00822,14.5249],[121.00822,14.52499]]],[[[121.00812,14.51505],[121.00812,14.51514],[121.0083,14.51514],[121.0083,14.51541],[121.00839,14.51541],[121.00849,14.51514],[121.00831,14.51505],[121.00831,14.51487],[121.00822,14.51487],[121.00821,14.51505],[121.00812,14.51505]]],[[[121.00812,14.51505],[121.00812,14.51496],[121.00794,14.51496],[121.00794,14.51505],[121.00812,14.51505]]],[[[121.00807,14.51008],[121.00807,14.5099],[121.00798,14.5099],[121.00798,14.51008],[121.00807,14.51008]]],[[[121.00492,14.52054],[121.00492,14.52063],[121.0051,14.52072],[121.00529,14.52045],[121.00557,14.52027],[121.00557,14.52009],[121.00539,14.52009],[121.00529,14.52027],[121.0052,14.52027],[121.0052,14.52045],[121.00492,14.52054]]],[[[121.00492,14.52054],[121.00492,14.52036],[121.00473,14.52035],[121.00464,14.52017],[121.00483,14.52017],[121.00483,14.52008],[121.0052,14.52009],[121.0052,14.52018],[121.00529,14.52018],[121.00529,14.51991],[121.00557,14.51982],[121.00557,14.51973],[121.00576,14.51973],[121.00576,14.51964],[121.00613,14.51964],[121.00613,14.51973],[121.00641,14.51974],[121.00641,14.51983],[121.0065,14.51983],[121.0065,14.51965],[121.00632,14.51955],[121.00632,14.51946],[121.00651,14.51937],[121.0065,14.51947],[121.0066,14.51947],[121.0066,14.51919],[121.00678,14.51911],[121.00679,14.51901],[121.00697,14.51911],[121.00697,14.51893],[121.0066,14.51892],[121.00632,14.51928],[121.00595,14.51928],[121.00595,14.51946],[121.00576,14.51946],[121.00576,14.51955],[121.0053,14.51955],[121.0053,14.51973],[121.00511,14.51981],[121.00502,14.51999],[121.00464,14.51999],[121.00446,14.52026],[121.00455,14.52026],[121.00464,14.52044],[121.00492,14.52054]]],[[[121.00669,14.51919],[121.00669,14.51938],[121.00678,14.51938],[121.00678,14.5192],[121.00669,14.51919]]],[[[121.00697,14.51893],[121.00716,14.51902],[121.00725,14.51875],[121.00707,14.51866],[121.00697,14.51893]]],[[[121.00725,14.51875],[121.00735,14.51875],[121.00735,14.51857],[121.00725,14.51857],[121.00725,14.51875]]],[[[121.00735,14.51857],[121.00753,14.51866],[121.00753,14.51848],[121.00763,14.51848],[121.00772,14.51866],[121.00799,14.51866],[121.008,14.51857],[121.0079,14.51857],[121.0079,14.51848],[121.00809,14.51848],[121.008,14.51821],[121.00818,14.51821],[121.00809,14.51794],[121.00791,14.51794],[121.00791,14.5183],[121.00763,14.51821],[121.00763,14.51839],[121.00753,14.51839],[121.00754,14.51821],[121.00735,14.51821],[121.00735,14.5183],[121.00744,14.5183],[121.00735,14.51857]],[[121.00781,14.51839],[121.00781,14.51848],[121.00772,14.51848],[121.00772,14.51839],[121.00781,14.51839]]],[[[121.00735,14.5183],[121.00716,14.5183],[121.00707,14.51848],[121.00726,14.51848],[121.00735,14.5183]]],[[[121.00557,14.52009],[121.00576,14.52009],[121.00576,14.51991],[121.00566,14.51991],[121.00557,14.52009]]],[[[121.00557,14.52027],[121.00557,14.52045],[121.00566,14.52045],[121.00566,14.52027],[121.00557,14.52027]]],[[[121.00797,14.52174],[121.00778,14.52173],[121.00769,14.52155],[121.0075,14.52155],[121.00741,14.52173],[121.00732,14.52173],[121.00732,14.52191],[121.00722,14.52191],[121.00722,14.52227],[121.00741,14.52218],[121.0075,14.52182],[121.00797,14.52183],[121.00797,14.52174]]],[[[121.00799,14.509],[121.0078,14.50908],[121.0078,14.50926],[121.00799,14.50927],[121.00799,14.509]]],[[[121.00795,14.51324],[121.00786,14.51324],[121.00786,14.51342],[121.00795,14.51342],[121.00795,14.51324]]],[[[121.00784,14.52517],[121.00794,14.52517],[121.00794,14.52481],[121.00776,14.52481],[121.00775,14.52508],[121.00785,14.52508],[121.00784,14.52517]]],[[[121.00784,14.52517],[121.00766,14.52517],[121.00766,14.52535],[121.00784,14.52526],[121.00784,14.52517]]],[[[121.0078,14.50963],[121.00761,14.50962],[121.00761,14.50971],[121.0078,14.50972],[121.0078,14.50963]]],[[[121.0078,14.50953],[121.0078,14.50944],[121.00761,14.50944],[121.00761,14.50953],[121.0078,14.50953]]],[[[121.00753,14.50827],[121.00753,14.50845],[121.00772,14.50845],[121.00772,14.50836],[121.00753,14.50827]]],[[[121.00753,14.50827],[121.00753,14.508],[121.00744,14.508],[121.00735,14.50827],[121.00753,14.50827]]],[[[121.00775,14.51514],[121.00766,14.51514],[121.00765,14.5155],[121.00774,14.5155],[121.00775,14.51514]]],[[[121.00754,14.51812],[121.00754,14.51803],[121.00763,14.51803],[121.00763,14.51785],[121.00745,14.51794],[121.00744,14.51812],[121.00754,14.51812]]],[[[121.00762,14.50881],[121.00743,14.50881],[121.00743,14.5089],[121.00762,14.5089],[121.00762,14.50881]]],[[[121.00748,14.5136],[121.00758,14.5136],[121.00758,14.51342],[121.00749,14.51342],[121.00748,14.5136]]],[[[121.00751,14.51107],[121.00751,14.51098],[121.00732,14.51098],[121.00732,14.51107],[121.00751,14.51107]]],[[[121.00706,14.52941],[121.00725,14.52941],[121.00725,14.52932],[121.00744,14.52941],[121.00744,14.52923],[121.00725,14.52914],[121.00726,14.52878],[121.00698,14.52887],[121.00706,14.52941]]],[[[121.00706,14.52941],[121.00688,14.52941],[121.00688,14.5295],[121.00706,14.5295],[121.00706,14.52941]]],[[[121.0072,14.51396],[121.00739,14.51396],[121.00739,14.51387],[121.0072,14.51387],[121.0072,14.51396]]],[[[121.00642,14.50853],[121.00641,14.5088],[121.00651,14.5088],[121.00651,14.50889],[121.0066,14.50889],[121.0066,14.5088],[121.00688,14.5089],[121.00688,14.50881],[121.00734,14.50881],[121.00734,14.50872],[121.00716,14.50872],[121.00716,14.50863],[121.00679,14.50862],[121.00679,14.50853],[121.00669,14.50853],[121.00669,14.50862],[121.00651,14.50862],[121.00651,14.50853],[121.00642,14.50853]]],[[[121.00642,14.50853],[121.00642,14.50826],[121.00623,14.50835],[121.00623,14.50853],[121.00614,14.50853],[121.00614,14.50844],[121.00605,14.50844],[121.00605,14.50816],[121.00568,14.50789],[121.00568,14.5078],[121.0054,14.50789],[121.0054,14.50798],[121.00559,14.50798],[121.00558,14.50816],[121.0054,14.50816],[121.0054,14.50825],[121.00586,14.50825],[121.00586,14.50834],[121.00577,14.50834],[121.00586,14.50898],[121.00576,14.50898],[121.00576,14.50907],[121.00604,14.50907],[121.00604,14.5088],[121.00642,14.50853]]],[[[121.00732,14.53131],[121.00733,14.53113],[121.00696,14.53104],[121.00714,14.53131],[121.00732,14.53131]]],[[[121.00726,14.52815],[121.00726,14.52797],[121.00717,14.52797],[121.00717,14.52815],[121.00726,14.52815]]],[[[121.00662,14.51721],[121.00661,14.51748],[121.00671,14.51748],[121.00671,14.51739],[121.00699,14.51739],[121.00699,14.51757],[121.00708,14.51757],[121.00708,14.5173],[121.00662,14.51721]]],[[[121.00662,14.51721],[121.00662,14.51703],[121.00643,14.51702],[121.00643,14.51693],[121.00597,14.51693],[121.00597,14.51684],[121.00579,14.51684],[121.00579,14.51666],[121.00551,14.51675],[121.00551,14.51684],[121.00569,14.51693],[121.00569,14.51711],[121.00606,14.5172],[121.00606,14.51729],[121.00662,14.51721]]],[[[121.00726,14.52842],[121.00726,14.52824],[121.00717,14.52824],[121.00717,14.52842],[121.00726,14.52842]]],[[[121.00714,14.53158],[121.00677,14.53158],[121.00677,14.53167],[121.00714,14.53167],[121.00714,14.53158]]],[[[121.00707,14.50835],[121.00716,14.50817],[121.0066,14.50817],[121.0066,14.50826],[121.00697,14.50826],[121.00697,14.50835],[121.00707,14.50835]]],[[[121.00706,14.51956],[121.00715,14.51956],[121.00715,14.51938],[121.00706,14.51938],[121.00706,14.51956]]],[[[121.00699,14.51685],[121.00699,14.51676],[121.00681,14.51676],[121.0068,14.51685],[121.00699,14.51685]]],[[[121.00694,14.51224],[121.00695,14.51152],[121.00685,14.51151],[121.00676,14.51169],[121.00685,14.5117],[121.00685,14.51224],[121.00694,14.51224]]],[[[121.0067,14.51802],[121.0067,14.51793],[121.00689,14.51793],[121.00689,14.51784],[121.0067,14.51784],[121.00671,14.51757],[121.00661,14.51757],[121.00661,14.51802],[121.0067,14.51802]]],[[[121.00688,14.52878],[121.00689,14.5285],[121.0067,14.5285],[121.00679,14.52877],[121.00688,14.52878]]],[[[121.0064,14.53094],[121.00649,14.53094],[121.0065,14.53076],[121.00668,14.53085],[121.00677,14.53085],[121.00677,14.53076],[121.00659,14.53067],[121.00659,14.53058],[121.0064,14.53058],[121.0064,14.53094]]],[[[121.0064,14.53094],[121.00631,14.53094],[121.00631,14.53112],[121.0064,14.53112],[121.0064,14.53094]]],[[[121.00675,14.51305],[121.00684,14.51278],[121.00666,14.51278],[121.00665,14.51296],[121.00647,14.51296],[121.00656,14.51314],[121.00675,14.51305]]],[[[121.00667,14.51097],[121.00639,14.51097],[121.00639,14.51106],[121.00667,14.51106],[121.00667,14.51097]]],[[[121.00651,14.51883],[121.00651,14.51865],[121.0066,14.51865],[121.0066,14.51856],[121.00633,14.51865],[121.00633,14.51874],[121.00651,14.51883]]],[[[121.00619,14.51305],[121.00619,14.51314],[121.00638,14.51314],[121.00638,14.51305],[121.00619,14.51305]]],[[[121.00606,14.51747],[121.00606,14.51756],[121.00634,14.51757],[121.00634,14.51747],[121.00606,14.51747]]],[[[121.00472,14.5115],[121.00472,14.51141],[121.00435,14.5114],[121.00435,14.51149],[121.00416,14.51149],[121.00416,14.51167],[121.00444,14.51159],[121.00444,14.5115],[121.00472,14.5115]]],[[[121.00481,14.5115],[121.00537,14.5115],[121.00537,14.51141],[121.00481,14.51141],[121.00481,14.5115]]],[[[121.00537,14.51141],[121.00565,14.51141],[121.00574,14.51123],[121.00546,14.51123],[121.00537,14.51141]]],[[[121.00584,14.51115],[121.00611,14.51115],[121.00611,14.51106],[121.00584,14.51106],[121.00584,14.51115]]],[[[121.00611,14.51106],[121.0063,14.51106],[121.0063,14.51097],[121.00612,14.51097],[121.00611,14.51106]]],[[[121.00608,14.51503],[121.00608,14.51494],[121.00589,14.51494],[121.00589,14.51503],[121.00608,14.51503]]],[[[121.00588,14.51648],[121.0057,14.51648],[121.0057,14.51657],[121.00588,14.51657],[121.00588,14.51648]]],[[[121.00544,14.51376],[121.00535,14.51358],[121.00517,14.51358],[121.00516,14.51367],[121.00507,14.51367],[121.00507,14.51394],[121.00526,14.51394],[121.00526,14.51376],[121.00544,14.51376]]],[[[121.00468,14.51556],[121.00468,14.51565],[121.00496,14.51566],[121.00496,14.51548],[121.00468,14.51556]]],[[[121.00496,14.51548],[121.00524,14.51548],[121.00524,14.51539],[121.00496,14.5153],[121.00496,14.51548]]],[[[121.00494,14.50825],[121.00475,14.50834],[121.00465,14.5086],[121.00391,14.5086],[121.00391,14.50896],[121.004,14.50896],[121.004,14.50869],[121.00419,14.50869],[121.00419,14.50887],[121.00465,14.50879],[121.00465,14.50869],[121.00493,14.50852],[121.00494,14.50825]]],[[[121.00477,14.51647],[121.00477,14.51638],[121.00495,14.51638],[121.00495,14.51629],[121.00468,14.5162],[121.00468,14.51611],[121.0044,14.5161],[121.0044,14.51619],[121.00459,14.51619],[121.00458,14.51638],[121.00477,14.51647]]],[[[121.00461,14.5133],[121.00461,14.51339],[121.00489,14.5134],[121.00489,14.51313],[121.00471,14.51312],[121.0048,14.51331],[121.00461,14.5133]]],[[[121.00471,14.51312],[121.00471,14.51285],[121.00434,14.51285],[121.00434,14.51276],[121.00415,14.51267],[121.00406,14.51294],[121.00424,14.51303],[121.00433,14.51321],[121.00443,14.51321],[121.00443,14.51312],[121.00471,14.51312]]],[[[121.00097,14.51598],[121.00097,14.51616],[121.00106,14.51617],[121.00106,14.51608],[121.00143,14.51608],[121.00143,14.51617],[121.00152,14.51617],[121.00143,14.51635],[121.00162,14.51635],[121.00161,14.51653],[121.00152,14.51653],[121.00152,14.51671],[121.0018,14.51689],[121.00179,14.51708],[121.00189,14.51708],[121.00189,14.51689],[121.00207,14.5169],[121.00208,14.51644],[121.00199,14.51644],[121.00199,14.51626],[121.00227,14.51618],[121.00227,14.51609],[121.0018,14.51608],[121.0018,14.51617],[121.00162,14.51617],[121.00162,14.51572],[121.00153,14.51572],[121.00135,14.51544],[121.00125,14.51544],[121.00125,14.51572],[121.00106,14.51571],[121.00106,14.51598],[121.00097,14.51598]]],[[[121.00097,14.51598],[121.00097,14.5158],[121.00088,14.5158],[121.00088,14.51598],[121.00097,14.51598]]],[[[121.00207,14.5169],[121.00198,14.51717],[121.00207,14.51717],[121.00207,14.51753],[121.00198,14.51753],[121.00188,14.51771],[121.0016,14.51762],[121.00151,14.5178],[121.00123,14.51779],[121.00123,14.51761],[121.00114,14.51761],[121.00114,14.51788],[121.0016,14.51789],[121.00169,14.51816],[121.0015,14.51825],[121.0016,14.51852],[121.00141,14.51852],[121.00141,14.51861],[121.00113,14.51852],[121.00113,14.51888],[121.00122,14.51888],[121.00122,14.51906],[121.00168,14.51897],[121.00168,14.51906],[121.00178,14.51906],[121.00177,14.51942],[121.00159,14.51942],[121.0015,14.51924],[121.00122,14.51924],[121.00112,14.51996],[121.0014,14.51996],[121.0014,14.51978],[121.00158,14.51978],[121.00158,14.52005],[121.00214,14.51997],[121.00214,14.51988],[121.00223,14.51988],[121.00223,14.51997],[121.00251,14.52015],[121.00251,14.52006],[121.0026,14.52006],[121.00261,14.51961],[121.00233,14.51961],[121.00233,14.51952],[121.00252,14.51943],[121.00252,14.51934],[121.0027,14.51934],[121.00261,14.51907],[121.00289,14.51925],[121.00289,14.51952],[121.00298,14.51952],[121.00288,14.51971],[121.00316,14.51971],[121.00317,14.51926],[121.00335,14.51926],[121.00334,14.52007],[121.00344,14.52007],[121.00334,14.52116],[121.00343,14.52116],[121.00342,14.52143],[121.00333,14.52143],[121.00333,14.52152],[121.00342,14.52152],[121.00351,14.52206],[121.0037,14.52206],[121.00379,14.52188],[121.00407,14.52188],[121.00407,14.52179],[121.00416,14.52179],[121.00417,14.5217],[121.00407,14.5217],[121.00417,14.52152],[121.00398,14.52152],[121.00379,14.52179],[121.0037,14.52179],[121.0037,14.52161],[121.00352,14.52152],[121.00353,14.52052],[121.00362,14.52052],[121.00361,14.52089],[121.00399,14.52089],[121.00399,14.5208],[121.00417,14.5208],[121.00417,14.52071],[121.00445,14.52053],[121.00445,14.52044],[121.00427,14.52044],[121.00418,14.52026],[121.00399,14.52035],[121.0039,14.52017],[121.00381,14.52017],[121.00381,14.52007],[121.00437,14.52008],[121.00437,14.51999],[121.00409,14.51999],[121.00409,14.51981],[121.0039,14.51971],[121.00391,14.51962],[121.00372,14.51962],[121.00372,14.51953],[121.00354,14.51944],[121.00354,14.51917],[121.00344,14.51917],[121.00345,14.51908],[121.00354,14.51908],[121.00354,14.51881],[121.00345,14.51881],[121.00345,14.51863],[121.00336,14.51863],[121.00336,14.51817],[121.00364,14.518],[121.00374,14.51754],[121.00411,14.51755],[121.00411,14.51691],[121.00421,14.51691],[121.0043,14.51674],[121.00449,14.51683],[121.00449,14.51674],[121.00486,14.51674],[121.00486,14.51665],[121.00458,14.51656],[121.00458,14.51647],[121.00421,14.51655],[121.00412,14.51673],[121.00375,14.51664],[121.00375,14.51619],[121.00384,14.51619],[121.00384,14.5161],[121.00375,14.5161],[121.00375,14.51583],[121.00366,14.51583],[121.00329,14.51628],[121.0031,14.51636],[121.0031,14.51663],[121.003,14.51663],[121.00301,14.51645],[121.00273,14.51654],[121.00282,14.51672],[121.00272,14.51672],[121.00263,14.51717],[121.00253,14.51717],[121.00253,14.51726],[121.00263,14.51726],[121.00262,14.51753],[121.00225,14.51753],[121.00226,14.5169],[121.00207,14.5169]],[[121.00271,14.51898],[121.00261,14.51898],[121.00261,14.51889],[121.00271,14.51889],[121.00271,14.51898]],[[121.00224,14.51898],[121.00196,14.51897],[121.00196,14.51879],[121.00187,14.51879],[121.00187,14.5187],[121.00196,14.5187],[121.00197,14.51834],[121.00188,14.51834],[121.00188,14.51816],[121.00216,14.51816],[121.00216,14.51825],[121.00225,14.51825],[121.00225,14.51816],[121.00253,14.51817],[121.00252,14.51844],[121.00234,14.51853],[121.00234,14.51889],[121.00224,14.51889],[121.00224,14.51898]],[[121.00215,14.51907],[121.00215,14.51916],[121.00205,14.51916],[121.00205,14.51906],[121.00215,14.51907]],[[121.00177,14.51988],[121.00168,14.51988],[121.00168,14.51979],[121.00177,14.51979],[121.00177,14.51988]]],[[[121.00227,14.51609],[121.00245,14.51609],[121.00245,14.516],[121.00227,14.516],[121.00227,14.51609]]],[[[121.00151,14.51752],[121.00151,14.51725],[121.00142,14.51725],[121.00142,14.51752],[121.00151,14.51752]]],[[[121.00417,14.52152],[121.00482,14.52099],[121.00473,14.52071],[121.00464,14.52071],[121.00454,14.52107],[121.00417,14.52125],[121.00417,14.52152]]],[[[121.00481,14.51231],[121.00462,14.51231],[121.00462,14.51249],[121.0048,14.51249],[121.00481,14.51231]]],[[[121.00477,14.52704],[121.00458,14.52704],[121.00458,14.52722],[121.00467,14.52722],[121.00477,14.52704]]],[[[121.00438,14.52812],[121.00476,14.52812],[121.00476,14.52803],[121.00439,14.52803],[121.00438,14.52812]]],[[[121.0041,14.52848],[121.0041,14.52893],[121.00419,14.52893],[121.00419,14.52902],[121.00447,14.52903],[121.00447,14.52894],[121.00475,14.52885],[121.00475,14.5284],[121.00466,14.52839],[121.00447,14.52867],[121.00429,14.52866],[121.0042,14.52848],[121.0041,14.52848]]],[[[121.00419,14.52902],[121.00391,14.52902],[121.00391,14.52911],[121.00419,14.52911],[121.00419,14.52902]]],[[[121.00346,14.50679],[121.00328,14.50688],[121.00328,14.50706],[121.00383,14.50715],[121.00392,14.50733],[121.00411,14.50733],[121.0042,14.50752],[121.00429,14.50752],[121.00429,14.50761],[121.00457,14.50752],[121.00457,14.50743],[121.00429,14.50734],[121.0042,14.50707],[121.00365,14.50697],[121.00365,14.50688],[121.00346,14.50688],[121.00346,14.50679]]],[[[121.00378,14.5227],[121.00378,14.52297],[121.00397,14.52297],[121.00406,14.5227],[121.00434,14.52261],[121.00453,14.52207],[121.00435,14.52216],[121.00435,14.52225],[121.00416,14.52225],[121.00416,14.52243],[121.00406,14.52243],[121.00397,14.5227],[121.00378,14.5227]]],[[[121.00423,14.51466],[121.00423,14.51447],[121.00414,14.51447],[121.00414,14.51465],[121.00423,14.51466]]],[[[121.00429,14.52812],[121.00429,14.52803],[121.00411,14.52803],[121.00411,14.52812],[121.00429,14.52812]]],[[[121.00426,14.53164],[121.00426,14.53147],[121.00417,14.53146],[121.00417,14.53164],[121.00426,14.53164]]],[[[121.00416,14.51203],[121.00416,14.51185],[121.00397,14.51194],[121.00397,14.51203],[121.00416,14.51203]]],[[[121.00391,14.50833],[121.0041,14.50824],[121.0041,14.50806],[121.00392,14.50806],[121.00383,14.50788],[121.00364,14.50787],[121.00364,14.50778],[121.00318,14.50769],[121.00318,14.50751],[121.0029,14.5076],[121.0029,14.50796],[121.00299,14.50796],[121.00299,14.50769],[121.00308,14.50769],[121.00327,14.50796],[121.00345,14.50796],[121.00345,14.50805],[121.00364,14.50805],[121.00364,14.50814],[121.00392,14.50815],[121.00391,14.50833]]],[[[121.00391,14.50833],[121.00373,14.50833],[121.00373,14.50842],[121.00391,14.50842],[121.00391,14.50833]]],[[[121.00408,14.53119],[121.00399,14.53119],[121.00399,14.53137],[121.00408,14.53137],[121.00408,14.53119]]],[[[121.00372,14.50941],[121.00381,14.50941],[121.00381,14.50923],[121.00372,14.50923],[121.00372,14.50941]]],[[[121.00314,14.51139],[121.00323,14.51212],[121.00342,14.51221],[121.00341,14.51239],[121.00351,14.51239],[121.00351,14.5123],[121.00369,14.5123],[121.00369,14.51221],[121.00351,14.51221],[121.00342,14.51176],[121.00323,14.51176],[121.00324,14.51139],[121.00314,14.51139]]],[[[121.00314,14.51139],[121.00315,14.51121],[121.00305,14.51121],[121.00305,14.51139],[121.00314,14.51139]]],[[[121.00381,14.53038],[121.00362,14.53037],[121.00362,14.53046],[121.00381,14.53047],[121.00381,14.53038]]],[[[121.00369,14.51303],[121.00378,14.51285],[121.00369,14.51284],[121.00369,14.51257],[121.00341,14.51248],[121.00341,14.51284],[121.0036,14.51284],[121.00359,14.51302],[121.00369,14.51303]]],[[[121.00343,14.53092],[121.00343,14.53101],[121.00362,14.53101],[121.00362,14.53092],[121.00343,14.53092]]],[[[121.00343,14.53092],[121.00353,14.53046],[121.00334,14.53046],[121.00334,14.53055],[121.00297,14.53055],[121.00297,14.53046],[121.00288,14.53046],[121.00298,14.53001],[121.00279,14.53001],[121.0027,14.52983],[121.00261,14.52982],[121.00252,14.52937],[121.00233,14.52937],[121.00224,14.52919],[121.00187,14.52919],[121.00178,14.52937],[121.00168,14.52936],[121.00169,14.52909],[121.00141,14.52909],[121.00141,14.52918],[121.0015,14.52918],[121.0015,14.52927],[121.00141,14.52927],[121.0014,14.52954],[121.00205,14.52937],[121.00214,14.52964],[121.00233,14.52973],[121.00233,14.52982],[121.00261,14.52991],[121.00261,14.53009],[121.00288,14.5301],[121.00288,14.53019],[121.0026,14.53018],[121.0026,14.53037],[121.00242,14.53036],[121.00233,14.53018],[121.00195,14.53018],[121.00214,14.53045],[121.00223,14.53045],[121.00223,14.53036],[121.00251,14.53046],[121.00251,14.53064],[121.00232,14.53064],[121.00232,14.53073],[121.00297,14.53091],[121.00306,14.53109],[121.00325,14.53109],[121.00325,14.531],[121.00343,14.53092]]],[[[121.0036,14.52242],[121.00342,14.52242],[121.00342,14.52251],[121.0036,14.52251],[121.0036,14.52242]]],[[[121.0035,14.52332],[121.0035,14.52314],[121.0036,14.52314],[121.0036,14.52278],[121.00332,14.52296],[121.00341,14.52332],[121.0035,14.52332]]],[[[121.00341,14.52278],[121.00341,14.5226],[121.00332,14.5226],[121.00332,14.52278],[121.00341,14.52278]]],[[[121.0034,14.5142],[121.00321,14.5142],[121.0033,14.51447],[121.00339,14.51447],[121.0034,14.5142]]],[[[121.00296,14.51085],[121.00296,14.51103],[121.00305,14.51103],[121.00306,14.51085],[121.00296,14.51085]]],[[[121.00296,14.51085],[121.00297,14.51067],[121.00287,14.51067],[121.00288,14.51031],[121.00306,14.51031],[121.00306,14.51013],[121.00288,14.51022],[121.00279,14.50995],[121.00269,14.50994],[121.0027,14.50976],[121.00251,14.50976],[121.0026,14.51021],[121.00269,14.51022],[121.00269,14.51049],[121.00278,14.51049],[121.00269,14.51076],[121.00296,14.51085]]],[[[121.00307,14.50968],[121.00307,14.50958],[121.00288,14.50958],[121.00288,14.50967],[121.00307,14.50968]]],[[[121.00332,14.53345],[121.00304,14.53344],[121.00304,14.53362],[121.00322,14.53363],[121.00332,14.53345]]],[[[121.00311,14.51537],[121.00329,14.51537],[121.00329,14.51528],[121.00311,14.51519],[121.00311,14.51492],[121.00293,14.51483],[121.00293,14.51473],[121.00265,14.51473],[121.00256,14.515],[121.00265,14.515],[121.00265,14.51491],[121.00293,14.51492],[121.00293,14.51501],[121.00302,14.51501],[121.00292,14.51519],[121.00302,14.51519],[121.00311,14.51537]]],[[[121.00327,14.52838],[121.00327,14.52829],[121.00299,14.52829],[121.00299,14.52838],[121.00327,14.52838]]],[[[121.00164,14.51355],[121.00192,14.51355],[121.00192,14.51346],[121.00201,14.51346],[121.00202,14.51283],[121.00239,14.51283],[121.00239,14.51274],[121.00248,14.51274],[121.00248,14.51283],[121.00267,14.51284],[121.00267,14.51275],[121.00285,14.51275],[121.00285,14.51284],[121.00313,14.51284],[121.00313,14.51302],[121.00322,14.51302],[121.00323,14.51266],[121.00304,14.51257],[121.00304,14.51248],[121.00276,14.51248],[121.00286,14.51229],[121.00276,14.51229],[121.00286,14.51202],[121.00277,14.51202],[121.00277,14.51166],[121.00268,14.51166],[121.00268,14.51175],[121.0024,14.51166],[121.00231,14.51112],[121.0025,14.51121],[121.00249,14.51157],[121.00268,14.51157],[121.00268,14.51139],[121.00259,14.51139],[121.00259,14.51112],[121.0025,14.51112],[121.0025,14.51094],[121.00241,14.51093],[121.00231,14.51075],[121.00213,14.51075],[121.00213,14.51093],[121.00204,14.51093],[121.00203,14.51147],[121.00184,14.51156],[121.00184,14.51165],[121.00212,14.51175],[121.00212,14.51193],[121.00221,14.51193],[121.00212,14.51238],[121.0023,14.51247],[121.0023,14.51256],[121.00211,14.51256],[121.00211,14.51274],[121.00183,14.51274],[121.00192,14.51292],[121.00155,14.51301],[121.00164,14.51355]],[[121.00164,14.51328],[121.00164,14.51319],[121.00174,14.51319],[121.00174,14.51328],[121.00164,14.51328]],[[121.00174,14.51319],[121.00174,14.5131],[121.00192,14.5131],[121.00192,14.51319],[121.00174,14.51319]]],[[[121.00164,14.51355],[121.00155,14.51355],[121.00154,14.51382],[121.00127,14.51391],[121.00127,14.51409],[121.00164,14.514],[121.00164,14.51409],[121.00154,14.51409],[121.00154,14.51463],[121.00163,14.51463],[121.00163,14.51418],[121.00182,14.51409],[121.00182,14.51391],[121.00164,14.51382],[121.00164,14.51355]]],[[[121.00231,14.51075],[121.00241,14.51075],[121.00241,14.51057],[121.00232,14.51057],[121.00231,14.51075]]],[[[121.00317,14.50814],[121.00317,14.50796],[121.00308,14.50796],[121.00308,14.50814],[121.00317,14.50814]]],[[[120.99969,14.50359],[120.99978,14.50377],[120.99997,14.50377],[120.99987,14.50395],[120.99969,14.50395],[120.99977,14.50441],[120.9995,14.5044],[120.9994,14.50467],[120.99949,14.50468],[120.99949,14.50477],[120.9994,14.50477],[120.9994,14.50494],[120.99921,14.50494],[120.99921,14.50503],[120.99894,14.50494],[120.99893,14.50503],[120.99875,14.50503],[120.99875,14.5053],[120.99865,14.5053],[120.99856,14.50557],[120.99874,14.50557],[120.99865,14.50575],[120.99893,14.50576],[120.99902,14.50558],[120.99884,14.50557],[120.99884,14.50548],[120.99921,14.5053],[120.99912,14.50558],[120.99939,14.50558],[120.99939,14.50549],[120.99958,14.50549],[120.99949,14.50513],[120.99977,14.50504],[120.99977,14.50531],[120.99995,14.5054],[120.99986,14.50567],[120.99995,14.50567],[120.99995,14.50585],[121.00004,14.50586],[121.00004,14.50558],[121.00014,14.50558],[121.00013,14.50568],[121.00023,14.50568],[121.00022,14.50595],[121.0006,14.50604],[121.00059,14.50613],[121.0005,14.50613],[121.00059,14.50649],[121.00078,14.50658],[121.00078,14.50667],[121.00096,14.50668],[121.00096,14.50677],[121.00124,14.50677],[121.00123,14.50713],[121.00114,14.50713],[121.00114,14.50704],[121.00086,14.50704],[121.00077,14.50722],[121.00049,14.5073],[121.00049,14.5074],[120.99984,14.50757],[120.99975,14.50775],[120.99965,14.50775],[120.99965,14.50784],[120.99974,14.50784],[120.99974,14.50811],[120.99956,14.50811],[120.99956,14.50775],[120.99947,14.50775],[120.99946,14.50802],[120.99937,14.50802],[120.99937,14.50811],[120.99946,14.50811],[120.99946,14.50865],[120.99927,14.50874],[120.99927,14.50856],[120.99918,14.50856],[120.99918,14.50901],[120.99927,14.50901],[120.99927,14.50883],[120.99936,14.50883],[120.99945,14.50928],[120.99954,14.50928],[120.99955,14.50919],[120.99964,14.5092],[120.99964,14.50892],[120.99946,14.50892],[120.99946,14.50874],[120.99974,14.50865],[120.99974,14.50874],[120.99992,14.50884],[120.99992,14.50947],[120.99945,14.50956],[120.99945,14.50973],[120.99973,14.50983],[120.99982,14.51001],[121.0001,14.51001],[121.0001,14.50947],[121.00019,14.50947],[121.0002,14.5092],[121.0001,14.5092],[121.00001,14.50875],[120.99992,14.50874],[120.99992,14.50857],[121.00011,14.50857],[121.00011,14.50848],[120.99974,14.50847],[120.99974,14.50829],[120.99983,14.50829],[120.99984,14.50775],[120.99993,14.50775],[120.99993,14.50766],[121.00039,14.50766],[121.00058,14.5074],[121.00105,14.50731],[121.00105,14.5074],[121.00114,14.5074],[121.00114,14.50776],[121.00095,14.50785],[121.00095,14.50812],[121.00113,14.50803],[121.00123,14.50776],[121.00141,14.50776],[121.00141,14.50812],[121.0016,14.50804],[121.0016,14.50786],[121.00178,14.50786],[121.00187,14.50804],[121.00197,14.50804],[121.00197,14.50777],[121.00188,14.50777],[121.00188,14.50759],[121.00169,14.5075],[121.0017,14.50695],[121.00179,14.50695],[121.00179,14.50677],[121.0017,14.50677],[121.0017,14.50668],[121.00198,14.50677],[121.00198,14.50668],[121.00272,14.5066],[121.00282,14.50633],[121.0031,14.50624],[121.0031,14.50606],[121.00291,14.50606],[121.00291,14.50597],[121.00273,14.50588],[121.00263,14.50606],[121.00226,14.50615],[121.00226,14.50633],[121.00208,14.50632],[121.00198,14.5065],[121.0017,14.5065],[121.0017,14.50641],[121.00152,14.50641],[121.00143,14.50623],[121.00124,14.50623],[121.00124,14.50596],[121.00115,14.50595],[121.00115,14.50577],[121.00106,14.50577],[121.00106,14.50559],[121.00097,14.50559],[121.00107,14.50523],[121.00097,14.50523],[121.00097,14.50505],[121.00107,14.50505],[121.00107,14.50496],[121.00135,14.50496],[121.00135,14.50487],[121.00163,14.50487],[121.00163,14.50478],[121.00135,14.50478],[121.00144,14.5046],[121.00163,14.50451],[121.00163,14.50415],[121.00145,14.50424],[121.00144,14.50451],[121.00126,14.50451],[121.00107,14.50478],[121.0007,14.50478],[121.0007,14.5045],[121.00052,14.50441],[121.00052,14.50423],[121.00033,14.50414],[121.00034,14.50378],[121.00024,14.50378],[121.00015,14.50342],[120.99997,14.5035],[120.99997,14.5036],[120.99969,14.50359]],[[121.00096,14.50668],[121.00096,14.50658],[121.00105,14.50659],[121.00105,14.50668],[121.00096,14.50668]],[[121.00142,14.50668],[121.00142,14.50659],[121.00161,14.50659],[121.00161,14.50668],[121.00142,14.50668]],[[121.00133,14.5065],[121.00133,14.50641],[121.00143,14.50641],[121.00142,14.5065],[121.00133,14.5065]],[[121.00087,14.50604],[121.00087,14.50622],[121.00069,14.50613],[121.00069,14.50604],[121.00087,14.50604]],[[121.00087,14.50604],[121.00078,14.50577],[121.00051,14.50559],[121.00042,14.50522],[121.00014,14.50504],[121.00014,14.50486],[120.99996,14.50486],[120.99996,14.5045],[120.99987,14.5045],[120.99987,14.50423],[120.99996,14.50423],[120.99996,14.50414],[121.00024,14.50414],[121.00024,14.50432],[121.00061,14.50459],[121.0006,14.50487],[121.00079,14.50496],[121.00079,14.50514],[121.00088,14.50514],[121.00088,14.50568],[121.00097,14.50568],[121.00097,14.50595],[121.00106,14.50595],[121.00115,14.50641],[121.00096,14.50631],[121.00097,14.50604],[121.00087,14.50604]]],[[[120.99773,14.50439],[120.99783,14.50403],[120.99792,14.50403],[120.99793,14.5034],[120.99811,14.50331],[120.99812,14.50322],[120.99849,14.50322],[120.99849,14.5034],[120.99867,14.5034],[120.99867,14.50322],[120.99904,14.50323],[120.99895,14.50304],[120.9984,14.50313],[120.99849,14.50277],[120.9984,14.50277],[120.9984,14.50268],[120.99793,14.50267],[120.99793,14.50295],[120.99784,14.50294],[120.99784,14.50303],[120.99793,14.50304],[120.99793,14.50322],[120.99784,14.50322],[120.99784,14.5034],[120.99774,14.50339],[120.99774,14.50348],[120.99783,14.50349],[120.99783,14.50376],[120.99774,14.50376],[120.99774,14.50412],[120.99755,14.50421],[120.99764,14.50439],[120.99773,14.50439]]],[[[120.99904,14.50323],[120.99904,14.50341],[120.9996,14.50341],[120.99941,14.50314],[120.99904,14.50323]]],[[[120.9996,14.50341],[120.9996,14.50359],[120.99978,14.5035],[120.99978,14.50341],[120.9996,14.50341]]],[[[121.00004,14.50586],[121.00004,14.50604],[121.00022,14.50604],[121.00013,14.50586],[121.00004,14.50586]]],[[[121.00096,14.50677],[121.00077,14.50676],[121.00077,14.50694],[121.00087,14.50695],[121.00096,14.50677]]],[[[121.00077,14.50694],[121.00059,14.50694],[121.00059,14.50703],[121.00077,14.50704],[121.00077,14.50694]]],[[[120.99947,14.50775],[120.99947,14.50748],[120.99938,14.50748],[120.99928,14.50775],[120.99947,14.50775]]],[[[120.99928,14.50775],[120.999,14.50783],[120.99909,14.50811],[120.99918,14.50811],[120.99919,14.50784],[120.99928,14.50784],[120.99928,14.50775]]],[[[121.0015,14.50813],[121.0015,14.50822],[121.00169,14.50822],[121.00168,14.50876],[121.00178,14.50876],[121.00177,14.50903],[121.00196,14.50912],[121.00187,14.50867],[121.00178,14.50867],[121.00187,14.50849],[121.00178,14.50849],[121.00178,14.50813],[121.0015,14.50813]]],[[[121.00196,14.50912],[121.00196,14.5093],[121.00205,14.50931],[121.00205,14.50912],[121.00196,14.50912]]],[[[121.00288,14.50995],[121.00306,14.50995],[121.00307,14.50986],[121.00288,14.50985],[121.00288,14.50995]]],[[[121.00257,14.51356],[121.00257,14.51383],[121.00266,14.51383],[121.00275,14.51356],[121.00285,14.51356],[121.00285,14.51338],[121.00294,14.51338],[121.00285,14.5132],[121.00303,14.5132],[121.00304,14.51311],[121.00276,14.51311],[121.00266,14.51329],[121.00248,14.51328],[121.00248,14.51319],[121.0022,14.51319],[121.0022,14.51328],[121.00211,14.51328],[121.00211,14.51346],[121.00257,14.51356]],[[121.00257,14.51356],[121.00257,14.51347],[121.00266,14.51347],[121.00266,14.51356],[121.00257,14.51356]]],[[[121.00303,14.5141],[121.00303,14.51383],[121.00294,14.51383],[121.00284,14.5141],[121.00303,14.5141]]],[[[121.00301,14.50561],[121.00301,14.50552],[121.00283,14.50552],[121.00282,14.5057],[121.00301,14.50561]]],[[[121.00286,14.53245],[121.00286,14.53227],[121.00268,14.53236],[121.00277,14.53263],[121.00295,14.53263],[121.00296,14.53245],[121.00286,14.53245]]],[[[121.00288,14.52016],[121.00288,14.52007],[121.0027,14.52007],[121.00269,14.52016],[121.00288,14.52016]]],[[[121.00243,14.5291],[121.0028,14.5291],[121.0028,14.52874],[121.00262,14.52874],[121.00253,14.52856],[121.00234,14.52856],[121.00243,14.5291]]],[[[121.00242,14.50913],[121.00261,14.50913],[121.00261,14.50904],[121.00242,14.50904],[121.00242,14.50913]]],[[[121.00239,14.5338],[121.00239,14.53371],[121.00266,14.53371],[121.00267,14.53344],[121.00248,14.53344],[121.00258,14.53326],[121.00202,14.53325],[121.00202,14.53334],[121.00193,14.53334],[121.00193,14.53343],[121.00211,14.53343],[121.00211,14.53352],[121.00202,14.53352],[121.00202,14.53379],[121.00239,14.5338]]],[[[121.00263,14.51672],[121.00245,14.51672],[121.00244,14.5169],[121.00254,14.5169],[121.00263,14.51672]]],[[[121.00249,14.53299],[121.0023,14.53298],[121.0023,14.53307],[121.00248,14.53308],[121.00249,14.53299]]],[[[121.00233,14.5094],[121.00233,14.50931],[121.00223,14.50931],[121.00223,14.50949],[121.00242,14.50949],[121.00242,14.5094],[121.00233,14.5094]]],[[[121.00242,14.50985],[121.00232,14.50985],[121.00232,14.51003],[121.00241,14.51003],[121.00242,14.50985]]],[[[121.00209,14.51473],[121.00209,14.51464],[121.00182,14.51464],[121.00181,14.51473],[121.00209,14.51473]]],[[[121.00219,14.51482],[121.00218,14.51491],[121.00237,14.515],[121.00237,14.51482],[121.00219,14.51482]]],[[[121.00232,14.51048],[121.00232,14.5103],[121.00223,14.5103],[121.00222,14.51048],[121.00232,14.51048]]],[[[121.00219,14.53461],[121.00229,14.53416],[121.00201,14.53407],[121.00201,14.53416],[121.00192,14.53416],[121.00192,14.53443],[121.0021,14.53452],[121.0021,14.53479],[121.00228,14.53479],[121.00229,14.53461],[121.00219,14.53461]]],[[[121.00223,14.51021],[121.00223,14.51003],[121.00214,14.51003],[121.00213,14.51021],[121.00223,14.51021]]],[[[121.00208,14.50551],[121.00208,14.50533],[121.00218,14.50533],[121.00218,14.50524],[121.0019,14.50533],[121.0019,14.50542],[121.00208,14.50551]]],[[[121.00171,14.50569],[121.0019,14.50569],[121.0019,14.5056],[121.00171,14.5056],[121.00171,14.50569]]],[[[121.00199,14.50578],[121.00199,14.50596],[121.00208,14.50596],[121.00208,14.50578],[121.00199,14.50578]]],[[[121.00208,14.50596],[121.00208,14.50614],[121.00217,14.50614],[121.00217,14.50596],[121.00208,14.50596]]],[[[121.00215,14.50858],[121.00215,14.5084],[121.00206,14.5084],[121.00206,14.50858],[121.00215,14.50858]]],[[[121.00131,14.52972],[121.00131,14.52981],[121.00149,14.52981],[121.0014,14.53026],[121.00149,14.53027],[121.00149,14.53008],[121.00168,14.53018],[121.00168,14.53],[121.00159,14.53],[121.00168,14.52982],[121.00159,14.52981],[121.00159,14.52963],[121.00131,14.52972]]],[[[121.00131,14.52972],[121.00131,14.52945],[121.00122,14.52945],[121.00122,14.52972],[121.00131,14.52972]]],[[[121.00168,14.53018],[121.00167,14.53045],[121.00186,14.53045],[121.00177,14.53018],[121.00168,14.53018]]],[[[121.00186,14.53045],[121.00186,14.53054],[121.00204,14.53054],[121.00204,14.53045],[121.00186,14.53045]]],[[[121.0015,14.52864],[121.00151,14.52837],[121.00141,14.52837],[121.00141,14.52864],[121.0015,14.52864]]],[[[121.0016,14.52873],[121.0016,14.52882],[121.00178,14.52882],[121.00179,14.52828],[121.00169,14.52828],[121.00169,14.52873],[121.0016,14.52873]]],[[[121.00173,14.5037],[121.00154,14.5037],[121.00154,14.50388],[121.00163,14.50388],[121.00173,14.5037]]],[[[121.00155,14.50307],[121.00155,14.50298],[121.00164,14.50298],[121.00164,14.50289],[121.00146,14.50288],[121.00146,14.50306],[121.00155,14.50307]]],[[[121.00142,14.5281],[121.00142,14.52801],[121.00123,14.52801],[121.00141,14.52828],[121.00151,14.52828],[121.00151,14.5281],[121.00142,14.5281]]],[[[121.00146,14.51346],[121.00146,14.51319],[121.00118,14.51318],[121.00127,14.51355],[121.00146,14.51346]]],[[[121.00137,14.51255],[121.00137,14.51237],[121.00119,14.51237],[121.00128,14.51255],[121.00137,14.51255]]],[[[121.00115,14.51644],[121.00134,14.51644],[121.00134,14.51626],[121.00124,14.51626],[121.00115,14.51644]]],[[[121.00131,14.52918],[121.00132,14.52909],[121.00113,14.52909],[121.00113,14.52918],[121.00131,14.52918]]],[[[121.00104,14.49836],[121.00131,14.49836],[121.00131,14.49827],[121.00104,14.49818],[121.00104,14.49836]]],[[[121.00117,14.50379],[121.00117,14.50361],[121.00099,14.50351],[121.00099,14.50369],[121.00117,14.50379]]],[[[121.00117,14.51454],[121.00117,14.51427],[121.00099,14.51427],[121.00098,14.51454],[121.00117,14.51454]]],[[[121.00094,14.51897],[121.00104,14.51852],[121.00076,14.51851],[121.00076,14.51896],[121.00094,14.51897]]],[[[120.99931,14.51525],[120.99921,14.51552],[120.99912,14.51552],[120.99912,14.51543],[120.99884,14.51542],[120.99884,14.51569],[120.99865,14.51569],[120.99856,14.51551],[120.99819,14.51551],[120.99819,14.5156],[120.9981,14.5156],[120.9981,14.51587],[120.99819,14.51587],[120.99819,14.51569],[120.99837,14.51569],[120.99847,14.51587],[120.99828,14.51587],[120.99819,14.51605],[120.99865,14.51596],[120.99865,14.51605],[120.99883,14.51606],[120.99883,14.51624],[120.99948,14.51624],[120.99948,14.51642],[120.99957,14.51642],[120.99957,14.51624],[120.99967,14.51624],[120.99967,14.51642],[120.99985,14.51652],[120.99985,14.51606],[120.99958,14.51615],[120.99958,14.51588],[120.99995,14.51579],[120.99995,14.5157],[120.99977,14.5157],[120.99977,14.51534],[121.00005,14.51534],[121.00005,14.51543],[121.00014,14.51543],[121.00014,14.51525],[121.00023,14.51525],[121.00023,14.51534],[121.00042,14.51535],[121.00042,14.51553],[121.00032,14.51553],[121.00023,14.51571],[121.00069,14.5158],[121.00069,14.51571],[121.00079,14.51571],[121.00079,14.51544],[121.00088,14.51544],[121.00088,14.51499],[121.00024,14.51498],[121.00024,14.51507],[120.99996,14.51507],[120.99986,14.51525],[120.99968,14.51525],[120.99967,14.51561],[120.99958,14.51561],[120.99958,14.51525],[120.99931,14.51525]],[[121.0007,14.51508],[121.00079,14.51508],[121.00079,14.51535],[121.0007,14.51535],[121.0007,14.51508]],[[120.99949,14.5157],[120.99949,14.51597],[120.99939,14.51597],[120.99939,14.51606],[120.99911,14.51606],[120.99911,14.51597],[120.99893,14.51588],[120.99893,14.51561],[120.9994,14.51561],[120.9994,14.5157],[120.99949,14.5157]]],[[[120.99948,14.51642],[120.99939,14.51642],[120.99938,14.51696],[120.99948,14.51697],[120.99948,14.51642]]],[[[120.99995,14.5157],[121.00014,14.51562],[121.00005,14.51543],[120.99995,14.51543],[120.99995,14.5157]]],[[[121.00012,14.51715],[121.00031,14.51715],[121.00031,14.51706],[121.00012,14.51706],[121.00012,14.51715]]],[[[121.00012,14.51715],[121.00003,14.51715],[121.00003,14.51751],[121.00021,14.51751],[121.00021,14.51742],[121.00012,14.51742],[121.00012,14.51715]]],[[[121.00031,14.51715],[121.00031,14.51733],[121.00068,14.51734],[121.00068,14.51743],[121.00077,14.51743],[121.00077,14.51734],[121.00086,14.51734],[121.00087,14.51716],[121.00031,14.51715]]],[[[121.00019,14.52041],[121.00019,14.52032],[121.00037,14.52032],[121.00037,14.52041],[121.00065,14.52041],[121.00065,14.52068],[121.00074,14.52068],[121.00065,14.52095],[121.00074,14.52095],[121.00073,14.52149],[121.00027,14.5214],[121.00027,14.52122],[121.00018,14.52122],[121.00008,14.52185],[121.00017,14.52185],[121.00017,14.52176],[121.00073,14.52186],[121.00073,14.52177],[121.00083,14.52177],[121.00084,14.51987],[121.00075,14.51987],[121.00075,14.51978],[121.00084,14.51978],[121.00085,14.51933],[121.00075,14.51933],[121.00075,14.51914],[121.00048,14.51914],[121.00039,14.51896],[121.00011,14.51896],[121.0002,14.51959],[121.00001,14.51959],[121.00001,14.51968],[120.99982,14.51977],[120.99982,14.52004],[120.99973,14.52004],[120.99972,14.52022],[120.99963,14.52022],[120.99972,14.52049],[121.00009,14.5205],[121.0001,14.5204],[121.00019,14.52041]],[[120.99972,14.52022],[120.99991,14.52022],[120.99991,14.52031],[120.99972,14.52031],[120.99972,14.52022]],[[121.0001,14.52004],[121.00047,14.52005],[121.00047,14.52014],[121.0001,14.52013],[121.0001,14.52004]]],[[[120.99953,14.52076],[121.00009,14.52077],[121.00009,14.52068],[121.00028,14.52068],[121.00037,14.5205],[121.00019,14.52041],[121.00019,14.52059],[120.99981,14.52058],[120.99981,14.52067],[120.99954,14.52067],[120.99953,14.52076]]],[[[120.99953,14.52076],[120.99944,14.52076],[120.99944,14.52112],[120.99953,14.52112],[120.99953,14.52076]]],[[[121.00011,14.51896],[121.00011,14.51887],[121.00029,14.51887],[121.00029,14.51878],[120.99983,14.51868],[120.99983,14.51877],[120.99974,14.51877],[120.99983,14.51896],[121.00011,14.51896]],[[120.99992,14.51887],[120.99992,14.51878],[121.00002,14.51878],[121.00002,14.51887],[120.99992,14.51887]]],[[[121.00037,14.52059],[121.00037,14.52068],[121.00056,14.52068],[121.00056,14.52059],[121.00037,14.52059]]],[[[121.00029,14.50848],[121.00039,14.5083],[121.00067,14.50821],[121.00076,14.50803],[121.0003,14.50812],[121.0003,14.50821],[121.0002,14.50821],[121.0002,14.50848],[121.00029,14.50848]]],[[[121.00039,14.52908],[121.00057,14.52908],[121.00057,14.52899],[121.00039,14.52899],[121.00039,14.52908]]],[[[121.00039,14.52908],[121.00002,14.52908],[121.00002,14.52917],[121.00029,14.52926],[121.00039,14.52908]]],[[[121.0003,14.52845],[121.00039,14.52827],[121.00012,14.52827],[121.00021,14.52809],[121.00003,14.528],[121.00002,14.52827],[120.99993,14.52826],[120.99993,14.52835],[121.00021,14.52836],[121.00021,14.52845],[121.0003,14.52845]]],[[[121.00001,14.53034],[120.99982,14.53034],[120.99982,14.53043],[121.0,14.53043],[121.00001,14.53034]]],[[[120.99996,14.5148],[121.00005,14.51462],[120.99978,14.51462],[120.99977,14.51471],[120.99996,14.5148]]],[[[120.99975,14.50666],[121.00003,14.50667],[121.00003,14.50658],[120.99975,14.50657],[120.99975,14.50666]]],[[[120.99952,14.52248],[120.99989,14.52248],[120.99998,14.5223],[120.9998,14.52221],[120.9998,14.52212],[120.99943,14.52212],[120.99943,14.52239],[120.99952,14.52239],[120.99952,14.52248]]],[[[120.99984,14.52817],[120.99984,14.52799],[120.99975,14.52799],[120.99975,14.52817],[120.99984,14.52817]]],[[[120.99944,14.5213],[120.99934,14.5213],[120.99934,14.52175],[120.99943,14.52175],[120.99944,14.5213]]],[[[120.99917,14.51028],[120.99935,14.51028],[120.99935,14.51001],[120.99926,14.51],[120.99926,14.50991],[120.99917,14.50991],[120.99917,14.51028]]],[[[120.99911,14.50657],[120.99929,14.50666],[120.99929,14.50648],[120.99911,14.50648],[120.99911,14.50657]]],[[[120.99911,14.50657],[120.99901,14.50657],[120.99901,14.50675],[120.9992,14.50675],[120.99911,14.50657]]],[[[120.99926,14.50982],[120.99927,14.50937],[120.99917,14.50937],[120.99917,14.50946],[120.99899,14.50937],[120.99899,14.50892],[120.99908,14.50892],[120.99909,14.50883],[120.99899,14.50883],[120.99899,14.50856],[120.9989,14.50856],[120.9989,14.50865],[120.99853,14.50864],[120.99844,14.50837],[120.99835,14.50837],[120.99835,14.5081],[120.99817,14.50801],[120.99816,14.5081],[120.99798,14.50819],[120.99798,14.50837],[120.99816,14.50837],[120.99816,14.50846],[120.99807,14.50846],[120.99816,14.50891],[120.99788,14.509],[120.99788,14.50909],[120.99815,14.50918],[120.99815,14.50954],[120.99852,14.50955],[120.99852,14.50964],[120.99861,14.50964],[120.99862,14.50955],[120.99899,14.50955],[120.99898,14.50982],[120.99926,14.50982]],[[120.99871,14.50928],[120.99871,14.50919],[120.9988,14.50919],[120.9988,14.50928],[120.99871,14.50928]]],[[[120.9992,14.51714],[120.9992,14.51705],[120.99892,14.51705],[120.99892,14.51714],[120.9992,14.51714]]],[[[120.99904,14.50404],[120.99913,14.50377],[120.99885,14.50377],[120.99885,14.50395],[120.99904,14.50404]]],[[[120.99912,14.51506],[120.99894,14.51506],[120.99894,14.51515],[120.99912,14.51516],[120.99912,14.51506]]],[[[120.99884,14.51506],[120.99885,14.51497],[120.99903,14.51497],[120.99903,14.51479],[120.99875,14.51488],[120.99875,14.51506],[120.99884,14.51506]]],[[[120.99883,14.50621],[120.99883,14.50648],[120.99892,14.50648],[120.99901,14.5063],[120.99883,14.50621]]],[[[120.99885,14.5044],[120.99894,14.50422],[120.99876,14.50422],[120.99875,14.5044],[120.99885,14.5044]]],[[[120.99881,14.50792],[120.99881,14.5081],[120.99891,14.5081],[120.99891,14.50792],[120.99881,14.50792]]],[[[120.99882,14.51714],[120.99883,14.51705],[120.99864,14.51705],[120.99864,14.51714],[120.99882,14.51714]]],[[[120.99863,14.51877],[120.99881,14.51877],[120.99881,14.51859],[120.99863,14.51858],[120.99863,14.51877]]],[[[120.99876,14.50376],[120.99876,14.50358],[120.99848,14.50358],[120.99848,14.50367],[120.99839,14.50367],[120.99839,14.50376],[120.99876,14.50376]]],[[[120.99864,14.50657],[120.99864,14.50684],[120.99873,14.50684],[120.99873,14.50657],[120.99864,14.50657]]],[[[120.99863,14.50756],[120.99854,14.50756],[120.99854,14.50774],[120.99863,14.50774],[120.99863,14.50756]]],[[[120.99861,14.50982],[120.99861,14.50973],[120.99833,14.50973],[120.99833,14.50991],[120.99861,14.50982]]],[[[120.99836,14.50693],[120.99855,14.50693],[120.99855,14.50684],[120.99836,14.50683],[120.99836,14.50693]]],[[[120.99854,14.50747],[120.99854,14.5072],[120.99845,14.5072],[120.99845,14.50747],[120.99854,14.50747]]],[[[120.99837,14.50629],[120.99837,14.50584],[120.99828,14.50584],[120.99827,14.50629],[120.99837,14.50629]]],[[[120.99837,14.50584],[120.99846,14.50584],[120.99846,14.50566],[120.99837,14.50566],[120.99837,14.50584]]],[[[120.99846,14.5165],[120.99846,14.51632],[120.99837,14.51632],[120.99837,14.5165],[120.99846,14.5165]]],[[[120.99791,14.50502],[120.99773,14.50511],[120.99773,14.50529],[120.99763,14.50529],[120.99763,14.5052],[120.99717,14.5052],[120.99726,14.50502],[120.99708,14.50502],[120.99698,14.5052],[120.99689,14.5052],[120.99689,14.50538],[120.99698,14.50538],[120.99707,14.50565],[120.99717,14.50565],[120.99717,14.50556],[120.99735,14.50565],[120.99735,14.50556],[120.99763,14.50556],[120.99763,14.50547],[120.99837,14.50557],[120.99828,14.50539],[120.9981,14.50548],[120.99791,14.50539],[120.99791,14.50502]]],[[[120.99835,14.51813],[120.99817,14.51813],[120.99817,14.51822],[120.99835,14.51822],[120.99835,14.51813]]],[[[120.99784,14.50231],[120.99822,14.50222],[120.99822,14.50195],[120.99813,14.50195],[120.99813,14.50177],[120.99776,14.50168],[120.99776,14.50186],[120.99748,14.50186],[120.99748,14.50195],[120.99738,14.50195],[120.99738,14.50222],[120.99757,14.50231],[120.99757,14.5024],[120.99784,14.5024],[120.99784,14.50231]],[[120.99785,14.50222],[120.99757,14.50222],[120.99757,14.50204],[120.99803,14.50195],[120.99803,14.50213],[120.99785,14.50213],[120.99785,14.50222]]],[[[120.99808,14.50728],[120.99808,14.50755],[120.9978,14.50764],[120.9978,14.50782],[120.99789,14.50782],[120.99789,14.50773],[120.99817,14.50774],[120.99817,14.50728],[120.99808,14.50728]]],[[[120.99808,14.50728],[120.99808,14.50701],[120.99799,14.50701],[120.99799,14.50728],[120.99808,14.50728]]],[[[120.99797,14.51885],[120.99798,14.51876],[120.99761,14.51867],[120.99761,14.51858],[120.99779,14.51858],[120.9977,14.5184],[120.99714,14.51839],[120.99714,14.51857],[120.99742,14.51866],[120.99742,14.51885],[120.99751,14.51885],[120.99751,14.5193],[120.99741,14.5193],[120.9975,14.51984],[120.99732,14.51984],[120.99732,14.51993],[120.99778,14.51993],[120.99778,14.52047],[120.99787,14.52048],[120.99787,14.51993],[120.99815,14.51985],[120.99816,14.5193],[120.99806,14.5193],[120.99807,14.51885],[120.99797,14.51885]],[[120.99779,14.51894],[120.99788,14.51912],[120.99769,14.51912],[120.99769,14.5193],[120.9976,14.5193],[120.9976,14.51903],[120.99779,14.51894]],[[120.99779,14.51894],[120.99779,14.51885],[120.99797,14.51885],[120.99797,14.51894],[120.99779,14.51894]]],[[[120.99567,14.52181],[120.99567,14.52253],[120.99581,14.52263],[120.99581,14.52281],[120.99567,14.5229],[120.99567,14.52326],[120.9958,14.52317],[120.99581,14.5229],[120.99655,14.52299],[120.99655,14.5229],[120.99673,14.52291],[120.99682,14.52318],[120.99701,14.52327],[120.997,14.52363],[120.99654,14.52372],[120.99654,14.52381],[120.99672,14.52381],[120.99663,14.52399],[120.99709,14.52435],[120.99709,14.52472],[120.99699,14.52472],[120.99699,14.52481],[120.99662,14.5248],[120.99662,14.52462],[120.99644,14.52462],[120.99644,14.52471],[120.99625,14.52471],[120.99625,14.5248],[120.99653,14.52489],[120.99653,14.52507],[120.99709,14.5249],[120.99708,14.52508],[120.99699,14.52508],[120.99699,14.52526],[120.99708,14.52526],[120.99708,14.52571],[120.99736,14.5258],[120.99735,14.52626],[120.99707,14.52634],[120.99707,14.52689],[120.99698,14.52688],[120.99698,14.52679],[120.9967,14.52679],[120.99669,14.52715],[120.9966,14.52715],[120.9966,14.52724],[120.99623,14.52724],[120.99623,14.52733],[120.99567,14.52723],[120.99567,14.5275],[120.99586,14.52751],[120.99586,14.5276],[120.99595,14.5276],[120.99595,14.52751],[120.99678,14.52751],[120.99679,14.52742],[120.99706,14.52743],[120.99706,14.52752],[120.99716,14.52752],[120.99715,14.52797],[120.99697,14.52788],[120.99697,14.52797],[120.99669,14.52797],[120.99668,14.52824],[120.99696,14.52815],[120.99696,14.52833],[120.99706,14.52833],[120.99705,14.52851],[120.99715,14.52851],[120.99714,14.52905],[120.99705,14.52905],[120.99695,14.52923],[120.99658,14.52923],[120.99658,14.52932],[120.99695,14.52932],[120.99704,14.52951],[120.99658,14.5295],[120.99658,14.52959],[120.99649,14.52959],[120.99648,14.53004],[120.9963,14.53013],[120.9963,14.53004],[120.99611,14.52995],[120.99611,14.53013],[120.99602,14.53013],[120.99611,14.53031],[120.99639,14.53031],[120.99629,14.53049],[120.99639,14.53049],[120.99638,14.53095],[120.99629,14.53094],[120.99629,14.53112],[120.99592,14.53112],[120.99592,14.53103],[120.99567,14.53085],[120.99572,14.53202],[120.99572,14.53193],[120.99591,14.53194],[120.99591,14.53185],[120.996,14.53185],[120.996,14.53194],[120.99628,14.53194],[120.99656,14.53185],[120.99656,14.53131],[120.99638,14.53131],[120.99638,14.53122],[120.99694,14.53122],[120.99703,14.53104],[120.99731,14.53086],[120.99722,14.53068],[120.99713,14.53068],[120.99713,14.53014],[120.99722,14.53014],[120.99723,14.52996],[120.99732,14.52996],[120.99732,14.5296],[120.99741,14.5296],[120.99742,14.52942],[120.99732,14.52942],[120.99733,14.52906],[120.99742,14.52906],[120.99742,14.52861],[120.99733,14.5286],[120.99733,14.52842],[120.99743,14.52842],[120.99743,14.52806],[120.99761,14.52797],[120.99762,14.52779],[120.99752,14.52779],[120.99753,14.52725],[120.99744,14.52725],[120.99744,14.52707],[120.99762,14.52707],[120.99763,14.52671],[120.99744,14.52671],[120.99744,14.52644],[120.99754,14.52644],[120.99754,14.52599],[120.99745,14.52598],[120.99745,14.5258],[120.99754,14.5258],[120.99754,14.52571],[120.99791,14.52572],[120.99791,14.52563],[120.99764,14.52553],[120.99764,14.52562],[120.99726,14.52562],[120.99727,14.52553],[120.99745,14.52544],[120.99755,14.52517],[120.99773,14.52517],[120.99773,14.52508],[120.99783,14.52508],[120.99782,14.52544],[120.99792,14.52545],[120.99792,14.52463],[120.99783,14.52463],[120.99783,14.52436],[120.99746,14.52436],[120.99737,14.524],[120.99747,14.524],[120.99747,14.52373],[120.99728,14.52363],[120.99729,14.52336],[120.99747,14.52327],[120.99747,14.52309],[120.99784,14.52301],[120.99803,14.52274],[120.99748,14.52282],[120.99757,14.52219],[120.99739,14.52219],[120.99739,14.52246],[120.99729,14.52246],[120.9973,14.52219],[120.99711,14.52219],[120.99711,14.52191],[120.9973,14.52192],[120.9973,14.52183],[120.99702,14.52182],[120.99693,14.52209],[120.99702,14.5221],[120.99701,14.52282],[120.99683,14.52282],[120.99674,14.52263],[120.99646,14.52263],[120.99645,14.5229],[120.99627,14.5229],[120.99627,14.52245],[120.99637,14.52245],[120.99646,14.522],[120.9959,14.52209],[120.99567,14.52181]],[[120.99572,14.52217],[120.996,14.52218],[120.9959,14.52245],[120.99581,14.52245],[120.99572,14.52217]],[[120.99737,14.52418],[120.99737,14.52427],[120.99718,14.52426],[120.99709,14.52399],[120.99728,14.52399],[120.99728,14.52418],[120.99737,14.52418]],[[120.99773,14.52499],[120.99774,14.52481],[120.99783,14.52481],[120.99783,14.52499],[120.99773,14.52499]],[[120.99774,14.52463],[120.99737,14.52463],[120.99728,14.52445],[120.99774,14.52445],[120.99774,14.52463]],[[120.99728,14.5239],[120.99728,14.52381],[120.99737,14.52382],[120.99737,14.5239],[120.99728,14.5239]],[[120.99695,14.53014],[120.99676,14.53013],[120.99667,14.52986],[120.99658,14.52986],[120.99667,14.52959],[120.99695,14.5296],[120.99695,14.52969],[120.99704,14.52969],[120.99695,14.53014]],[[120.99666,14.53104],[120.99666,14.53095],[120.99657,14.53095],[120.99657,14.53041],[120.99676,14.53032],[120.99676,14.53041],[120.99694,14.53041],[120.99694,14.53086],[120.99685,14.53086],[120.99684,14.53104],[120.99666,14.53104]],[[120.99669,14.52733],[120.99669,14.52724],[120.99688,14.52725],[120.99688,14.52734],[120.99669,14.52733]],[[120.99628,14.53149],[120.99628,14.53167],[120.9961,14.53167],[120.9961,14.53148],[120.99628,14.53149]]],[[[120.99625,14.52471],[120.99626,14.52426],[120.99616,14.52426],[120.99617,14.52417],[120.99607,14.52416],[120.99607,14.52435],[120.9957,14.52434],[120.99567,14.52425],[120.99567,14.52461],[120.99579,14.52462],[120.99579,14.52471],[120.99567,14.5247],[120.99567,14.52479],[120.99579,14.52479],[120.99579,14.52507],[120.99567,14.52507],[120.99567,14.52543],[120.99587,14.52543],[120.99588,14.5248],[120.99597,14.5248],[120.99597,14.52471],[120.99625,14.52471]],[[120.99616,14.52462],[120.99607,14.52462],[120.99607,14.52444],[120.99616,14.52444],[120.99616,14.52462]]],[[[120.99791,14.52563],[120.9981,14.52563],[120.9981,14.52545],[120.99792,14.52545],[120.99791,14.52563]]],[[[120.9973,14.52183],[120.99758,14.52165],[120.99749,14.52138],[120.99721,14.52137],[120.99721,14.52173],[120.9973,14.52174],[120.9973,14.52183]]],[[[120.99721,14.52137],[120.99712,14.5211],[120.99703,14.5211],[120.99702,14.52137],[120.99721,14.52137]]],[[[120.99712,14.5211],[120.99721,14.5211],[120.99731,14.52092],[120.99712,14.52092],[120.99712,14.5211]]],[[[120.9978,14.52743],[120.9979,14.52725],[120.99762,14.52725],[120.99762,14.52752],[120.9978,14.52743]]],[[[120.99788,14.50855],[120.99779,14.50855],[120.99779,14.50882],[120.99788,14.50882],[120.99788,14.50855]]],[[[120.99778,14.4987],[120.99788,14.49852],[120.99769,14.49842],[120.9976,14.4986],[120.99778,14.4987]]],[[[120.99778,14.50972],[120.99759,14.50981],[120.9976,14.50954],[120.9975,14.50954],[120.9975,14.5099],[120.99778,14.5099],[120.99778,14.50972]]],[[[120.99772,14.51668],[120.99753,14.51668],[120.99753,14.51677],[120.99771,14.51677],[120.99772,14.51668]]],[[[120.99734,14.51722],[120.99734,14.51767],[120.99706,14.51776],[120.99706,14.51767],[120.99669,14.51766],[120.99669,14.51748],[120.99687,14.51749],[120.99688,14.51721],[120.99697,14.51722],[120.99697,14.51712],[120.9966,14.51721],[120.9966,14.51712],[120.99641,14.51712],[120.99641,14.51757],[120.99622,14.51748],[120.99622,14.51775],[120.99613,14.51775],[120.99613,14.51784],[120.99631,14.51784],[120.99631,14.51775],[120.9965,14.51766],[120.99668,14.51803],[120.99743,14.51812],[120.99752,14.51767],[120.99743,14.51767],[120.99743,14.51722],[120.99734,14.51722]]],[[[120.99713,14.51993],[120.99713,14.51975],[120.99685,14.51965],[120.99685,14.51993],[120.99713,14.51993]]],[[[120.99705,14.51902],[120.99686,14.51902],[120.99686,14.51911],[120.99704,14.51911],[120.99705,14.51902]]],[[[120.99693,14.53249],[120.99693,14.5324],[120.99702,14.5324],[120.99702,14.53204],[120.99684,14.53203],[120.99683,14.53249],[120.99693,14.53249]]],[[[120.99701,14.50221],[120.99701,14.50212],[120.99683,14.50212],[120.99683,14.50221],[120.99701,14.50221]]],[[[120.99677,14.51857],[120.99696,14.51857],[120.99696,14.51848],[120.99677,14.51848],[120.99677,14.51857]]],[[[120.9967,14.51676],[120.9967,14.51658],[120.99651,14.51658],[120.99652,14.51622],[120.99679,14.51622],[120.99679,14.51613],[120.99642,14.51613],[120.99642,14.51604],[120.99679,14.51604],[120.99671,14.51568],[120.99689,14.51568],[120.99689,14.51559],[120.99671,14.51549],[120.99671,14.51522],[120.99652,14.51522],[120.99644,14.51477],[120.99634,14.51477],[120.99634,14.51495],[120.99606,14.51495],[120.99606,14.51549],[120.99615,14.51549],[120.99624,14.51531],[120.99634,14.51531],[120.99634,14.51549],[120.99661,14.51549],[120.99661,14.51577],[120.99643,14.51576],[120.99643,14.51586],[120.99624,14.51594],[120.99623,14.51648],[120.99633,14.51649],[120.99632,14.51676],[120.9967,14.51676]]],[[[120.99675,14.50068],[120.99665,14.50067],[120.99665,14.50085],[120.99675,14.50086],[120.99675,14.50068]]],[[[120.99655,14.52218],[120.99674,14.52218],[120.99674,14.522],[120.99665,14.522],[120.99655,14.52218]]],[[[120.99664,14.50239],[120.99673,14.50221],[120.99655,14.50221],[120.99655,14.50239],[120.99664,14.50239]]],[[[120.99571,14.51278],[120.9957,14.5135],[120.9958,14.5135],[120.9958,14.51359],[120.99567,14.51359],[120.99567,14.51395],[120.99589,14.51395],[120.99588,14.51422],[120.9957,14.51422],[120.99567,14.51413],[120.99567,14.51449],[120.99579,14.51431],[120.99598,14.51431],[120.99597,14.51459],[120.99644,14.51459],[120.99644,14.51468],[120.99662,14.51468],[120.99653,14.5145],[120.99616,14.5145],[120.99616,14.51423],[120.99635,14.51423],[120.99635,14.51414],[120.99607,14.51404],[120.99607,14.51395],[120.99635,14.51387],[120.99635,14.51378],[120.99626,14.51378],[120.99626,14.5135],[120.99608,14.51341],[120.99608,14.51314],[120.9958,14.51314],[120.9958,14.51287],[120.9959,14.51287],[120.9959,14.51278],[120.99571,14.51278]],[[120.99617,14.51386],[120.99598,14.51386],[120.99598,14.51359],[120.99617,14.51359],[120.99617,14.51386]]],[[[120.99608,14.51314],[120.99645,14.51314],[120.99645,14.51305],[120.99608,14.51305],[120.99608,14.51314]]],[[[120.99567,14.5322],[120.99567,14.53347],[120.9959,14.53347],[120.99599,14.53383],[120.99617,14.53383],[120.99626,14.53402],[120.99635,14.53402],[120.99636,14.53384],[120.99654,14.53375],[120.99655,14.53321],[120.99608,14.5332],[120.99609,14.53293],[120.99618,14.53293],[120.99618,14.53239],[120.99609,14.53239],[120.99609,14.5323],[120.99572,14.53229],[120.99567,14.5322]],[[120.99617,14.53356],[120.99626,14.53375],[120.99608,14.53374],[120.99608,14.53356],[120.99617,14.53356]]],[[[120.99567,14.51214],[120.99567,14.51232],[120.9959,14.51233],[120.99581,14.51214],[120.9959,14.51215],[120.9959,14.51196],[120.99567,14.51214]]],[[[120.99608,14.51251],[120.99608,14.51269],[120.99627,14.5126],[120.99627,14.51251],[120.99608,14.51251]]],[[[120.99608,14.51278],[120.99608,14.51287],[120.99645,14.51287],[120.99645,14.51278],[120.99608,14.51278]]],[[[120.99617,14.5238],[120.99645,14.52381],[120.99645,14.52363],[120.99617,14.52353],[120.99608,14.52371],[120.99617,14.52371],[120.99617,14.5238]]],[[[120.99567,14.52118],[120.99582,14.52136],[120.99638,14.52137],[120.99629,14.5211],[120.99582,14.52109],[120.99582,14.52118],[120.99567,14.52118]]],[[[120.99582,14.52136],[120.99567,14.52136],[120.99567,14.52172],[120.99572,14.52145],[120.99582,14.52145],[120.99582,14.52136]]],[[[120.99567,14.5266],[120.99577,14.52687],[120.99623,14.52688],[120.99614,14.52661],[120.99567,14.5266]]],[[[120.9962,14.53067],[120.9962,14.53058],[120.99611,14.53058],[120.9962,14.5304],[120.99602,14.5304],[120.99601,14.53067],[120.9962,14.53067]]],[[[120.99608,14.50266],[120.99617,14.50248],[120.9959,14.50257],[120.9959,14.50266],[120.99608,14.50266]]],[[[120.99603,14.51883],[120.99593,14.51883],[120.99593,14.51901],[120.99603,14.51901],[120.99603,14.51883]]],[[[120.99589,14.52371],[120.99589,14.52362],[120.99598,14.52362],[120.99599,14.52353],[120.9958,14.52353],[120.9958,14.52371],[120.99589,14.52371]]],[[[120.99567,14.53446],[120.99567,14.53492],[120.99598,14.53492],[120.99598,14.53465],[120.99579,14.53455],[120.99579,14.53447],[120.99567,14.53446]]],[[[120.99567,14.51729],[120.99567,14.51756],[120.99595,14.51748],[120.99586,14.5173],[120.99567,14.51729]]],[[[120.99567,14.52814],[120.99567,14.52832],[120.99594,14.52832],[120.99585,14.52814],[120.99567,14.52814]]],[[[120.99567,14.52985],[120.99567,14.53076],[120.99573,14.53076],[120.99592,14.53013],[120.99583,14.53013],[120.99583,14.52995],[120.99567,14.52985]]],[[[120.99567,14.52],[120.99567,14.52073],[120.99573,14.52073],[120.99573,14.52046],[120.99592,14.52046],[120.99592,14.52037],[120.99583,14.52037],[120.99583,14.52028],[120.99592,14.52028],[120.99592,14.52001],[120.99567,14.52]]],[[[120.99567,14.52597],[120.99567,14.52606],[120.99587,14.52606],[120.99587,14.52597],[120.99567,14.52597]]],[[[120.99567,14.51775],[120.99567,14.51793],[120.99585,14.51793],[120.99585,14.51775],[120.99567,14.51775]]],[[[120.99582,14.52082],[120.99573,14.52082],[120.99573,14.521],[120.99582,14.521],[120.99582,14.52082]]],[[[120.99567,14.51169],[120.99567,14.51187],[120.99581,14.51187],[120.99581,14.51178],[120.99567,14.51169]]],[[[120.99567,14.51458],[120.99567,14.51485],[120.99569,14.51485],[120.99579,14.51467],[120.99567,14.51458]]],[[[120.99567,14.50473],[120.99569,14.505],[120.99578,14.50501],[120.99578,14.50473],[120.99567,14.50473]]]]}},{"type":"Feature","properties":{"hazard":"flood","level":2},"geometry":{"type":"MultiPolygon","coordinates":[[[[121.0365,14.50535],[121.03668,14.50535],[121.03669,14.50526],[121.0365,14.50517],[121.0365,14.50535]]],[[[121.03648,14.50752],[121.03675,14.50752],[121.03675,14.50734],[121.03657,14.50734],[121.03648,14.50752]]],[[[121.02536,14.52767],[121.02545,14.52767],[121.02545,14.52794],[121.02563,14.52794],[121.02563,14.52785],[121.02591,14.52776],[121.02591,14.52767],[121.02628,14.52768],[121.02628,14.52749],[121.02638,14.5275],[121.02638,14.52668],[121.02648,14.52668],[121.02648,14.52641],[121.02676,14.5265],[121.02676,14.52641],[121.02694,14.52642],[121.02713,14.52615],[121.02769,14.52606],[121.02788,14.5257],[121.02853,14.52562],[121.02853,14.52553],[121.02871,14.52553],[121.02871,14.52544],[121.02881,14.52544],[121.02881,14.52553],[121.02908,14.52553],[121.02899,14.52535],[121.02881,14.52535],[121.02881,14.52507],[121.0289,14.52508],[121.0289,14.5249],[121.029,14.5249],[121.02909,14.52463],[121.02974,14.52454],[121.02974,14.52436],[121.03002,14.52436],[121.03002,14.52445],[121.03011,14.52445],[121.03011,14.52436],[121.0303,14.52436],[121.03039,14.52464],[121.03076,14.52473],[121.03085,14.525],[121.03104,14.525],[121.03104,14.52519],[121.03187,14.52519],[121.03196,14.52537],[121.03205,14.52537],[121.03205,14.52556],[121.03242,14.52556],[121.03242,14.52565],[121.0327,14.52565],[121.0327,14.52547],[121.03298,14.52547],[121.03298,14.52565],[121.03316,14.52565],[121.03316,14.52575],[121.03353,14.52602],[121.03353,14.5262],[121.0339,14.52647],[121.0339,14.52675],[121.03399,14.52675],[121.03408,14.52702],[121.0338,14.52711],[121.0338,14.52729],[121.03399,14.52738],[121.03398,14.52756],[121.03408,14.52756],[121.03407,14.52774],[121.03417,14.52774],[121.03417,14.52801],[121.03435,14.52801],[121.03435,14.52783],[121.03454,14.52774],[121.03454,14.52756],[121.03482,14.52757],[121.03482,14.52766],[121.035,14.52766],[121.035,14.52784],[121.03528,14.52793],[121.03537,14.5282],[121.03574,14.5283],[121.03583,14.52848],[121.03602,14.52848],[121.0362,14.52884],[121.03629,14.52884],[121.03629,14.52875],[121.03675,14.52876],[121.03675,14.5283],[121.03593,14.5283],[121.03593,14.52821],[121.03667,14.52821],[121.03667,14.52812],[121.0363,14.52812],[121.03621,14.52785],[121.03602,14.52785],[121.03584,14.52757],[121.03565,14.52748],[121.03566,14.52712],[121.03575,14.52712],[121.03575,14.52703],[121.03529,14.52694],[121.03529,14.52685],[121.0352,14.52685],[121.0352,14.52657],[121.03511,14.52657],[121.03501,14.52639],[121.03474,14.52639],[121.03473,14.52648],[121.03455,14.52648],[121.03455,14.52657],[121.03483,14.52657],[121.03483,14.52648],[121.03492,14.52648],[121.03501,14.52666],[121.0351,14.52666],[121.0351,14.52675],[121.03492,14.52675],[121.03492,14.52693],[121.03519,14.52712],[121.03519,14.5273],[121.03501,14.5273],[121.03501,14.52721],[121.03454,14.5272],[121.03454,14.52702],[121.03482,14.52702],[121.03482,14.52693],[121.03464,14.52693],[121.03455,14.52666],[121.03418,14.52657],[121.03418,14.52648],[121.03436,14.52648],[121.03436,14.52639],[121.03418,14.52629],[121.03427,14.52612],[121.03418,14.52612],[121.03418,14.52593],[121.03428,14.52594],[121.03419,14.52548],[121.03437,14.52539],[121.03437,14.52521],[121.03354,14.52502],[121.03327,14.52466],[121.03308,14.52466],[121.03308,14.52475],[121.03327,14.52484],[121.03326,14.52502],[121.03345,14.52511],[121.03345,14.52529],[121.03373,14.5253],[121.03372,14.52566],[121.03344,14.52566],[121.03345,14.52539],[121.03326,14.52529],[121.03326,14.52511],[121.03317,14.52511],[121.03317,14.52502],[121.03289,14.52502],[121.03289,14.52493],[121.03271,14.52493],[121.03271,14.52484],[121.03252,14.52484],[121.03252,14.52493],[121.03215,14.52483],[121.03215,14.52492],[121.0315,14.52492],[121.0315,14.52501],[121.03132,14.52501],[121.03113,14.52473],[121.03095,14.52473],[121.03086,14.52455],[121.03076,14.52455],[121.03077,14.52428],[121.03067,14.52428],[121.03067,14.52419],[121.02975,14.52418],[121.02975,14.52409],[121.02928,14.52418],[121.02928,14.52408],[121.0291,14.52408],[121.0291,14.52399],[121.029,14.52399],[121.029,14.52408],[121.02873,14.52408],[121.02872,14.52417],[121.02835,14.52417],[121.02826,14.5239],[121.0278,14.52398],[121.02789,14.52435],[121.02817,14.52444],[121.02798,14.52498],[121.02816,14.52498],[121.02816,14.52507],[121.02788,14.52507],[121.02788,14.52552],[121.0276,14.52561],[121.0276,14.52579],[121.02751,14.52579],[121.02732,14.52606],[121.0262,14.52605],[121.0262,14.52614],[121.02574,14.52613],[121.02564,14.5264],[121.02546,14.52649],[121.02546,14.52676],[121.02573,14.52695],[121.02573,14.5274],[121.02582,14.5274],[121.02582,14.52749],[121.02563,14.52749],[121.02563,14.52758],[121.02582,14.52758],[121.02582,14.52767],[121.02563,14.52767],[121.02563,14.52776],[121.02554,14.52776],[121.02554,14.52758],[121.02536,14.52758],[121.02536,14.52767]],[[121.03399,14.52711],[121.03417,14.52711],[121.03417,14.5272],[121.03399,14.5272],[121.03399,14.52711]],[[121.02816,14.52507],[121.02825,14.52507],[121.02825,14.52498],[121.02853,14.52498],[121.02862,14.52525],[121.02853,14.52525],[121.02853,14.52534],[121.02825,14.52534],[121.02816,14.52507]],[[121.03639,14.52848],[121.03639,14.52839],[121.03648,14.52839],[121.03648,14.52848],[121.03639,14.52848]],[[121.03574,14.52812],[121.03574,14.52802],[121.03556,14.52802],[121.03556,14.52793],[121.03528,14.52784],[121.03528,14.52766],[121.03519,14.52766],[121.03528,14.52748],[121.03519,14.52748],[121.03519,14.52739],[121.03547,14.52739],[121.03556,14.52784],[121.03593,14.52803],[121.03593,14.52812],[121.03574,14.52812]],[[121.03399,14.52638],[121.03399,14.52629],[121.03409,14.52629],[121.03409,14.52638],[121.03399,14.52638]],[[121.03391,14.52593],[121.03391,14.52584],[121.03381,14.52584],[121.03381,14.52575],[121.034,14.52575],[121.034,14.52593],[121.03391,14.52593]]],[[[121.03308,14.52466],[121.03308,14.52457],[121.0329,14.52457],[121.0329,14.52448],[121.03271,14.52448],[121.03262,14.52429],[121.03234,14.5242],[121.03244,14.52375],[121.03272,14.52366],[121.03272,14.52357],[121.0329,14.52357],[121.03291,14.52348],[121.03318,14.52349],[121.03347,14.52313],[121.03384,14.52313],[121.03384,14.52295],[121.03421,14.52268],[121.03421,14.5225],[121.03449,14.5225],[121.03449,14.52241],[121.03496,14.52242],[121.03495,14.52251],[121.03514,14.52251],[121.03523,14.52269],[121.03533,14.52269],[121.03532,14.52287],[121.03588,14.52297],[121.03588,14.52315],[121.03597,14.52315],[121.03597,14.52333],[121.03615,14.52342],[121.03615,14.5236],[121.03652,14.52369],[121.03652,14.52388],[121.03675,14.52406],[121.03671,14.52333],[121.03643,14.52333],[121.03643,14.52324],[121.03634,14.52324],[121.03634,14.52288],[121.03625,14.52288],[121.03625,14.5227],[121.03607,14.52261],[121.03607,14.52252],[121.0357,14.52251],[121.0357,14.52242],[121.03551,14.52242],[121.03551,14.52233],[121.03533,14.52224],[121.03533,14.52179],[121.03524,14.52179],[121.03524,14.5216],[121.03533,14.52161],[121.03543,14.52143],[121.03608,14.52125],[121.03608,14.52089],[121.03627,14.52089],[121.03627,14.5208],[121.03646,14.5208],[121.03655,14.52062],[121.03673,14.52062],[121.03675,14.52017],[121.03674,14.52044],[121.03627,14.52035],[121.03627,14.52044],[121.03599,14.52044],[121.03599,14.52053],[121.03571,14.52052],[121.03571,14.52061],[121.03562,14.52061],[121.03571,14.52089],[121.03562,14.52088],[121.03553,14.52107],[121.03534,14.52106],[121.03534,14.52088],[121.03525,14.52088],[121.03515,14.52124],[121.03468,14.5216],[121.03468,14.52178],[121.03422,14.52169],[121.03413,14.5215],[121.03394,14.52159],[121.03394,14.52177],[121.03348,14.52186],[121.03348,14.52195],[121.0332,14.52195],[121.03311,14.52177],[121.03292,14.52177],[121.03292,14.52186],[121.03283,14.52186],[121.03283,14.52213],[121.03236,14.52221],[121.03227,14.52239],[121.03199,14.52239],[121.03199,14.52248],[121.03152,14.52248],[121.03134,14.5222],[121.03106,14.52211],[121.03107,14.52175],[121.03116,14.52175],[121.03116,14.52148],[121.03125,14.52148],[121.03117,14.52094],[121.03126,14.52094],[121.03135,14.52067],[121.03098,14.52067],[121.03089,14.52085],[121.0308,14.52084],[121.0307,14.52148],[121.03079,14.52148],[121.03078,14.5222],[121.03097,14.52229],[121.03106,14.52265],[121.03115,14.52266],[121.03106,14.52284],[121.03143,14.52275],[121.03143,14.52284],[121.03171,14.52293],[121.03171,14.52266],[121.03226,14.52266],[121.03236,14.52248],[121.03282,14.5224],[121.03292,14.52222],[121.03301,14.52222],[121.03301,14.52204],[121.0332,14.52213],[121.0332,14.52222],[121.03431,14.52214],[121.03431,14.52223],[121.03394,14.52223],[121.03356,14.52267],[121.0331,14.52276],[121.033,14.52294],[121.03282,14.52294],[121.03282,14.52303],[121.03254,14.52321],[121.03244,14.52348],[121.03207,14.52357],[121.03198,14.52375],[121.03188,14.52375],[121.03188,14.52429],[121.03169,14.52429],[121.03169,14.52438],[121.03234,14.52438],[121.03234,14.52447],[121.03262,14.52448],[121.03262,14.52457],[121.0328,14.52457],[121.0328,14.52466],[121.03308,14.52466]],[[121.03643,14.52333],[121.03643,14.52342],[121.03634,14.52342],[121.03634,14.52333],[121.03643,14.52333]],[[121.03543,14.52143],[121.03524,14.52142],[121.03524,14.52152],[121.03506,14.52151],[121.03515,14.52133],[121.03524,14.52133],[121.03525,14.52115],[121.03543,14.52125],[121.03543,14.52143]],[[121.03606,14.52297],[121.03616,14.52297],[121.03616,14.52306],[121.03606,14.52306],[121.03606,14.52297]],[[121.03581,14.52062],[121.0359,14.52062],[121.0359,14.52071],[121.03581,14.52071],[121.03581,14.52062]],[[121.03207,14.52402],[121.03206,14.52429],[121.03197,14.52429],[121.03197,14.52402],[121.03207,14.52402]]],[[[121.03674,14.52017],[121.03675,14.5199],[121.03665,14.5199],[121.03655,14.52017],[121.03674,14.52017]]],[[[121.03562,14.5207],[121.03544,14.5207],[121.03543,14.52079],[121.03562,14.52079],[121.03562,14.5207]]],[[[121.03551,14.50182],[121.0357,14.50182],[121.0357,14.50164],[121.03588,14.50164],[121.03588,14.50155],[121.03616,14.50155],[121.03616,14.50173],[121.03653,14.50174],[121.03653,14.50183],[121.03672,14.50183],[121.03675,14.50192],[121.03673,14.50056],[121.03654,14.50056],[121.03654,14.50074],[121.03626,14.50083],[121.03626,14.50119],[121.03588,14.50128],[121.03598,14.50146],[121.03561,14.50146],[121.0356,14.50155],[121.03551,14.50155],[121.03551,14.50182]],[[121.03644,14.50119],[121.03644,14.5011],[121.03654,14.5011],[121.03654,14.50119],[121.03644,14.50119]]],[[[121.03632,14.51547],[121.03675,14.51547],[121.03675,14.51538],[121.03632,14.51538],[121.03632,14.51547]]],[[[121.03549,14.51456],[121.03549,14.51474],[121.03521,14.51465],[121.0353,14.51492],[121.03539,14.51492],[121.03539,14.51483],[121.03567,14.51483],[121.03567,14.51465],[121.03549,14.51456]]],[[[121.03549,14.51456],[121.03549,14.51429],[121.03605,14.51411],[121.03596,14.51384],[121.03577,14.51384],[121.03577,14.51402],[121.03559,14.51402],[121.03559,14.51411],[121.03531,14.5142],[121.03531,14.51429],[121.0354,14.51429],[121.0354,14.51456],[121.03549,14.51456]]],[[[121.03596,14.51384],[121.03615,14.51384],[121.03615,14.51366],[121.03643,14.51348],[121.03652,14.5133],[121.03675,14.5133],[121.03675,14.51312],[121.03634,14.51312],[121.03634,14.51321],[121.03615,14.51321],[121.03615,14.51357],[121.03606,14.51357],[121.03596,14.51384]]],[[[121.0354,14.50317],[121.03559,14.50326],[121.03559,14.50317],[121.03605,14.50318],[121.03605,14.50309],[121.03615,14.50309],[121.03624,14.50336],[121.03633,14.50336],[121.03633,14.50327],[121.03661,14.50327],[121.03661,14.50309],[121.03675,14.503],[121.03675,14.50273],[121.03662,14.50255],[121.03643,14.50255],[121.03643,14.50246],[121.03578,14.50236],[121.03578,14.50227],[121.03569,14.50227],[121.03569,14.50236],[121.0356,14.50236],[121.0356,14.50263],[121.0355,14.50263],[121.0355,14.50281],[121.03541,14.50281],[121.0354,14.50317]]],[[[121.0311,14.51787],[121.03119,14.51787],[121.03119,14.51823],[121.03128,14.51823],[121.03128,14.51841],[121.03156,14.51859],[121.03156,14.51868],[121.03184,14.51859],[121.03184,14.51868],[121.03193,14.51868],[121.03183,14.51896],[121.03202,14.51896],[121.03202,14.51905],[121.03193,14.51905],[121.03192,14.51968],[121.03183,14.51968],[121.03191,14.52013],[121.03182,14.52013],[121.03173,14.5204],[121.03163,14.5204],[121.03163,14.52058],[121.03182,14.52058],[121.03191,14.52031],[121.03201,14.52031],[121.03201,14.52013],[121.0321,14.52013],[121.0321,14.51995],[121.0322,14.51995],[121.03211,14.51959],[121.03248,14.51968],[121.03257,14.51941],[121.03266,14.51942],[121.03267,14.51905],[121.03304,14.51915],[121.03304,14.51906],[121.03313,14.51906],[121.03313,14.51897],[121.03285,14.51896],[121.03295,14.51851],[121.03425,14.51843],[121.03444,14.51816],[121.03472,14.51817],[121.03481,14.5179],[121.03463,14.5178],[121.03463,14.51744],[121.03454,14.51744],[121.03463,14.51699],[121.03454,14.51699],[121.03445,14.51672],[121.03426,14.51672],[121.03427,14.51663],[121.03454,14.51663],[121.03454,14.51645],[121.03445,14.51645],[121.03445,14.51654],[121.03417,14.51653],[121.03417,14.51644],[121.03427,14.51645],[121.03427,14.51636],[121.03455,14.51636],[121.03455,14.51627],[121.03483,14.51618],[121.03483,14.51609],[121.03501,14.51609],[121.03511,14.51591],[121.03492,14.51591],[121.03492,14.51573],[121.03529,14.51573],[121.03548,14.516],[121.03594,14.5161],[121.03594,14.51619],[121.03622,14.51628],[121.03631,14.51646],[121.03659,14.51638],[121.03668,14.51656],[121.03675,14.51656],[121.03675,14.5161],[121.03668,14.51601],[121.0365,14.51601],[121.03641,14.51583],[121.03622,14.51583],[121.03622,14.51574],[121.03576,14.51573],[121.03576,14.51556],[121.03557,14.51555],[121.03548,14.51573],[121.03539,14.51573],[121.03539,14.51537],[121.0353,14.51537],[121.0353,14.51528],[121.03502,14.51528],[121.03502,14.51519],[121.03484,14.51519],[121.03484,14.5151],[121.03465,14.51509],[121.03465,14.515],[121.03437,14.51491],[121.03437,14.51509],[121.03391,14.51545],[121.0339,14.51563],[121.03464,14.51573],[121.03464,14.516],[121.03436,14.51609],[121.03436,14.516],[121.03418,14.51599],[121.03418,14.5159],[121.03399,14.5159],[121.03399,14.51599],[121.03409,14.51599],[121.03399,14.51617],[121.03408,14.51617],[121.03408,14.51662],[121.03389,14.51671],[121.03389,14.51717],[121.0338,14.51717],[121.03379,14.51735],[121.03361,14.51734],[121.0337,14.51762],[121.03361,14.51761],[121.03361,14.5177],[121.03351,14.5177],[121.03351,14.51752],[121.03324,14.51752],[121.03314,14.5177],[121.03296,14.51761],[121.03296,14.51752],[121.03287,14.51752],[121.03287,14.51761],[121.03249,14.51751],[121.03249,14.51779],[121.03258,14.51779],[121.03258,14.51788],[121.0324,14.51788],[121.03231,14.51769],[121.03194,14.51769],[121.03194,14.5176],[121.03185,14.5176],[121.03184,14.51769],[121.03119,14.51769],[121.0311,14.51787]],[[121.03202,14.51905],[121.0322,14.51905],[121.03211,14.51932],[121.03202,14.51932],[121.03202,14.51905]],[[121.03408,14.51662],[121.03417,14.51663],[121.03417,14.51672],[121.03408,14.51671],[121.03408,14.51662]],[[121.03361,14.5177],[121.0337,14.51771],[121.0337,14.5178],[121.03361,14.5178],[121.03361,14.5177]],[[121.03613,14.51592],[121.03622,14.51592],[121.03622,14.51601],[121.03613,14.51601],[121.03613,14.51592]],[[121.03613,14.51592],[121.03603,14.51592],[121.03603,14.51583],[121.03613,14.51583],[121.03613,14.51592]],[[121.03529,14.51564],[121.03511,14.51564],[121.03511,14.51555],[121.0353,14.51546],[121.03529,14.51564]],[[121.03258,14.51842],[121.03267,14.51842],[121.03267,14.51851],[121.03258,14.51851],[121.03258,14.51842]],[[121.03258,14.51842],[121.03239,14.51842],[121.03239,14.51851],[121.03221,14.51842],[121.03221,14.51833],[121.03249,14.51824],[121.0324,14.51806],[121.03249,14.51806],[121.03249,14.51797],[121.03268,14.51797],[121.03267,14.51815],[121.03277,14.51815],[121.03286,14.51788],[121.03323,14.51788],[121.03323,14.51797],[121.0336,14.51807],[121.0336,14.51816],[121.03379,14.51816],[121.03379,14.51807],[121.03407,14.51807],[121.03407,14.51798],[121.03416,14.51798],[121.03416,14.51789],[121.03407,14.51789],[121.03407,14.51753],[121.03398,14.51753],[121.03398,14.51735],[121.03426,14.51753],[121.03425,14.51798],[121.03435,14.51798],[121.03425,14.51816],[121.03407,14.51816],[121.03406,14.51825],[121.03388,14.51825],[121.03388,14.51834],[121.03323,14.51834],[121.03314,14.51815],[121.03286,14.51815],[121.03286,14.51824],[121.03258,14.51833],[121.03258,14.51842]],[[121.03398,14.51735],[121.03389,14.51735],[121.03389,14.51726],[121.03398,14.51726],[121.03398,14.51735]],[[121.03286,14.51824],[121.03305,14.51824],[121.03304,14.51842],[121.03286,14.51833],[121.03286,14.51824]],[[121.03426,14.51681],[121.03426,14.51708],[121.03398,14.51717],[121.03408,14.51681],[121.03426,14.51681]],[[121.0323,14.51869],[121.03239,14.51869],[121.03239,14.51887],[121.03221,14.51887],[121.0323,14.51869]],[[121.03202,14.51851],[121.03221,14.51851],[121.03211,14.51878],[121.03202,14.51878],[121.03202,14.51851]]],[[[121.0339,14.51563],[121.03381,14.51563],[121.03381,14.5159],[121.0339,14.5159],[121.0339,14.51563]]],[[[121.03183,14.51896],[121.03174,14.51896],[121.03174,14.51923],[121.03146,14.51922],[121.03146,14.51949],[121.03164,14.5195],[121.03164,14.51932],[121.03174,14.51932],[121.03173,14.51959],[121.03183,14.51959],[121.03183,14.51896]]],[[[121.03637,14.52993],[121.03665,14.52993],[121.03665,14.52975],[121.03675,14.52975],[121.03675,14.52939],[121.03666,14.52939],[121.03666,14.5293],[121.03638,14.5293],[121.03638,14.52939],[121.03647,14.52939],[121.03637,14.52993]]],[[[121.03602,14.50652],[121.03602,14.50643],[121.03667,14.50643],[121.03668,14.50634],[121.03593,14.50634],[121.03593,14.50643],[121.03584,14.50643],[121.03584,14.50652],[121.03602,14.50652]]],[[[121.03665,14.53029],[121.03665,14.5302],[121.03647,14.5302],[121.03646,14.53029],[121.03665,14.53029]]],[[[121.03664,14.53129],[121.03665,14.53056],[121.03655,14.53056],[121.03655,14.53065],[121.03628,14.53065],[121.03618,14.53083],[121.03646,14.53092],[121.03646,14.53119],[121.03664,14.53129]]],[[[120.99603,14.49823],[120.99593,14.4985],[120.99584,14.4985],[120.99584,14.49868],[120.99567,14.49868],[120.99567,14.50338],[120.99598,14.50338],[120.99598,14.50365],[120.99616,14.50374],[120.99616,14.50401],[120.99653,14.5042],[120.99652,14.50483],[120.99662,14.50483],[120.99662,14.5051],[120.99671,14.5051],[120.9967,14.50555],[120.9968,14.50556],[120.99679,14.50574],[120.99689,14.50574],[120.99688,14.50655],[120.99669,14.50664],[120.9966,14.50682],[120.99623,14.50682],[120.99604,14.50709],[120.99567,14.50717],[120.99567,14.50744],[120.99576,14.50745],[120.99576,14.50781],[120.99567,14.5078],[120.99567,14.5079],[120.99576,14.5079],[120.99575,14.50808],[120.99594,14.50817],[120.99594,14.50844],[120.99603,14.50844],[120.99593,14.50862],[120.99603,14.50862],[120.99602,14.50898],[120.99612,14.50898],[120.99611,14.50953],[120.9962,14.50953],[120.9962,14.5098],[120.99629,14.5098],[120.99638,14.51043],[120.99647,14.51043],[120.99647,14.51061],[120.99657,14.51061],[120.99656,14.51116],[120.99684,14.51134],[120.99693,14.51161],[120.99711,14.51161],[120.9972,14.51179],[120.9973,14.51179],[120.99729,14.51198],[120.99757,14.51216],[120.99757,14.51234],[120.99785,14.51252],[120.99794,14.5128],[120.9984,14.5128],[120.9984,14.51289],[120.99821,14.51289],[120.99812,14.51307],[120.99803,14.51307],[120.99803,14.51316],[120.99812,14.51316],[120.99812,14.51343],[120.99821,14.51343],[120.99821,14.5137],[120.9983,14.5137],[120.9982,14.51433],[120.99801,14.51442],[120.99801,14.5146],[120.99792,14.5146],[120.998,14.51578],[120.9981,14.51578],[120.99819,14.51551],[120.99856,14.51551],[120.99865,14.51569],[120.99884,14.51569],[120.99884,14.51542],[120.99912,14.51543],[120.99912,14.51552],[120.99921,14.51552],[120.99931,14.51525],[120.99958,14.51525],[120.99958,14.51561],[120.99967,14.51561],[120.99968,14.51525],[120.99986,14.51525],[120.99996,14.51507],[121.00024,14.51507],[121.00024,14.51498],[121.00088,14.51499],[121.00088,14.51544],[121.00079,14.51544],[121.00079,14.51571],[121.00069,14.51571],[121.00069,14.5158],[121.00023,14.51571],[121.00032,14.51553],[121.00042,14.51553],[121.00042,14.51535],[121.00014,14.51525],[121.00005,14.51552],[121.00014,14.51553],[121.00014,14.51562],[121.00005,14.51561],[120.99995,14.51579],[120.99976,14.51579],[120.99976,14.51588],[120.99958,14.51588],[120.99958,14.51615],[120.99985,14.51606],[120.99985,14.51652],[120.99976,14.51652],[120.99967,14.51624],[120.99957,14.51624],[120.99957,14.51642],[120.99948,14.51642],[120.99948,14.51697],[120.99938,14.51696],[120.99938,14.51705],[120.99892,14.51714],[120.99892,14.51705],[120.99883,14.51705],[120.99882,14.51714],[120.99864,14.51714],[120.99864,14.51732],[120.99891,14.5175],[120.99891,14.51768],[120.99901,14.51768],[120.999,14.51787],[120.9991,14.51787],[120.99919,14.51823],[120.99937,14.51832],[120.99937,14.51877],[120.99946,14.51877],[120.99946,14.51895],[120.99955,14.51895],[120.99955,14.51913],[120.99964,14.51914],[120.99964,14.51932],[120.99973,14.51932],[120.99973,14.51995],[120.99963,14.51995],[120.99954,14.52031],[120.99945,14.52031],[120.99944,14.52076],[120.99953,14.52076],[120.99954,14.52067],[120.99981,14.52067],[120.99981,14.52058],[121.00019,14.52059],[121.00019,14.52041],[121.0001,14.5204],[121.00009,14.5205],[120.99972,14.52049],[120.99972,14.5204],[120.99963,14.5204],[120.99963,14.52022],[120.99972,14.52022],[120.99973,14.52004],[120.99982,14.52004],[120.99982,14.51977],[121.00001,14.51968],[121.00001,14.51959],[121.0002,14.51959],[121.00011,14.51896],[121.00039,14.51896],[121.00048,14.51914],[121.00075,14.51914],[121.00075,14.51933],[121.00085,14.51933],[121.00084,14.51978],[121.00075,14.51978],[121.00075,14.51987],[121.00084,14.51987],[121.00083,14.52177],[121.00073,14.52177],[121.00073,14.52186],[121.00017,14.52176],[121.00017,14.52185],[120.99943,14.52184],[120.99943,14.52175],[120.99934,14.52175],[120.99932,14.52383],[120.99923,14.52383],[120.99923,14.52392],[120.99932,14.52392],[120.99932,14.5241],[120.99941,14.5241],[120.99941,14.52428],[120.99923,14.52419],[120.99922,14.52437],[120.9995,14.52437],[120.9995,14.52429],[120.9996,14.52429],[120.99959,14.52438],[120.99969,14.52438],[120.99968,14.52474],[120.99913,14.52473],[120.99903,14.52546],[120.99894,14.52545],[120.99883,14.52717],[120.99873,14.52717],[120.99873,14.52726],[120.99938,14.52727],[120.99939,14.52708],[120.99957,14.52709],[120.99967,14.52682],[120.99939,14.52681],[120.99939,14.52654],[120.9993,14.52654],[120.9993,14.52645],[120.99939,14.52645],[120.99939,14.52636],[120.99958,14.52645],[120.99967,14.52628],[121.00004,14.52628],[121.00014,14.52574],[121.00023,14.52574],[121.00024,14.52538],[121.00033,14.52538],[121.00033,14.52501],[121.00042,14.52502],[121.00043,14.52474],[121.00052,14.52474],[121.00061,14.52448],[121.0008,14.52448],[121.0007,14.52475],[121.0008,14.52475],[121.0008,14.52493],[121.0007,14.52493],[121.0007,14.52529],[121.00061,14.52529],[121.00051,14.52556],[121.00042,14.52556],[121.00042,14.52592],[121.00032,14.52592],[121.00023,14.52619],[121.00014,14.52619],[121.00013,14.52646],[121.00004,14.52646],[121.00004,14.52673],[120.99994,14.52673],[120.99994,14.52709],[121.00013,14.52709],[121.00013,14.52718],[121.00031,14.52718],[121.00041,14.52673],[121.0006,14.52664],[121.0006,14.52655],[121.00078,14.52656],[121.00078,14.52637],[121.00051,14.52628],[121.0006,14.52601],[121.00051,14.52601],[121.00051,14.52592],[121.00079,14.52574],[121.00079,14.52565],[121.00097,14.52565],[121.00107,14.52547],[121.00126,14.52548],[121.00126,14.52529],[121.00154,14.52512],[121.00163,14.52494],[121.00182,14.52503],[121.00181,14.52539],[121.002,14.52548],[121.002,14.52557],[121.00237,14.52557],[121.00237,14.52548],[121.00255,14.52549],[121.00255,14.52539],[121.00404,14.52541],[121.00404,14.5255],[121.00432,14.52559],[121.00431,14.52595],[121.00441,14.52595],[121.00431,14.52622],[121.00394,14.52622],[121.00394,14.52631],[121.00366,14.52631],[121.00366,14.5264],[121.00329,14.5264],[121.00329,14.52649],[121.00301,14.52639],[121.00301,14.52684],[121.00245,14.52684],[121.00245,14.52693],[121.00226,14.52693],[121.00217,14.52711],[121.00208,14.52711],[121.00208,14.52693],[121.00217,14.52693],[121.00208,14.52666],[121.00217,14.52666],[121.00217,14.52657],[121.00199,14.52656],[121.00199,14.52666],[121.0018,14.52665],[121.0018,14.52656],[121.00124,14.52656],[121.00124,14.52665],[121.00097,14.52665],[121.00096,14.52674],[121.00069,14.52683],[121.00059,14.52728],[121.00087,14.52728],[121.00087,14.52737],[121.00114,14.52746],[121.00114,14.52764],[121.00087,14.52755],[121.00086,14.52773],[121.00096,14.52773],[121.00114,14.528],[121.00105,14.528],[121.00105,14.52809],[121.00058,14.528],[121.00049,14.52782],[121.00021,14.52773],[121.00012,14.52736],[120.99985,14.52736],[120.99984,14.52763],[121.00003,14.52763],[121.00003,14.52772],[120.99975,14.5279],[120.99975,14.52799],[121.0004,14.52809],[121.00039,14.52836],[121.0003,14.52836],[121.0003,14.52845],[121.00021,14.52845],[121.00021,14.52836],[120.99993,14.52835],[121.00002,14.52908],[121.00039,14.52908],[121.00039,14.52899],[121.00076,14.529],[121.00076,14.5289],[121.00085,14.5289],[121.00085,14.529],[121.00104,14.529],[121.00104,14.52909],[121.00169,14.52909],[121.00168,14.52936],[121.00178,14.52937],[121.00187,14.52919],[121.00224,14.52919],[121.00233,14.52937],[121.00252,14.52937],[121.00261,14.52982],[121.0027,14.52983],[121.00279,14.53001],[121.00298,14.53001],[121.00288,14.53046],[121.00297,14.53046],[121.00297,14.53055],[121.00334,14.53055],[121.00334,14.53046],[121.00353,14.53046],[121.00343,14.53092],[121.00325,14.531],[121.00325,14.53109],[121.00362,14.5311],[121.0038,14.53146],[121.00408,14.53155],[121.00407,14.53182],[121.00398,14.53182],[121.00398,14.53191],[121.0037,14.53182],[121.0037,14.532],[121.00352,14.532],[121.00342,14.53173],[121.00324,14.53173],[121.00315,14.53154],[121.00296,14.53163],[121.00296,14.53145],[121.00269,14.53127],[121.00269,14.53136],[121.0025,14.53136],[121.00259,14.53163],[121.00231,14.53163],[121.00222,14.5319],[121.00213,14.5319],[121.00203,14.53208],[121.00166,14.53208],[121.00175,14.53226],[121.00184,14.53226],[121.00175,14.53253],[121.00128,14.53243],[121.00128,14.53252],[121.00119,14.53252],[121.00119,14.53243],[121.0011,14.53243],[121.0011,14.53207],[121.00101,14.53207],[121.00101,14.5318],[121.00129,14.53171],[121.00147,14.53198],[121.00175,14.53199],[121.00176,14.53162],[121.00185,14.53163],[121.00185,14.53144],[121.00176,14.53144],[121.00176,14.53126],[121.00148,14.53126],[121.00139,14.53153],[121.0012,14.53153],[121.0013,14.53126],[121.00111,14.53117],[121.00111,14.53081],[121.00139,14.53072],[121.0013,14.53054],[121.00093,14.53053],[121.00093,14.53044],[121.00038,14.53035],[121.00038,14.53026],[121.00019,14.53026],[121.00019,14.53017],[121.0001,14.53016],[121.0,14.53043],[120.99982,14.53043],[120.99982,14.52998],[121.00001,14.52998],[121.00001,14.52989],[120.99973,14.52989],[120.99972,14.53061],[120.99963,14.53061],[120.99963,14.53106],[120.99953,14.53106],[120.99953,14.53115],[120.99963,14.53115],[120.99962,14.53152],[120.99935,14.53151],[120.99935,14.5316],[120.99953,14.53161],[120.99944,14.53178],[120.99916,14.53169],[120.99916,14.5316],[120.99897,14.5316],[120.99879,14.53187],[120.9986,14.53178],[120.99851,14.53196],[120.99841,14.53196],[120.99832,14.53177],[120.99851,14.53169],[120.99851,14.5316],[120.99786,14.5315],[120.99796,14.53132],[120.99814,14.53132],[120.99814,14.53114],[120.99823,14.53114],[120.99824,14.53087],[120.99833,14.53087],[120.99824,14.53069],[120.99833,14.53069],[120.99833,14.53051],[120.99852,14.53051],[120.99843,14.52988],[120.99853,14.52988],[120.99853,14.52934],[120.99862,14.52934],[120.99862,14.52916],[120.99816,14.52906],[120.99816,14.52879],[120.99835,14.5287],[120.99835,14.52852],[120.99826,14.52852],[120.99836,14.52816],[120.99826,14.52816],[120.99817,14.52789],[120.99836,14.52789],[120.99836,14.52771],[120.99817,14.52762],[120.99818,14.52744],[120.99808,14.52744],[120.99809,14.52707],[120.99818,14.52707],[120.99818,14.52671],[120.99828,14.52671],[120.99828,14.52653],[120.99809,14.52653],[120.998,14.52635],[120.99828,14.52626],[120.99828,14.52608],[120.99837,14.52608],[120.99838,14.52554],[120.99847,14.52554],[120.99847,14.52545],[120.9981,14.52536],[120.99811,14.52491],[120.9982,14.52491],[120.9982,14.52473],[120.99848,14.52473],[120.99848,14.52455],[120.9982,14.52463],[120.9982,14.52445],[120.99811,14.52445],[120.99811,14.52427],[120.9982,14.52427],[120.99812,14.52355],[120.99877,14.52346],[120.99877,14.52328],[120.99886,14.52328],[120.99886,14.5231],[120.99877,14.5231],[120.99878,14.5222],[120.99869,14.5222],[120.99869,14.52175],[120.99878,14.52175],[120.99879,14.52112],[120.99888,14.52112],[120.99889,14.52012],[120.99917,14.51994],[120.99917,14.51976],[120.99927,14.51976],[120.99918,14.5194],[120.99908,14.5194],[120.99908,14.51922],[120.99899,14.51922],[120.99899,14.51895],[120.9989,14.51895],[120.9989,14.51859],[120.99881,14.51859],[120.99881,14.51877],[120.99863,14.51877],[120.99853,14.51895],[120.99807,14.51894],[120.99815,14.51985],[120.99787,14.51993],[120.99787,14.5203],[120.99796,14.5203],[120.99796,14.52012],[120.99815,14.52012],[120.99824,14.52057],[120.99814,14.52057],[120.99814,14.52075],[120.99842,14.52084],[120.99842,14.52075],[120.99861,14.52075],[120.9986,14.52102],[120.99851,14.52102],[120.99851,14.52129],[120.99832,14.52129],[120.99832,14.52138],[120.99777,14.52138],[120.99777,14.52129],[120.99749,14.52129],[120.99749,14.52092],[120.99787,14.52066],[120.99787,14.52048],[120.99768,14.52056],[120.99759,14.52074],[120.9974,14.52074],[120.9974,14.52092],[120.99712,14.5211],[120.99712,14.52128],[120.99721,14.52128],[120.99721,14.52137],[120.99749,14.52138],[120.99758,14.52165],[120.9973,14.52183],[120.9973,14.52192],[120.99711,14.52191],[120.99711,14.52219],[120.9973,14.52219],[120.99729,14.52246],[120.99739,14.52246],[120.99739,14.52219],[120.99757,14.52219],[120.99748,14.52282],[120.99803,14.52274],[120.99784,14.52301],[120.99747,14.52309],[120.99747,14.52327],[120.99729,14.52336],[120.99728,14.52363],[120.99747,14.52373],[120.99747,14.524],[120.99737,14.524],[120.99746,14.52436],[120.99783,14.52436],[120.99783,14.52463],[120.99792,14.52463],[120.99792,14.52545],[120.9981,14.52545],[120.9981,14.52563],[120.99754,14.52571],[120.99754,14.5258],[120.99745,14.5258],[120.99745,14.52598],[120.99754,14.52599],[120.99754,14.52644],[120.99744,14.52644],[120.99744,14.52671],[120.99763,14.52671],[120.99762,14.52707],[120.99744,14.52707],[120.99744,14.52725],[120.99753,14.52725],[120.99752,14.52779],[120.99762,14.52779],[120.99761,14.52797],[120.99743,14.52806],[120.99743,14.52842],[120.99733,14.52842],[120.99733,14.5286],[120.99742,14.52861],[120.99742,14.52906],[120.99733,14.52906],[120.99732,14.52942],[120.99742,14.52942],[120.99741,14.5296],[120.99732,14.5296],[120.99732,14.52996],[120.99723,14.52996],[120.99722,14.53014],[120.99713,14.53014],[120.99713,14.53068],[120.99722,14.53068],[120.99731,14.53086],[120.99703,14.53104],[120.99694,14.53122],[120.99638,14.53122],[120.99638,14.53131],[120.99656,14.53131],[120.99656,14.53185],[120.99628,14.53194],[120.996,14.53194],[120.996,14.53185],[120.99591,14.53185],[120.99591,14.53194],[120.99572,14.53193],[120.99567,14.53202],[120.99572,14.53229],[120.99609,14.5323],[120.99609,14.53239],[120.99618,14.53239],[120.99618,14.53293],[120.99609,14.53293],[120.99608,14.5332],[120.99655,14.53321],[120.99654,14.53375],[120.99636,14.53384],[120.99635,14.53402],[120.99645,14.53402],[120.99644,14.53438],[120.99626,14.53438],[120.99626,14.53447],[120.99617,14.53447],[120.99617,14.53438],[120.99589,14.53438],[120.9958,14.53419],[120.9957,14.53419],[120.9958,14.53392],[120.99617,14.53393],[120.99617,14.53383],[120.99599,14.53383],[120.9959,14.53347],[120.99567,14.53347],[120.99567,14.53374],[120.9958,14.53374],[120.9958,14.53383],[120.99567,14.53383],[120.99567,14.53446],[120.99579,14.53447],[120.99579,14.53455],[120.99598,14.53465],[120.99598,14.53492],[120.99567,14.53494],[121.00525,14.53491],[121.00525,14.53473],[121.00544,14.53473],[121.00544,14.53428],[121.00517,14.53409],[121.00508,14.53382],[121.00489,14.53382],[121.00499,14.53355],[121.00489,14.53355],[121.00489,14.53346],[121.00443,14.53345],[121.00434,14.53327],[121.00406,14.53327],[121.00406,14.53309],[121.00397,14.53309],[121.00407,14.53264],[121.00416,14.53264],[121.00416,14.53246],[121.00435,14.53237],[121.00435,14.53228],[121.00426,14.53228],[121.00426,14.53201],[121.00417,14.53201],[121.00417,14.53173],[121.00426,14.53174],[121.00426,14.53164],[121.00528,14.53174],[121.00538,14.53138],[121.00556,14.5313],[121.00557,14.53093],[121.00566,14.53093],[121.00576,14.53039],[121.00594,14.53039],[121.00594,14.53067],[121.00622,14.53085],[121.00612,14.5313],[121.0063,14.5313],[121.0063,14.53139],[121.00658,14.53148],[121.00658,14.5313],[121.0064,14.5313],[121.00631,14.53094],[121.0064,14.53094],[121.0064,14.53058],[121.00659,14.53058],[121.00696,14.53104],[121.00733,14.53113],[121.00732,14.53131],[121.00723,14.53131],[121.00723,14.53158],[121.00732,14.53158],[121.00742,14.53131],[121.00779,14.53122],[121.00779,14.53095],[121.00789,14.53095],[121.00789,14.53086],[121.00826,14.53078],[121.00826,14.53069],[121.00807,14.53068],[121.00808,14.53032],[121.00817,14.53032],[121.00817,14.53023],[121.00845,14.53032],[121.00835,14.5306],[121.00854,14.53069],[121.00853,14.53087],[121.00863,14.53087],[121.00872,14.5306],[121.00882,14.5306],[121.00882,14.53042],[121.00891,14.53042],[121.00891,14.53024],[121.00919,14.53015],[121.00919,14.52997],[121.00947,14.52988],[121.00947,14.52979],[121.01012,14.5298],[121.01012,14.52989],[121.01031,14.52989],[121.01031,14.52998],[121.0104,14.52998],[121.0104,14.52989],[121.01077,14.52989],[121.01087,14.52962],[121.01096,14.52962],[121.01096,14.52953],[121.01087,14.52953],[121.01087,14.52926],[121.01105,14.52917],[121.01106,14.52899],[121.01115,14.52899],[121.01106,14.52854],[121.01115,14.52854],[121.01115,14.52845],[121.01143,14.52845],[121.01143,14.52827],[121.01153,14.52827],[121.01153,14.52791],[121.01162,14.52791],[121.01162,14.52773],[121.01181,14.52773],[121.01181,14.52755],[121.0119,14.52755],[121.012,14.52773],[121.01255,14.52774],[121.01255,14.52783],[121.01264,14.52783],[121.01255,14.52801],[121.01283,14.5281],[121.01283,14.52837],[121.01292,14.52838],[121.01292,14.52847],[121.0132,14.52838],[121.0132,14.5282],[121.01348,14.52802],[121.01348,14.52793],[121.01376,14.52811],[121.01375,14.5282],[121.01403,14.5282],[121.01403,14.52857],[121.01394,14.52857],[121.01394,14.52875],[121.01375,14.52865],[121.01375,14.52901],[121.01384,14.52902],[121.01384,14.5292],[121.01365,14.52919],[121.01365,14.5291],[121.013,14.52919],[121.01301,14.52901],[121.01319,14.52901],[121.01319,14.52883],[121.01291,14.52883],[121.01282,14.52901],[121.01263,14.529],[121.01263,14.5291],[121.01245,14.52919],[121.01244,14.52946],[121.01272,14.52946],[121.01263,14.52964],[121.01272,14.52964],[121.01272,14.52991],[121.01281,14.52991],[121.01281,14.53018],[121.0129,14.53018],[121.0129,14.53027],[121.01299,14.53027],[121.01299,14.53018],[121.01346,14.53019],[121.01346,14.5301],[121.01364,14.5301],[121.01365,14.52992],[121.01383,14.52983],[121.01374,14.52965],[121.0142,14.52974],[121.01421,14.52965],[121.01439,14.52965],[121.0143,14.52983],[121.01439,14.52983],[121.01439,14.53011],[121.01448,14.53011],[121.01448,14.5302],[121.01485,14.5302],[121.01494,14.52993],[121.01513,14.52993],[121.01532,14.52966],[121.0155,14.52966],[121.01551,14.52948],[121.0156,14.52948],[121.0156,14.5293],[121.01569,14.5293],[121.0156,14.52903],[121.01597,14.52903],[121.01597,14.52894],[121.01635,14.52886],[121.01644,14.52859],[121.01663,14.52859],[121.01653,14.52886],[121.01672,14.52886],[121.01672,14.52877],[121.01681,14.52877],[121.01681,14.5285],[121.01718,14.5285],[121.01728,14.52832],[121.01737,14.52832],[121.01737,14.5285],[121.01728,14.5285],[121.01727,14.52868],[121.01718,14.52868],[121.01718,14.52886],[121.0169,14.52904],[121.0169,14.52922],[121.01671,14.52931],[121.01671,14.5294],[121.01718,14.52941],[121.01717,14.5295],[121.01727,14.5295],[121.01717,14.52977],[121.01736,14.52986],[121.01736,14.52995],[121.01763,14.52995],[121.01773,14.52968],[121.01782,14.52968],[121.01782,14.52959],[121.01764,14.52959],[121.01773,14.52932],[121.0181,14.52932],[121.0181,14.52941],[121.01829,14.52951],[121.01829,14.52932],[121.01838,14.52933],[121.01839,14.52896],[121.0182,14.52887],[121.01821,14.52752],[121.01831,14.52752],[121.01831,14.52725],[121.01859,14.52734],[121.01858,14.52761],[121.01849,14.52761],[121.01849,14.52815],[121.01858,14.52815],[121.01858,14.52842],[121.01904,14.52852],[121.01904,14.5287],[121.01885,14.52879],[121.01885,14.52897],[121.0195,14.52897],[121.01922,14.52861],[121.01932,14.52861],[121.01932,14.52852],[121.0196,14.52852],[121.01969,14.52825],[121.01978,14.52825],[121.01987,14.52853],[121.02006,14.52853],[121.02006,14.52834],[121.02025,14.52826],[121.02016,14.52807],[121.02071,14.52808],[121.02071,14.52835],[121.0209,14.52835],[121.02136,14.52781],[121.02155,14.52782],[121.02155,14.52773],[121.02174,14.52773],[121.02174,14.52764],[121.02201,14.52764],[121.02201,14.52773],[121.0222,14.52773],[121.0222,14.52782],[121.02238,14.52782],[121.02239,14.52773],[121.02257,14.52764],[121.02257,14.52746],[121.02229,14.52755],[121.02229,14.52764],[121.02211,14.52764],[121.02202,14.52746],[121.02183,14.52746],[121.02183,14.52755],[121.02137,14.52763],[121.02137,14.52772],[121.02081,14.52772],[121.02081,14.52763],[121.02062,14.52763],[121.02062,14.52772],[121.02053,14.52772],[121.02063,14.52717],[121.02072,14.52718],[121.02072,14.52681],[121.02054,14.52681],[121.02054,14.52699],[121.02044,14.52699],[121.02016,14.52735],[121.0197,14.52735],[121.0197,14.52753],[121.01998,14.52753],[121.02007,14.52771],[121.01997,14.52771],[121.01997,14.5278],[121.01969,14.5278],[121.0196,14.52762],[121.01951,14.52762],[121.01942,14.52789],[121.01923,14.52798],[121.01932,14.52825],[121.01923,14.52825],[121.01923,14.52834],[121.01895,14.52834],[121.01895,14.5277],[121.01886,14.5277],[121.01886,14.52734],[121.01877,14.52734],[121.01877,14.52716],[121.01868,14.52716],[121.01868,14.5268],[121.01878,14.5268],[121.01878,14.52662],[121.01887,14.52662],[121.01887,14.52635],[121.01924,14.52626],[121.01925,14.52599],[121.01906,14.52599],[121.01916,14.52581],[121.01953,14.52581],[121.01953,14.5259],[121.01962,14.5259],[121.01962,14.52563],[121.01971,14.52563],[121.01972,14.52509],[121.01963,14.52509],[121.01963,14.52491],[121.01935,14.525],[121.01944,14.52473],[121.01963,14.52464],[121.01963,14.52455],[121.01954,14.52454],[121.01954,14.52427],[121.01936,14.52418],[121.01927,14.52373],[121.01899,14.52355],[121.01909,14.52319],[121.01872,14.523],[121.01872,14.52228],[121.01882,14.52228],[121.01891,14.52174],[121.01901,14.52174],[121.01901,14.52156],[121.0191,14.52156],[121.0191,14.52138],[121.01919,14.52138],[121.0192,14.52129],[121.01883,14.5212],[121.01882,14.52147],[121.01854,14.52164],[121.01854,14.52201],[121.01845,14.52201],[121.01845,14.5221],[121.01854,14.5221],[121.01854,14.52246],[121.01826,14.52264],[121.01816,14.52309],[121.01825,14.52309],[121.01825,14.52318],[121.01862,14.52318],[121.01862,14.52336],[121.01844,14.52336],[121.01843,14.52345],[121.01853,14.52345],[121.01853,14.52363],[121.01862,14.52363],[121.01861,14.52399],[121.01871,14.524],[121.01871,14.52418],[121.01889,14.52418],[121.01889,14.52445],[121.01898,14.52445],[121.01898,14.52508],[121.01888,14.52508],[121.01879,14.52544],[121.01869,14.52544],[121.01869,14.52562],[121.01842,14.52571],[121.01832,14.52589],[121.01823,14.52589],[121.01823,14.52616],[121.01841,14.52616],[121.01841,14.52607],[121.0186,14.52607],[121.0186,14.52616],[121.01832,14.52625],[121.01832,14.52652],[121.01804,14.52643],[121.01804,14.52661],[121.01794,14.52661],[121.01794,14.52697],[121.01775,14.52697],[121.01775,14.52706],[121.01757,14.52706],[121.01757,14.52715],[121.0171,14.52706],[121.0171,14.52715],[121.01692,14.52714],[121.01692,14.52687],[121.01664,14.52678],[121.01655,14.5266],[121.01627,14.5266],[121.01627,14.52642],[121.016,14.52632],[121.016,14.52623],[121.01581,14.52623],[121.0159,14.5265],[121.01581,14.5265],[121.01572,14.52668],[121.01544,14.52668],[121.01544,14.52641],[121.01507,14.52659],[121.01498,14.52631],[121.01516,14.52623],[121.01516,14.52604],[121.01526,14.52605],[121.01526,14.52595],[121.01554,14.52596],[121.01554,14.52578],[121.01526,14.52559],[121.01526,14.52586],[121.01507,14.52595],[121.01507,14.52613],[121.01479,14.52613],[121.0147,14.52631],[121.01451,14.52631],[121.0146,14.52649],[121.01432,14.52667],[121.01432,14.52676],[121.01405,14.52667],[121.01404,14.52676],[121.01377,14.52685],[121.01377,14.52694],[121.01339,14.52693],[121.01339,14.52702],[121.01293,14.52693],[121.01293,14.52711],[121.01265,14.52711],[121.01256,14.52738],[121.01237,14.52738],[121.01237,14.52747],[121.012,14.52746],[121.012,14.52737],[121.01181,14.52728],[121.01182,14.5271],[121.01172,14.5271],[121.01163,14.52737],[121.01144,14.52746],[121.01144,14.52782],[121.01125,14.52791],[121.01134,14.52818],[121.01106,14.52836],[121.01106,14.52845],[121.01078,14.52854],[121.01087,14.52881],[121.01078,14.52881],[121.01068,14.52953],[121.01003,14.52953],[121.00994,14.52934],[121.00975,14.52934],[121.00966,14.52952],[121.00947,14.52952],[121.00938,14.5297],[121.0092,14.5297],[121.00919,14.52979],[121.00901,14.52979],[121.00901,14.52988],[121.00817,14.52987],[121.00817,14.52996],[121.00789,14.52996],[121.0079,14.52987],[121.00771,14.52978],[121.00771,14.5296],[121.00743,14.5295],[121.00734,14.52932],[121.00725,14.52932],[121.00725,14.52941],[121.00706,14.52941],[121.00706,14.5295],[121.00586,14.52949],[121.00576,14.52967],[121.00548,14.52976],[121.00557,14.53021],[121.00548,14.53021],[121.00548,14.5303],[121.00502,14.5303],[121.00502,14.53021],[121.00492,14.53021],[121.00493,14.52984],[121.00502,14.52984],[121.00503,14.52912],[121.00512,14.52912],[121.00513,14.52831],[121.00531,14.52831],[121.00531,14.52804],[121.00559,14.52804],[121.00559,14.52777],[121.00569,14.52777],[121.00569,14.52768],[121.00541,14.5275],[121.00551,14.52723],[121.00532,14.52723],[121.00514,14.52695],[121.00495,14.52695],[121.00505,14.5265],[121.00514,14.5265],[121.00514,14.52614],[121.00543,14.52596],[121.00543,14.52587],[121.00524,14.52587],[121.00534,14.52551],[121.00515,14.52542],[121.00516,14.52478],[121.00525,14.52479],[121.00535,14.52443],[121.00553,14.52443],[121.00553,14.52425],[121.00572,14.52416],[121.00572,14.52398],[121.00591,14.52389],[121.006,14.52371],[121.00582,14.52371],[121.00582,14.5238],[121.00563,14.52388],[121.00563,14.52407],[121.00535,14.52424],[121.00516,14.52451],[121.00488,14.52451],[121.00488,14.52442],[121.0047,14.52433],[121.0047,14.52406],[121.00479,14.52406],[121.00479,14.52388],[121.00526,14.52352],[121.00526,14.52334],[121.00545,14.52334],[121.00545,14.52325],[121.00564,14.52316],[121.00564,14.52298],[121.00582,14.52298],[121.00592,14.5228],[121.00601,14.5228],[121.00601,14.52262],[121.00583,14.52271],[121.00573,14.52289],[121.00554,14.52289],[121.00545,14.52316],[121.00526,14.52316],[121.00508,14.52343],[121.00489,14.52343],[121.00489,14.52352],[121.00452,14.52342],[121.00433,14.52369],[121.00396,14.52369],[121.00396,14.5236],[121.00405,14.5236],[121.00415,14.52324],[121.00434,14.52315],[121.00434,14.52297],[121.0049,14.52252],[121.0049,14.52234],[121.00527,14.52207],[121.00528,14.52189],[121.00556,14.52181],[121.00556,14.52163],[121.00574,14.52154],[121.00575,14.52136],[121.00556,14.52126],[121.00556,14.52108],[121.00528,14.52117],[121.00528,14.52126],[121.0051,14.52117],[121.00491,14.52171],[121.00453,14.52198],[121.00453,14.52225],[121.00444,14.52225],[121.00434,14.52261],[121.00406,14.5227],[121.00397,14.52297],[121.00378,14.52297],[121.00378,14.5227],[121.00369,14.52269],[121.0037,14.52215],[121.00398,14.52197],[121.00398,14.52188],[121.00379,14.52188],[121.0037,14.52206],[121.00351,14.52206],[121.00342,14.52152],[121.00333,14.52152],[121.00333,14.52143],[121.00342,14.52143],[121.00343,14.52116],[121.00334,14.52116],[121.00344,14.52007],[121.00334,14.52007],[121.00335,14.51926],[121.00317,14.51926],[121.00316,14.51971],[121.00288,14.51971],[121.00298,14.51952],[121.00289,14.51952],[121.00289,14.51925],[121.00261,14.51907],[121.0027,14.51934],[121.00252,14.51934],[121.00252,14.51943],[121.00233,14.51952],[121.00233,14.51961],[121.00261,14.51961],[121.0026,14.52006],[121.00251,14.52006],[121.00251,14.52015],[121.00223,14.51997],[121.00223,14.51988],[121.00214,14.51988],[121.00214,14.51997],[121.00158,14.52005],[121.00158,14.51978],[121.0014,14.51978],[121.0014,14.51996],[121.00112,14.51996],[121.00122,14.51924],[121.0015,14.51924],[121.00159,14.51942],[121.00177,14.51942],[121.00178,14.51906],[121.00168,14.51906],[121.00168,14.51897],[121.00122,14.51906],[121.00122,14.51888],[121.00113,14.51888],[121.00113,14.51852],[121.00141,14.51861],[121.00141,14.51852],[121.0016,14.51852],[121.0015,14.51825],[121.00169,14.51816],[121.0016,14.51789],[121.00114,14.51788],[121.00114,14.51761],[121.00151,14.51761],[121.00151,14.51752],[121.00142,14.51752],[121.00142,14.51725],[121.0017,14.51717],[121.0018,14.51689],[121.00152,14.51671],[121.00162,14.51635],[121.00096,14.51643],[121.00097,14.51598],[121.00088,14.51598],[121.00088,14.5158],[121.00125,14.51572],[121.00125,14.51544],[121.00116,14.51544],[121.00116,14.51499],[121.00126,14.51499],[121.00126,14.51481],[121.00181,14.51473],[121.00182,14.51464],[121.00154,14.51463],[121.00154,14.51409],[121.00164,14.51409],[121.00164,14.514],[121.00127,14.51409],[121.00127,14.51391],[121.00154,14.51382],[121.00155,14.51355],[121.00164,14.51355],[121.00155,14.51301],[121.00192,14.51292],[121.00183,14.51274],[121.00211,14.51274],[121.00211,14.51256],[121.0023,14.51256],[121.0023,14.51247],[121.00212,14.51238],[121.00221,14.51193],[121.00212,14.51193],[121.00212,14.51175],[121.00184,14.51165],[121.00184,14.51156],[121.00203,14.51147],[121.00204,14.51093],[121.00213,14.51093],[121.00213,14.51075],[121.00231,14.51075],[121.00223,14.51021],[121.00213,14.51021],[121.00214,14.50958],[121.00223,14.50958],[121.00223,14.50931],[121.00196,14.5093],[121.00196,14.50912],[121.00177,14.50903],[121.00178,14.50876],[121.00168,14.50876],[121.00169,14.50822],[121.0015,14.50822],[121.0015,14.50813],[121.00141,14.50812],[121.00141,14.50776],[121.00123,14.50776],[121.00104,14.50812],[121.00067,14.50812],[121.00067,14.50821],[121.00039,14.5083],[121.00029,14.50848],[120.99992,14.50857],[121.00001,14.50893],[121.00011,14.50893],[121.0001,14.5092],[121.0002,14.5092],[121.00019,14.50947],[121.0001,14.50947],[121.0001,14.51001],[120.99982,14.51001],[120.99973,14.50983],[120.99945,14.50973],[120.99945,14.50901],[120.99936,14.50901],[120.99936,14.50883],[120.99927,14.50883],[120.99926,14.50982],[120.99898,14.50982],[120.99899,14.50955],[120.99862,14.50955],[120.99861,14.50964],[120.99852,14.50964],[120.99852,14.50955],[120.99815,14.50954],[120.99815,14.50918],[120.99788,14.50909],[120.99788,14.509],[120.99816,14.50891],[120.99807,14.50846],[120.99816,14.50846],[120.99816,14.50837],[120.99798,14.50837],[120.99798,14.50819],[120.99816,14.5081],[120.99817,14.50774],[120.99789,14.50773],[120.99789,14.50782],[120.9978,14.50782],[120.9978,14.50764],[120.99808,14.50755],[120.99799,14.50701],[120.99827,14.50701],[120.99836,14.50683],[120.99864,14.50684],[120.99864,14.50657],[120.99827,14.50629],[120.99837,14.50557],[120.99763,14.50547],[120.99763,14.50556],[120.99735,14.50556],[120.99735,14.50565],[120.99717,14.50556],[120.99717,14.50565],[120.99707,14.50565],[120.99698,14.50538],[120.99689,14.50538],[120.99689,14.5052],[120.99698,14.5052],[120.99708,14.50502],[120.99726,14.50502],[120.99717,14.5052],[120.99763,14.5052],[120.99763,14.50529],[120.99773,14.50529],[120.99773,14.50511],[120.99791,14.50502],[120.99792,14.50457],[120.99755,14.5043],[120.99764,14.50412],[120.99774,14.50412],[120.99774,14.50376],[120.99783,14.50376],[120.99783,14.50349],[120.99774,14.50348],[120.99774,14.50339],[120.99784,14.5034],[120.99784,14.50322],[120.99793,14.50322],[120.99793,14.50304],[120.99784,14.50303],[120.99784,14.50294],[120.99793,14.50295],[120.99793,14.50267],[120.9984,14.50268],[120.9984,14.50277],[120.99849,14.50277],[120.9984,14.50313],[120.99895,14.50304],[120.99904,14.50323],[120.99923,14.50323],[120.99923,14.50314],[120.99941,14.50314],[120.9996,14.50341],[120.99978,14.50341],[120.99969,14.50359],[120.99997,14.5036],[121.00016,14.50333],[121.00034,14.50333],[121.00043,14.50315],[121.00062,14.50315],[121.00062,14.5027],[121.00053,14.5027],[121.00054,14.50134],[121.00082,14.50134],[121.00082,14.50125],[121.00101,14.50116],[121.00102,14.50044],[121.00129,14.50053],[121.00129,14.50062],[121.00176,14.50072],[121.00165,14.5018],[121.00175,14.5018],[121.00184,14.50162],[121.00295,14.50163],[121.00286,14.50136],[121.0024,14.50127],[121.0024,14.50108],[121.00222,14.50108],[121.00222,14.50099],[121.00259,14.501],[121.00259,14.50109],[121.00277,14.50109],[121.00286,14.50127],[121.00342,14.50136],[121.00333,14.50109],[121.00324,14.50109],[121.00324,14.50091],[121.00352,14.50082],[121.00361,14.50028],[121.00371,14.50028],[121.0038,14.5001],[121.00352,14.49992],[121.00353,14.49983],[121.00334,14.49983],[121.00316,14.49956],[121.00297,14.49955],[121.00297,14.49946],[121.00242,14.49928],[121.00233,14.4991],[121.00214,14.4991],[121.00205,14.49891],[121.00186,14.49891],[121.00186,14.49882],[121.00159,14.49873],[121.00159,14.49864],[121.00131,14.49855],[121.00131,14.49845],[121.00168,14.49846],[121.00168,14.49855],[121.00224,14.49873],[121.00242,14.49901],[121.00288,14.4991],[121.00288,14.49919],[121.00316,14.49919],[121.00316,14.49938],[121.00334,14.49938],[121.00334,14.49947],[121.00371,14.49947],[121.00371,14.49956],[121.0039,14.49956],[121.0039,14.49965],[121.00418,14.49965],[121.00427,14.49984],[121.00455,14.49984],[121.00454,14.49993],[121.0051,14.50011],[121.00519,14.5003],[121.00547,14.5003],[121.00547,14.50039],[121.00565,14.50039],[121.00575,14.50057],[121.00612,14.50057],[121.00621,14.50076],[121.00704,14.50103],[121.00704,14.50113],[121.00722,14.50113],[121.00732,14.50131],[121.00769,14.50131],[121.00778,14.50149],[121.00833,14.50168],[121.00833,14.50177],[121.0087,14.50186],[121.0087,14.50195],[121.00889,14.50195],[121.00889,14.50204],[121.00944,14.50214],[121.00944,14.50223],[121.00963,14.50223],[121.00972,14.50241],[121.01074,14.50242],[121.01074,14.50251],[121.01111,14.50252],[121.01111,14.50261],[121.01139,14.50252],[121.01139,14.50261],[121.01194,14.50279],[121.01278,14.5028],[121.01278,14.50244],[121.01306,14.50244],[121.01306,14.50253],[121.01398,14.50245],[121.01398,14.50263],[121.01417,14.50263],[121.01417,14.50281],[121.01444,14.50281],[121.01444,14.50272],[121.01454,14.50272],[121.01454,14.50282],[121.015,14.50282],[121.015,14.50309],[121.01491,14.50309],[121.0149,14.50318],[121.01528,14.50318],[121.01546,14.50355],[121.01564,14.50346],[121.01565,14.50328],[121.01648,14.50319],[121.01648,14.50328],[121.01676,14.50328],[121.01685,14.50347],[121.01704,14.50347],[121.01704,14.50356],[121.01731,14.50365],[121.01731,14.50392],[121.01759,14.50393],[121.01758,14.50429],[121.01768,14.50429],[121.01768,14.50438],[121.01758,14.50438],[121.01758,14.50483],[121.01786,14.50492],[121.01786,14.50501],[121.01804,14.50501],[121.01805,14.50456],[121.01814,14.50456],[121.01814,14.5042],[121.01805,14.5042],[121.01805,14.50411],[121.01824,14.50411],[121.01824,14.50393],[121.01861,14.50393],[121.01861,14.50384],[121.01842,14.50375],[121.01843,14.50357],[121.01824,14.50348],[121.01815,14.5033],[121.01797,14.5033],[121.01796,14.50357],[121.01806,14.50357],[121.01805,14.50366],[121.0175,14.50356],[121.01769,14.50329],[121.01741,14.50338],[121.01741,14.50329],[121.01732,14.50329],[121.01732,14.50302],[121.01704,14.50302],[121.01704,14.50293],[121.01695,14.50293],[121.01704,14.50275],[121.0176,14.50266],[121.0176,14.50257],[121.01732,14.50257],[121.01732,14.50248],[121.01695,14.50238],[121.01686,14.50256],[121.01695,14.50256],[121.01695,14.50265],[121.01667,14.50265],[121.01667,14.50256],[121.0163,14.50256],[121.0163,14.50247],[121.01593,14.50247],[121.01593,14.50228],[121.01565,14.50237],[121.01575,14.50219],[121.01538,14.50228],[121.01538,14.50219],[121.01519,14.50219],[121.0151,14.50237],[121.01501,14.50237],[121.01491,14.50219],[121.01463,14.50218],[121.01464,14.50209],[121.01454,14.50209],[121.01454,14.50218],[121.01445,14.50218],[121.01445,14.50209],[121.01408,14.50209],[121.01417,14.50191],[121.01427,14.50191],[121.01427,14.50173],[121.01408,14.50173],[121.0138,14.50209],[121.01362,14.50208],[121.01352,14.50226],[121.01324,14.50226],[121.01324,14.50217],[121.01334,14.50217],[121.01334,14.5019],[121.01278,14.50199],[121.01269,14.50217],[121.01241,14.50216],[121.01241,14.50235],[121.01232,14.50234],[121.01232,14.50216],[121.01222,14.50216],[121.01223,14.50198],[121.01204,14.50198],[121.01204,14.50243],[121.01176,14.50243],[121.01167,14.50225],[121.01148,14.50225],[121.01139,14.50206],[121.01111,14.50197],[121.01112,14.5017],[121.01121,14.5017],[121.01121,14.50161],[121.01112,14.50161],[121.01112,14.50152],[121.01121,14.50152],[121.01121,14.50143],[121.01103,14.50143],[121.01103,14.50134],[121.01084,14.50134],[121.01084,14.50125],[121.01038,14.50133],[121.01028,14.50133],[121.01028,14.50124],[121.00991,14.50124],[121.00991,14.50133],[121.00973,14.50142],[121.00973,14.50133],[121.00936,14.50123],[121.00927,14.50096],[121.00945,14.50096],[121.00945,14.50105],[121.00982,14.50097],[121.00983,14.50061],[121.00964,14.5006],[121.00955,14.50042],[121.00918,14.50042],[121.00918,14.50033],[121.00872,14.50033],[121.00872,14.50023],[121.00862,14.50023],[121.00862,14.50033],[121.00853,14.50032],[121.0089,14.50078],[121.00862,14.50078],[121.00862,14.50069],[121.00843,14.50069],[121.00844,14.50059],[121.00825,14.50059],[121.00825,14.50068],[121.00862,14.50096],[121.00862,14.50105],[121.0088,14.50105],[121.00889,14.50123],[121.00917,14.50123],[121.00926,14.50141],[121.00945,14.50151],[121.00945,14.50169],[121.00907,14.50168],[121.00907,14.50159],[121.0088,14.50159],[121.0088,14.5015],[121.00852,14.5015],[121.00843,14.50132],[121.00806,14.50131],[121.00806,14.50122],[121.00787,14.50122],[121.00787,14.50113],[121.00769,14.50113],[121.00769,14.50104],[121.0076,14.50104],[121.0076,14.50068],[121.00732,14.50067],[121.00723,14.50049],[121.00677,14.5004],[121.00677,14.50031],[121.0064,14.50031],[121.00612,14.49994],[121.00547,14.49976],[121.00548,14.49967],[121.0052,14.49957],[121.0052,14.49948],[121.00492,14.49948],[121.00483,14.4993],[121.00474,14.4993],[121.00483,14.49903],[121.00446,14.49911],[121.00437,14.49911],[121.00437,14.49902],[121.00409,14.49902],[121.00409,14.49893],[121.00381,14.49884],[121.00381,14.49875],[121.00363,14.49875],[121.00354,14.49856],[121.00335,14.49856],[121.00326,14.49838],[121.00307,14.49838],[121.00308,14.49829],[121.0028,14.4982],[121.0028,14.49811],[121.00261,14.49811],[121.00262,14.49802],[120.99955,14.49799],[120.99964,14.49835],[120.99955,14.49835],[120.99945,14.49907],[120.99917,14.49898],[120.99918,14.4988],[120.99899,14.4988],[120.9989,14.49898],[120.99853,14.49897],[120.99852,14.49915],[120.99815,14.49897],[120.99816,14.4987],[120.99825,14.4987],[120.99825,14.49861],[120.99806,14.49852],[120.99807,14.49816],[120.99816,14.49816],[120.99816,14.49799],[120.99742,14.49799],[120.99751,14.49869],[120.99769,14.4987],[120.99769,14.49906],[120.9975,14.49906],[120.99751,14.49887],[120.99732,14.49878],[120.99723,14.49851],[120.99695,14.49851],[120.99695,14.49842],[120.99658,14.4985],[120.99649,14.49832],[120.99612,14.49832],[120.99612,14.49823],[120.99603,14.49823]],[[120.99931,14.51525],[120.99921,14.51525],[120.99921,14.51516],[120.99931,14.51516],[120.99931,14.51525]],[[121.00011,14.51896],[120.99983,14.51896],[120.99974,14.51877],[120.99983,14.51877],[120.99983,14.51868],[121.00029,14.51878],[121.00029,14.51887],[121.00011,14.51887],[121.00011,14.51896]],[[121.00226,14.52702],[121.00245,14.52702],[121.00244,14.5272],[121.00226,14.5272],[121.00226,14.52702]],[[121.00343,14.53092],[121.00362,14.53092],[121.00362,14.53101],[121.00343,14.53101],[121.00343,14.53092]],[[121.0037,14.532],[121.00379,14.532],[121.00379,14.53209],[121.0037,14.53209],[121.0037,14.532]],[[121.00111,14.53081],[121.00102,14.5308],[121.00102,14.53071],[121.00111,14.53072],[121.00111,14.53081]],[[120.99851,14.53196],[120.99869,14.53205],[120.99869,14.53214],[120.99888,14.53214],[120.99887,14.53232],[120.99859,14.5325],[120.99859,14.53268],[120.99841,14.53268],[120.99851,14.53196]],[[120.99841,14.53268],[120.99822,14.53304],[120.99803,14.53295],[120.99804,14.53277],[120.99841,14.53268]],[[121.00426,14.53164],[121.00417,14.53164],[121.00417,14.53146],[121.00426,14.53147],[121.00426,14.53164]],[[121.01337,14.52919],[121.01356,14.52919],[121.01356,14.52937],[121.01337,14.52937],[121.01337,14.52919]],[[121.01337,14.52937],[121.01337,14.52946],[121.01318,14.52955],[121.01319,14.52937],[121.01337,14.52937]],[[121.01374,14.52965],[121.01365,14.52965],[121.01365,14.52956],[121.01374,14.52956],[121.01374,14.52965]],[[121.01978,14.52825],[121.01978,14.52816],[121.01988,14.52816],[121.01988,14.52825],[121.01978,14.52825]],[[121.02006,14.52834],[121.01997,14.52834],[121.01997,14.52825],[121.02006,14.52825],[121.02006,14.52834]],[[121.01572,14.52668],[121.0159,14.52668],[121.0159,14.52659],[121.01609,14.5266],[121.0159,14.52695],[121.01571,14.52695],[121.01572,14.52668]],[[121.00214,14.50958],[121.00195,14.50958],[121.00195,14.50985],[121.00158,14.50993],[121.00158,14.5102],[121.00149,14.5102],[121.00148,14.51029],[121.00139,14.51029],[121.0013,14.51002],[121.00093,14.51002],[121.00093,14.51011],[121.00074,14.51011],[121.00074,14.5102],[121.00056,14.5102],[121.00056,14.51029],[121.00009,14.51028],[121.00019,14.5101],[121.00037,14.5101],[121.00047,14.50993],[121.00065,14.50993],[121.00075,14.50975],[121.00093,14.50975],[121.00093,14.50966],[121.00158,14.50957],[121.00158,14.50948],[121.00177,14.50948],[121.00177,14.50939],[121.00214,14.5094],[121.00214,14.50958]],[[120.99972,14.50992],[120.99981,14.51046],[120.99972,14.51046],[120.99972,14.51073],[120.99944,14.51082],[120.99944,14.51064],[120.99935,14.51064],[120.99934,14.511],[120.99925,14.511],[120.99943,14.51172],[120.99934,14.51172],[120.99943,14.51199],[120.99934,14.51199],[120.99933,14.51217],[120.99924,14.51217],[120.99924,14.51244],[120.99915,14.51244],[120.99924,14.51262],[120.99896,14.51262],[120.99886,14.5128],[120.99849,14.5128],[120.99849,14.51271],[120.99877,14.51262],[120.99887,14.51244],[120.99896,14.51244],[120.99896,14.51226],[120.99905,14.51226],[120.99906,14.5119],[120.99915,14.5119],[120.99907,14.51073],[120.99944,14.51046],[120.99944,14.51028],[120.99963,14.51028],[120.99963,14.51001],[120.99954,14.51001],[120.99954,14.50992],[120.99972,14.50992]],[[121.00034,14.50324],[121.00025,14.50324],[121.00025,14.50314],[121.00034,14.50315],[121.00034,14.50324]],[[121.01129,14.50252],[121.0112,14.50252],[121.0112,14.50243],[121.01129,14.50243],[121.01129,14.50252]],[[121.01537,14.50327],[121.01537,14.50309],[121.01546,14.50309],[121.01546,14.50291],[121.01537,14.50291],[121.01547,14.50264],[121.01574,14.50264],[121.01574,14.50291],[121.01565,14.50291],[121.01565,14.503],[121.01583,14.50301],[121.01583,14.5031],[121.01556,14.50309],[121.01555,14.50319],[121.01537,14.50327]],[[121.01704,14.50302],[121.01704,14.5032],[121.01676,14.50319],[121.01676,14.5031],[121.01658,14.50301],[121.01658,14.50283],[121.01686,14.50283],[121.01685,14.50301],[121.01704,14.50302]],[[121.01593,14.50247],[121.01593,14.50255],[121.01584,14.50255],[121.01584,14.50246],[121.01593,14.50247]],[[120.99769,14.4987],[120.9976,14.49851],[120.99779,14.49842],[120.99788,14.49861],[120.99769,14.4987]],[[121.01935,14.52518],[121.01935,14.52509],[121.01944,14.52509],[121.01944,14.52518],[121.01935,14.52518]],[[121.0188,14.52391],[121.01899,14.52391],[121.01899,14.524],[121.0188,14.524],[121.0188,14.52391]],[[121.01878,14.5258],[121.01888,14.52581],[121.01888,14.5259],[121.01878,14.5259],[121.01878,14.5258]],[[121.01869,14.52626],[121.01869,14.52617],[121.01878,14.52617],[121.01878,14.52626],[121.01869,14.52626]],[[121.01831,14.5267],[121.01831,14.52661],[121.0185,14.52661],[121.0185,14.52671],[121.01831,14.5267]],[[121.01805,14.50375],[121.01815,14.50393],[121.01796,14.50393],[121.01796,14.50375],[121.01805,14.50375]],[[121.01794,14.52724],[121.01794,14.52715],[121.01803,14.52715],[121.01803,14.52724],[121.01794,14.52724]],[[121.01747,14.52805],[121.01747,14.52814],[121.01737,14.52814],[121.01737,14.52805],[121.01747,14.52805]],[[121.01649,14.50274],[121.01648,14.50292],[121.01621,14.50283],[121.01621,14.50292],[121.01593,14.50292],[121.01584,14.50264],[121.01602,14.50274],[121.01602,14.50256],[121.01621,14.50256],[121.01621,14.50265],[121.01649,14.50274]],[[121.01649,14.50274],[121.01649,14.50265],[121.01658,14.50265],[121.01658,14.50274],[121.01649,14.50274]],[[121.01627,14.52705],[121.01617,14.52732],[121.0159,14.52732],[121.01608,14.52705],[121.01627,14.52705]],[[121.01627,14.52705],[121.01627,14.52696],[121.01645,14.52696],[121.01645,14.52705],[121.01627,14.52705]],[[121.01553,14.52704],[121.01553,14.52695],[121.01562,14.52695],[121.01562,14.52704],[121.01553,14.52704]],[[121.01561,14.52768],[121.01543,14.52767],[121.01543,14.52758],[121.01561,14.52759],[121.01561,14.52768]],[[121.01543,14.5274],[121.01524,14.5274],[121.01525,14.52722],[121.01543,14.52722],[121.01543,14.5274]],[[121.01525,14.52677],[121.01534,14.52677],[121.01534,14.52695],[121.01525,14.52695],[121.01525,14.52677]],[[121.01469,14.52685],[121.01469,14.52694],[121.01451,14.52694],[121.01451,14.52667],[121.01479,14.52658],[121.01479,14.52685],[121.01469,14.52685]],[[121.01467,14.52965],[121.01467,14.52975],[121.01448,14.52983],[121.01448,14.52965],[121.01467,14.52965]],[[121.01441,14.52712],[121.01432,14.52712],[121.01432,14.52703],[121.01441,14.52703],[121.01441,14.52712]],[[121.01301,14.52801],[121.01301,14.52811],[121.01292,14.5281],[121.01292,14.52801],[121.01301,14.52801]],[[121.01301,14.52801],[121.01302,14.52765],[121.01292,14.52765],[121.01293,14.52747],[121.01339,14.52757],[121.01339,14.52775],[121.0132,14.52783],[121.0132,14.52802],[121.01301,14.52801]],[[121.01083,14.50224],[121.01083,14.50233],[121.01074,14.50233],[121.01074,14.50224],[121.01083,14.50224]],[[121.00733,14.53041],[121.00724,14.53013],[121.00715,14.53013],[121.00715,14.52968],[121.00743,14.52978],[121.00743,14.53014],[121.00771,14.53032],[121.00761,14.5305],[121.00733,14.53041]],[[121.00537,14.52135],[121.00537,14.52144],[121.00528,14.52144],[121.00528,14.52135],[121.00537,14.52135]],[[121.00537,14.52135],[121.00537,14.52126],[121.00547,14.52126],[121.00547,14.52135],[121.00537,14.52135]],[[121.00509,14.52171],[121.00509,14.52162],[121.00519,14.52162],[121.00518,14.52171],[121.00509,14.52171]],[[121.00458,14.52722],[121.00458,14.52704],[121.00477,14.52704],[121.00467,14.52722],[121.00458,14.52722]],[[121.00419,14.52911],[121.00428,14.52911],[121.00428,14.52921],[121.00419,14.5292],[121.00419,14.52911]],[[121.00419,14.52911],[121.00391,14.52911],[121.00391,14.52902],[121.00419,14.52902],[121.00419,14.52911]],[[121.00419,14.52902],[121.00419,14.52893],[121.0041,14.52893],[121.0041,14.52848],[121.00401,14.52848],[121.00401,14.52839],[121.0041,14.52839],[121.00411,14.52803],[121.00476,14.52803],[121.00475,14.52885],[121.00447,14.52894],[121.00447,14.52903],[121.00419,14.52902]],[[121.00447,14.52948],[121.00447,14.52939],[121.00456,14.52939],[121.00456,14.52948],[121.00447,14.52948]],[[121.00432,14.52514],[121.0045,14.52514],[121.0045,14.52523],[121.00432,14.52523],[121.00432,14.52514]],[[121.00389,14.53137],[121.00389,14.53128],[121.0038,14.53128],[121.0038,14.5311],[121.00408,14.53119],[121.00408,14.53137],[121.00389,14.53137]],[[121.00381,14.53047],[121.00362,14.53046],[121.00362,14.53037],[121.00381,14.53038],[121.00381,14.53047]],[[121.00341,14.52332],[121.00332,14.52296],[121.00341,14.52296],[121.00341,14.52278],[121.00332,14.52278],[121.00332,14.5226],[121.00341,14.5226],[121.00342,14.52242],[121.0036,14.52242],[121.0036,14.52314],[121.0035,14.52314],[121.0035,14.52332],[121.00341,14.52332]],[[121.00304,14.53344],[121.00332,14.53345],[121.00332,14.53354],[121.00304,14.53362],[121.00304,14.53344]],[[121.00327,14.52838],[121.00299,14.52838],[121.00299,14.52829],[121.00327,14.52829],[121.00327,14.52838]],[[121.00306,14.50028],[121.00306,14.50019],[121.00315,14.50019],[121.00315,14.50028],[121.00306,14.50028]],[[121.00295,14.53263],[121.00268,14.53253],[121.00277,14.53227],[121.00286,14.53227],[121.00295,14.53263]],[[121.00288,14.52016],[121.00269,14.52016],[121.0027,14.52007],[121.00288,14.52007],[121.00288,14.52016]],[[121.00277,14.53208],[121.00277,14.53199],[121.00287,14.532],[121.00286,14.53209],[121.00277,14.53208]],[[121.00234,14.52856],[121.00253,14.52856],[121.00262,14.52874],[121.0028,14.52874],[121.0028,14.5291],[121.00243,14.5291],[121.00234,14.52856]],[[121.00278,14.50019],[121.00232,14.50009],[121.00213,14.49982],[121.00176,14.49972],[121.00177,14.49963],[121.00149,14.49954],[121.00149,14.49945],[121.00112,14.49945],[121.00112,14.49936],[121.00093,14.49936],[121.00093,14.49926],[121.00075,14.49926],[121.00075,14.49917],[121.00047,14.49917],[121.00047,14.49908],[121.00029,14.49908],[121.00029,14.49899],[121.0001,14.49899],[121.0001,14.4989],[121.00001,14.4989],[121.00001,14.49863],[121.00011,14.49863],[121.0002,14.49845],[121.00057,14.49845],[121.00075,14.49872],[121.00103,14.49881],[121.00112,14.499],[121.00131,14.499],[121.0014,14.49918],[121.00158,14.49918],[121.00186,14.49954],[121.00214,14.49955],[121.00214,14.49964],[121.00241,14.49973],[121.0026,14.5],[121.00278,14.5],[121.00278,14.50019]],[[121.00262,14.52856],[121.00262,14.52847],[121.00271,14.52847],[121.00271,14.52856],[121.00262,14.52856]],[[121.00259,14.53217],[121.00259,14.53208],[121.00268,14.53208],[121.00268,14.53217],[121.00259,14.53217]],[[121.00202,14.53379],[121.00202,14.53352],[121.00211,14.53352],[121.00211,14.53343],[121.00193,14.53343],[121.00193,14.53334],[121.00202,14.53334],[121.00202,14.53325],[121.00258,14.53326],[121.00248,14.53344],[121.00267,14.53344],[121.00266,14.53371],[121.00202,14.53379]],[[121.00248,14.53308],[121.0023,14.53307],[121.0023,14.53298],[121.00249,14.53299],[121.00248,14.53308]],[[121.00231,14.5319],[121.0024,14.5319],[121.0024,14.53199],[121.00231,14.53199],[121.00231,14.5319]],[[121.0021,14.53452],[121.00192,14.53443],[121.00192,14.53416],[121.00201,14.53416],[121.00201,14.53407],[121.00229,14.53416],[121.00219,14.53461],[121.00229,14.53461],[121.00228,14.53479],[121.0021,14.53479],[121.0021,14.53452]],[[121.00191,14.52467],[121.00191,14.52449],[121.00201,14.52449],[121.002,14.52467],[121.00191,14.52467]],[[121.0016,14.52792],[121.00179,14.52792],[121.00179,14.52801],[121.0016,14.52801],[121.0016,14.52792]],[[121.0016,14.52792],[121.00142,14.52792],[121.00142,14.52783],[121.0016,14.52783],[121.0016,14.52792]],[[121.00142,14.52801],[121.00151,14.52819],[121.00179,14.52828],[121.00178,14.52882],[121.0016,14.52882],[121.0016,14.52873],[121.00141,14.52864],[121.00142,14.52819],[121.00123,14.5281],[121.00123,14.52801],[121.00142,14.52801]],[[121.00127,14.51355],[121.00118,14.51318],[121.00146,14.51319],[121.00146,14.51346],[121.00127,14.51355]],[[121.00123,14.52773],[121.00124,14.52764],[121.00142,14.52764],[121.00142,14.52773],[121.00123,14.52773]],[[121.00129,14.52123],[121.00129,14.52114],[121.00139,14.52114],[121.00139,14.52123],[121.00129,14.52123]],[[121.00128,14.51255],[121.00119,14.51237],[121.00137,14.51237],[121.00137,14.51255],[121.00128,14.51255]],[[121.00133,14.52728],[121.00115,14.52728],[121.00115,14.52719],[121.00133,14.52719],[121.00133,14.52728]],[[121.00104,14.49836],[121.00104,14.49818],[121.00131,14.49827],[121.00131,14.49836],[121.00104,14.49836]],[[121.00117,14.51454],[121.00098,14.51454],[121.00099,14.51427],[121.00117,14.51427],[121.00117,14.51454]],[[121.00094,14.51897],[121.00076,14.51896],[121.00076,14.51851],[121.00104,14.51852],[121.00094,14.51897]],[[121.00021,14.51751],[121.00003,14.51751],[121.00003,14.51715],[121.00012,14.51715],[121.00012,14.51706],[121.00031,14.51706],[121.00031,14.51715],[121.00087,14.51716],[121.00077,14.51743],[121.00068,14.51743],[121.00068,14.51734],[121.00031,14.51733],[121.00021,14.51751]],[[121.00072,14.51309],[121.00072,14.513],[121.00081,14.513],[121.00081,14.51309],[121.00072,14.51309]],[[121.00054,14.53234],[121.00055,14.53225],[121.00064,14.53225],[121.00064,14.53234],[121.00054,14.53234]],[[121.00032,14.52673],[121.00022,14.52673],[121.00022,14.52664],[121.00032,14.52664],[121.00032,14.52673]],[[121.00028,14.51046],[121.00018,14.51046],[121.00019,14.51037],[121.00028,14.51037],[121.00028,14.51046]],[[121.0001,14.49962],[120.99991,14.49962],[120.99991,14.49953],[121.0001,14.49953],[121.0001,14.49962]],[[120.99987,14.5148],[120.99978,14.51462],[121.00005,14.51462],[121.00005,14.51471],[120.99987,14.5148]],[[120.99989,14.52248],[120.99952,14.52248],[120.99952,14.52239],[120.99943,14.52239],[120.99943,14.52212],[120.9998,14.52212],[120.9998,14.52221],[120.99998,14.5223],[120.99989,14.52248]],[[120.99988,14.51344],[120.99979,14.51344],[120.99979,14.51335],[120.99988,14.51335],[120.99988,14.51344]],[[120.99959,14.52483],[120.99959,14.52519],[120.99949,14.52519],[120.9994,14.52492],[120.99959,14.52483]],[[120.99917,14.51028],[120.99917,14.50991],[120.99926,14.50991],[120.99926,14.51],[120.99935,14.51001],[120.99935,14.51028],[120.99917,14.51028]],[[120.9992,14.52681],[120.99911,14.52681],[120.99911,14.52663],[120.9992,14.52663],[120.9992,14.52681]],[[120.99906,14.5326],[120.99915,14.5326],[120.99915,14.53269],[120.99906,14.53269],[120.99906,14.5326]],[[120.99903,14.51506],[120.99912,14.51506],[120.99912,14.51516],[120.99884,14.51515],[120.99875,14.51488],[120.99903,14.51479],[120.99903,14.51506]],[[120.99879,14.50006],[120.99796,14.50005],[120.99796,14.49996],[120.99814,14.49996],[120.99815,14.49978],[120.99842,14.49979],[120.99842,14.49988],[120.9987,14.49988],[120.99879,14.50006]],[[120.99796,14.49942],[120.99861,14.49943],[120.99871,14.49961],[120.99861,14.49961],[120.99861,14.4997],[120.99833,14.49969],[120.99833,14.49961],[120.99787,14.4996],[120.99796,14.49942]],[[120.9986,14.52166],[120.9986,14.52157],[120.99869,14.52157],[120.99869,14.52166],[120.9986,14.52166]],[[120.99852,14.50991],[120.99833,14.50991],[120.99833,14.50973],[120.99861,14.50973],[120.99852,14.50991]],[[120.9985,14.51244],[120.99859,14.51244],[120.99859,14.51253],[120.9985,14.51253],[120.9985,14.51244]],[[120.99785,14.52201],[120.99804,14.52174],[120.99823,14.52183],[120.99823,14.52201],[120.99785,14.52201]],[[120.99757,14.5024],[120.99757,14.50231],[120.99738,14.50222],[120.99738,14.50195],[120.99748,14.50195],[120.99748,14.50186],[120.99776,14.50186],[120.99776,14.50168],[120.99813,14.50177],[120.99822,14.50222],[120.99784,14.50231],[120.99784,14.5024],[120.99757,14.5024]],[[120.99798,14.50801],[120.99798,14.50783],[120.99807,14.50783],[120.99807,14.50801],[120.99798,14.50801]],[[120.99762,14.52752],[120.99762,14.52725],[120.9979,14.52725],[120.9979,14.52734],[120.99762,14.52752]],[[120.99788,14.50882],[120.99779,14.50882],[120.99779,14.50855],[120.99788,14.50855],[120.99788,14.50882]],[[120.99787,14.50963],[120.99778,14.5099],[120.9975,14.5099],[120.9975,14.50954],[120.99778,14.50954],[120.99778,14.50963],[120.99787,14.50963]],[[120.99769,14.49951],[120.99768,14.49987],[120.99759,14.49987],[120.99759,14.50005],[120.9974,14.50005],[120.9974,14.49987],[120.9975,14.49987],[120.9975,14.49951],[120.99769,14.49951]],[[120.99731,14.50032],[120.9974,14.50032],[120.9974,14.50041],[120.99731,14.50041],[120.99731,14.50032]],[[120.99731,14.51008],[120.99722,14.51008],[120.99722,14.50999],[120.99731,14.50999],[120.99731,14.51008]],[[120.99683,14.53249],[120.99684,14.53203],[120.99702,14.53204],[120.99702,14.5324],[120.99683,14.53249]],[[120.99683,14.50221],[120.99683,14.50212],[120.99701,14.50212],[120.99701,14.50221],[120.99683,14.50221]],[[120.99675,14.50086],[120.99665,14.50085],[120.99665,14.50067],[120.99675,14.50068],[120.99675,14.50086]],[[120.99655,14.50239],[120.99655,14.50221],[120.99673,14.50221],[120.99664,14.50239],[120.99655,14.50239]],[[120.99649,14.50872],[120.99667,14.50872],[120.99667,14.50881],[120.99649,14.50881],[120.99649,14.50872]],[[120.99639,14.49923],[120.99639,14.49932],[120.9963,14.49932],[120.9963,14.49923],[120.99639,14.49923]],[[120.9959,14.50266],[120.99599,14.50248],[120.99617,14.50248],[120.99608,14.50266],[120.9959,14.50266]]],[[[121.02006,14.52853],[121.02006,14.52862],[121.02034,14.52862],[121.02034,14.52871],[121.02043,14.52871],[121.02043,14.52898],[121.01987,14.52898],[121.01996,14.52916],[121.01977,14.52916],[121.01977,14.52925],[121.02033,14.52925],[121.02033,14.52916],[121.02043,14.52916],[121.02042,14.52925],[121.0208,14.52925],[121.0208,14.52917],[121.02089,14.52917],[121.02089,14.52935],[121.0207,14.52943],[121.0207,14.52953],[121.02051,14.52952],[121.02051,14.5297],[121.02079,14.52971],[121.02079,14.52989],[121.02098,14.52989],[121.02097,14.52998],[121.02088,14.52998],[121.02088,14.53007],[121.02079,14.53007],[121.02079,14.52998],[121.02014,14.52997],[121.02014,14.53006],[121.01986,14.53006],[121.01967,14.53033],[121.0193,14.53042],[121.0193,14.53051],[121.01902,14.5306],[121.01902,14.53069],[121.01846,14.53059],[121.01828,14.53032],[121.018,14.53013],[121.01791,14.53041],[121.01809,14.53041],[121.01809,14.5305],[121.01707,14.53067],[121.01708,14.53031],[121.01726,14.5304],[121.01726,14.53049],[121.01782,14.53041],[121.01782,14.53031],[121.01772,14.53031],[121.01772,14.53022],[121.01735,14.53022],[121.01717,14.52995],[121.01699,14.52995],[121.01699,14.52959],[121.01671,14.52967],[121.01662,14.52985],[121.01634,14.52976],[121.01633,14.5303],[121.01624,14.5303],[121.01614,14.53066],[121.01605,14.53066],[121.01605,14.53093],[121.01568,14.53093],[121.01568,14.53084],[121.01559,14.53084],[121.01559,14.53093],[121.01531,14.53093],[121.01522,14.53074],[121.01494,14.53074],[121.01494,14.53065],[121.01457,14.53056],[121.01457,14.53047],[121.01429,14.53046],[121.01429,14.53037],[121.01411,14.53037],[121.01402,14.53019],[121.01383,14.53019],[121.01383,14.53028],[121.01364,14.53028],[121.01364,14.53037],[121.01336,14.53037],[121.01327,14.53055],[121.01299,14.53055],[121.0129,14.53036],[121.01262,14.53036],[121.01262,14.53045],[121.01271,14.53045],[121.01271,14.5309],[121.01262,14.5309],[121.01252,14.53108],[121.01261,14.53108],[121.01261,14.53126],[121.01224,14.53144],[121.01224,14.53171],[121.01251,14.5319],[121.01251,14.53208],[121.01261,14.53208],[121.01251,14.53235],[121.0126,14.53235],[121.01269,14.5328],[121.01288,14.5328],[121.01297,14.53298],[121.01306,14.53299],[121.01306,14.53308],[121.01297,14.53308],[121.01297,14.53326],[121.01306,14.53326],[121.01305,14.5338],[121.01296,14.5338],[121.01296,14.53389],[121.01241,14.53388],[121.01241,14.53343],[121.0125,14.53343],[121.0125,14.53325],[121.01223,14.53316],[121.01223,14.53298],[121.01158,14.53315],[121.01148,14.53333],[121.0113,14.53324],[121.0113,14.53333],[121.01111,14.53333],[121.01111,14.53342],[121.01083,14.53342],[121.01083,14.53378],[121.01074,14.53378],[121.01074,14.53369],[121.01027,14.53369],[121.01018,14.5335],[121.01009,14.5335],[121.01009,14.53359],[121.00981,14.53359],[121.00981,14.53386],[121.0099,14.53386],[121.00981,14.53404],[121.0099,14.53404],[121.0099,14.53413],[121.01027,14.53414],[121.01027,14.53423],[121.01008,14.53422],[121.01008,14.5345],[121.01036,14.53468],[121.01036,14.53486],[121.01026,14.53486],[121.01026,14.53494],[121.0149,14.53494],[121.01471,14.5349],[121.01472,14.53463],[121.01481,14.53463],[121.01481,14.53454],[121.01518,14.53463],[121.01518,14.53472],[121.01527,14.53472],[121.01527,14.53463],[121.01611,14.53464],[121.01611,14.53473],[121.01638,14.53482],[121.01639,14.53464],[121.01629,14.53464],[121.01639,14.53446],[121.01611,14.53446],[121.01611,14.53455],[121.01602,14.53455],[121.01602,14.53446],[121.01555,14.53445],[121.01555,14.53436],[121.01509,14.53427],[121.01509,14.53409],[121.01454,14.53408],[121.01463,14.5339],[121.01472,14.5339],[121.01472,14.53399],[121.015,14.534],[121.015,14.53391],[121.01454,14.53372],[121.01454,14.53354],[121.01482,14.53354],[121.01492,14.53327],[121.01454,14.53318],[121.01445,14.53291],[121.01464,14.53291],[121.01464,14.53282],[121.0152,14.53291],[121.01575,14.53283],[121.01576,14.53247],[121.01585,14.53247],[121.01595,14.53202],[121.01632,14.53211],[121.01631,14.53247],[121.01641,14.53247],[121.0165,14.5322],[121.01669,14.5322],[121.0166,14.53202],[121.01688,14.53184],[121.01688,14.53166],[121.01716,14.53176],[121.01697,14.53148],[121.01706,14.53148],[121.01707,14.53139],[121.01744,14.5314],[121.01753,14.53122],[121.01781,14.53122],[121.01781,14.5314],[121.01809,14.5314],[121.01818,14.53122],[121.01837,14.53122],[121.01837,14.53131],[121.01883,14.53132],[121.01883,14.53141],[121.01948,14.53141],[121.01947,14.53168],[121.01985,14.53169],[121.01984,14.53187],[121.02003,14.53196],[121.02003,14.53205],[121.02021,14.53205],[121.02021,14.53196],[121.0204,14.53196],[121.0204,14.53205],[121.02086,14.53206],[121.02087,14.5317],[121.02105,14.53161],[121.02105,14.53143],[121.02115,14.53143],[121.02115,14.53134],[121.02143,14.53134],[121.02152,14.53098],[121.02171,14.53089],[121.0218,14.53107],[121.02161,14.53116],[121.02161,14.53134],[121.02152,14.53134],[121.02152,14.53143],[121.02161,14.53143],[121.02151,14.53215],[121.0216,14.53215],[121.0217,14.53179],[121.02179,14.53179],[121.02179,14.53152],[121.02198,14.53143],[121.02198,14.53125],[121.02217,14.53116],[121.02217,14.53098],[121.02236,14.53089],[121.02236,14.53071],[121.02245,14.53072],[121.02236,14.53053],[121.02264,14.53054],[121.02273,14.53036],[121.02283,14.53036],[121.02274,14.52999],[121.02283,14.52999],[121.02283,14.52963],[121.02293,14.52964],[121.02293,14.52945],[121.02302,14.52946],[121.02302,14.52927],[121.02311,14.52928],[121.02321,14.52909],[121.02339,14.5291],[121.0234,14.52882],[121.02358,14.52874],[121.02358,14.52865],[121.02396,14.52865],[121.02405,14.52847],[121.02433,14.52838],[121.02433,14.5282],[121.02442,14.5282],[121.02443,14.52784],[121.0248,14.52784],[121.0248,14.52775],[121.02452,14.52775],[121.02452,14.52766],[121.02443,14.52766],[121.02424,14.52802],[121.02387,14.52802],[121.02377,14.5282],[121.02368,14.5282],[121.02368,14.52847],[121.02349,14.52847],[121.0235,14.5281],[121.02359,14.5281],[121.02359,14.52792],[121.02368,14.52792],[121.02378,14.52756],[121.02406,14.52748],[121.02406,14.5272],[121.02415,14.52721],[121.02415,14.52702],[121.02425,14.52703],[121.02434,14.52675],[121.02443,14.52676],[121.02443,14.52694],[121.02434,14.52694],[121.02434,14.52712],[121.02425,14.52712],[121.02424,14.5273],[121.02415,14.5273],[121.02415,14.52766],[121.02424,14.52766],[121.02434,14.52739],[121.02452,14.52739],[121.02443,14.52721],[121.02452,14.52721],[121.02453,14.52703],[121.02462,14.52703],[121.02462,14.52685],[121.02453,14.52685],[121.02453,14.52676],[121.02462,14.52676],[121.02462,14.52667],[121.02453,14.52667],[121.02462,14.52649],[121.02435,14.52639],[121.02435,14.52621],[121.02444,14.52621],[121.02444,14.52603],[121.02453,14.52603],[121.02454,14.52585],[121.02435,14.52585],[121.02435,14.52576],[121.02417,14.52576],[121.02417,14.52567],[121.0238,14.52567],[121.0237,14.52548],[121.02352,14.52548],[121.02342,14.52575],[121.02314,14.52584],[121.02305,14.5262],[121.02286,14.52629],[121.02276,14.52701],[121.02258,14.5271],[121.02257,14.52746],[121.02276,14.52737],[121.02276,14.5271],[121.02286,14.5271],[121.02295,14.52665],[121.02304,14.52665],[121.02305,14.52638],[121.02314,14.52638],[121.02333,14.52611],[121.02342,14.52612],[121.02342,14.52629],[121.02333,14.52629],[121.02332,14.52647],[121.02314,14.52656],[121.02314,14.52675],[121.02304,14.52674],[121.02304,14.52738],[121.02313,14.52738],[121.02313,14.52747],[121.02341,14.52747],[121.02341,14.52756],[121.0235,14.52756],[121.0235,14.52738],[121.02369,14.52738],[121.02369,14.52711],[121.02388,14.52702],[121.02388,14.52684],[121.02406,14.52684],[121.02406,14.52693],[121.02397,14.52693],[121.02397,14.5272],[121.02378,14.52729],[121.02369,14.52765],[121.02359,14.52765],[121.0235,14.52792],[121.0234,14.52792],[121.0234,14.52819],[121.02322,14.52828],[121.02312,14.52855],[121.02303,14.52855],[121.02303,14.52828],[121.02275,14.52819],[121.02275,14.5281],[121.02303,14.52792],[121.02303,14.52783],[121.02331,14.52774],[121.02322,14.52756],[121.02294,14.52756],[121.02294,14.52783],[121.02266,14.52782],[121.02266,14.52801],[121.02257,14.52801],[121.02247,14.52819],[121.02182,14.52827],[121.02173,14.52845],[121.02154,14.52845],[121.02154,14.52854],[121.02136,14.52854],[121.02136,14.52863],[121.02108,14.52862],[121.02098,14.52881],[121.02071,14.52871],[121.02071,14.5288],[121.02052,14.5288],[121.02062,14.52853],[121.02052,14.52853],[121.02052,14.52844],[121.02015,14.52844],[121.02015,14.52853],[121.02006,14.52853]],[[121.02098,14.52989],[121.02089,14.52962],[121.02144,14.52962],[121.02144,14.52971],[121.02163,14.52971],[121.02162,14.52998],[121.02181,14.52999],[121.02181,14.53008],[121.02144,14.53007],[121.02144,14.52998],[121.02125,14.52998],[121.02125,14.52989],[121.02098,14.52989]],[[121.02125,14.52998],[121.02125,14.53016],[121.02107,14.53007],[121.02107,14.52998],[121.02125,14.52998]],[[121.01707,14.53067],[121.01707,14.53076],[121.01698,14.53076],[121.01698,14.53067],[121.01707,14.53067]],[[121.01708,14.53031],[121.01698,14.53031],[121.01698,14.53022],[121.01708,14.53022],[121.01708,14.53031]],[[121.01306,14.53299],[121.01316,14.5328],[121.01325,14.53281],[121.01325,14.53299],[121.01306,14.53299]],[[121.01707,14.53139],[121.01688,14.53139],[121.01688,14.5313],[121.01707,14.53121],[121.01707,14.53139]],[[121.01688,14.53139],[121.01688,14.53148],[121.01679,14.53148],[121.01679,14.53139],[121.01688,14.53139]],[[121.02284,14.529],[121.02284,14.52891],[121.02293,14.52891],[121.02293,14.529],[121.02284,14.529]],[[121.02134,14.53061],[121.02134,14.53044],[121.02218,14.53044],[121.02218,14.53053],[121.02153,14.53053],[121.02152,14.53062],[121.02134,14.53061]],[[121.02171,14.5308],[121.02171,14.53071],[121.0218,14.53071],[121.0218,14.5308],[121.02171,14.5308]],[[121.01976,14.5306],[121.01976,14.53042],[121.01995,14.53033],[121.01995,14.53024],[121.02014,14.53024],[121.02014,14.53015],[121.02069,14.53016],[121.02069,14.53034],[121.02041,14.53025],[121.02041,14.53034],[121.02004,14.53033],[121.02004,14.53051],[121.01976,14.5306]],[[121.02049,14.53169],[121.0205,14.53142],[121.02068,14.53142],[121.02068,14.53169],[121.02049,14.53169]],[[121.02022,14.53115],[121.02022,14.53106],[121.02031,14.53106],[121.02031,14.53115],[121.02022,14.53115]],[[121.02013,14.53142],[121.02013,14.53124],[121.02022,14.53124],[121.02022,14.53142],[121.02013,14.53142]],[[121.01929,14.53123],[121.01929,14.53105],[121.01957,14.53105],[121.01966,14.53132],[121.01929,14.53123]],[[121.01911,14.53096],[121.01911,14.53105],[121.01827,14.53104],[121.01837,14.53077],[121.01856,14.53077],[121.01855,14.53095],[121.01874,14.53096],[121.01892,14.53096],[121.01893,14.53078],[121.01902,14.53078],[121.01902,14.53096],[121.01911,14.53096]],[[121.01661,14.53003],[121.01661,14.52994],[121.0168,14.52994],[121.0168,14.53003],[121.01661,14.53003]],[[121.01632,14.53202],[121.01623,14.53175],[121.01632,14.53175],[121.01632,14.53166],[121.0166,14.53175],[121.0166,14.53193],[121.01632,14.53202]],[[121.01557,14.53274],[121.0152,14.53273],[121.01511,14.53246],[121.01539,14.53228],[121.01548,14.53183],[121.01576,14.53183],[121.01585,14.5321],[121.01576,14.5321],[121.01576,14.53228],[121.01557,14.53237],[121.01566,14.53265],[121.01557,14.53265],[121.01557,14.53274]],[[121.01521,14.53183],[121.01511,14.53183],[121.01511,14.53237],[121.01502,14.53237],[121.01502,14.53246],[121.01474,14.53246],[121.01474,14.53219],[121.01492,14.53219],[121.01493,14.5321],[121.01483,14.5321],[121.01484,14.53164],[121.01521,14.53165],[121.01521,14.53183]],[[121.01465,14.53173],[121.01447,14.53173],[121.01447,14.53164],[121.01465,14.53164],[121.01465,14.53173]],[[121.01444,14.53471],[121.01444,14.53444],[121.01453,14.53444],[121.01453,14.53472],[121.01444,14.53471]],[[121.01446,14.53218],[121.01418,14.53218],[121.01428,14.53191],[121.01446,14.532],[121.01446,14.53218]],[[121.0142,14.53064],[121.0142,14.53055],[121.01429,14.53056],[121.01429,14.53065],[121.0142,14.53064]],[[121.01372,14.53218],[121.01372,14.53182],[121.014,14.53173],[121.014,14.53182],[121.01409,14.53182],[121.014,14.53218],[121.01372,14.53218]],[[121.0138,14.53344],[121.0138,14.53335],[121.01399,14.53336],[121.01399,14.53345],[121.0138,14.53344]],[[121.01351,14.53425],[121.01352,14.53407],[121.01361,14.53407],[121.01361,14.53425],[121.01351,14.53425]],[[121.01326,14.53217],[121.01325,14.53235],[121.01297,14.53235],[121.01298,14.53226],[121.01288,14.53226],[121.01288,14.53199],[121.01298,14.53199],[121.01298,14.5319],[121.01335,14.5319],[121.01335,14.53217],[121.01326,14.53217]],[[121.01314,14.53434],[121.01296,14.53434],[121.01296,14.53425],[121.01314,14.53425],[121.01314,14.53434]],[[121.01277,14.53407],[121.01287,14.53425],[121.01268,14.53434],[121.01259,14.53407],[121.01277,14.53407]],[[121.01252,14.53163],[121.0128,14.53163],[121.01279,14.53181],[121.01261,14.53181],[121.01252,14.53163]],[[121.01258,14.53461],[121.01249,14.53461],[121.01249,14.53452],[121.01258,14.53452],[121.01258,14.53461]],[[121.00999,14.53377],[121.00999,14.53368],[121.01009,14.53368],[121.01009,14.53377],[121.00999,14.53377]]],[[[121.00713,14.52245],[121.00722,14.52245],[121.00722,14.52191],[121.00732,14.52191],[121.00732,14.52173],[121.00741,14.52173],[121.0075,14.52155],[121.00769,14.52155],[121.00778,14.52173],[121.00797,14.52174],[121.00806,14.52156],[121.00825,14.52156],[121.00825,14.52129],[121.00834,14.52129],[121.00834,14.5212],[121.00844,14.5212],[121.00844,14.52138],[121.00853,14.52138],[121.00853,14.5212],[121.00871,14.52111],[121.00862,14.52093],[121.00872,14.52093],[121.00872,14.52084],[121.0089,14.52093],[121.00937,14.52039],[121.00946,14.52039],[121.00974,14.52003],[121.01002,14.51986],[121.00993,14.51967],[121.01012,14.51959],[121.01022,14.51941],[121.0104,14.5195],[121.0104,14.51932],[121.01012,14.51932],[121.01012,14.51941],[121.00994,14.5194],[121.00975,14.51967],[121.00966,14.51967],[121.00965,14.51976],[121.00947,14.51976],[121.00947,14.51967],[121.01003,14.51922],[121.01041,14.51877],[121.01059,14.51878],[121.01068,14.51896],[121.01087,14.51896],[121.01087,14.51887],[121.01105,14.51887],[121.01115,14.51869],[121.01133,14.51869],[121.01134,14.5186],[121.01115,14.5186],[121.01115,14.51851],[121.01124,14.51851],[121.01134,14.51833],[121.01152,14.51842],[121.01162,14.51824],[121.01152,14.51824],[121.01153,14.51815],[121.01162,14.51815],[121.01171,14.51797],[121.0118,14.51797],[121.0118,14.51815],[121.0119,14.51816],[121.0119,14.51797],[121.01208,14.51788],[121.01199,14.5177],[121.01208,14.5177],[121.01209,14.51761],[121.01218,14.51761],[121.01218,14.51771],[121.01236,14.51762],[121.01237,14.51753],[121.01246,14.51753],[121.01246,14.51744],[121.01237,14.51744],[121.01246,14.51726],[121.01265,14.51735],[121.01274,14.51717],[121.01283,14.51717],[121.01274,14.51699],[121.01283,14.51699],[121.01283,14.5169],[121.01302,14.51699],[121.01302,14.5169],[121.01311,14.5169],[121.01302,14.51672],[121.01274,14.51681],[121.01237,14.51726],[121.01218,14.51725],[121.0119,14.51761],[121.01171,14.51761],[121.01172,14.51743],[121.012,14.51734],[121.012,14.51716],[121.01237,14.51689],[121.01237,14.51671],[121.01265,14.51662],[121.01303,14.51618],[121.01359,14.51573],[121.01359,14.51564],[121.01368,14.51564],[121.01368,14.51555],[121.01387,14.51546],[121.01387,14.51528],[121.01415,14.51519],[121.01415,14.5151],[121.01452,14.51483],[121.0148,14.51447],[121.01499,14.51448],[121.01489,14.51475],[121.01471,14.51474],[121.01462,14.51492],[121.01452,14.51492],[121.01452,14.51511],[121.01424,14.51528],[121.01415,14.51546],[121.01387,14.51555],[121.01386,14.51573],[121.01359,14.51582],[121.01349,14.516],[121.01331,14.51609],[121.0133,14.51645],[121.01367,14.51636],[121.01368,14.51627],[121.01395,14.51609],[121.01386,14.51591],[121.01405,14.51582],[121.01405,14.51591],[121.01414,14.51591],[121.01414,14.51582],[121.01452,14.51556],[121.01452,14.51547],[121.01498,14.51511],[121.01545,14.51457],[121.01564,14.51448],[121.01583,14.51403],[121.01611,14.51403],[121.0162,14.51431],[121.01638,14.51431],[121.01638,14.51449],[121.01666,14.5144],[121.01666,14.51449],[121.01675,14.51449],[121.01666,14.51467],[121.01712,14.51504],[121.01712,14.51513],[121.0173,14.51504],[121.01721,14.51477],[121.01694,14.51458],[121.01694,14.5144],[121.01648,14.51404],[121.01657,14.51386],[121.01648,14.51386],[121.01648,14.51331],[121.01676,14.51314],[121.01677,14.51295],[121.01667,14.51295],[121.01639,14.51331],[121.01611,14.51331],[121.01611,14.51322],[121.01621,14.51322],[121.01621,14.51304],[121.01649,14.51286],[121.01649,14.51268],[121.01686,14.51241],[121.01686,14.51223],[121.01714,14.51215],[121.01715,14.51196],[121.01761,14.51161],[121.01789,14.51125],[121.01771,14.51125],[121.01771,14.51134],[121.01762,14.51134],[121.01705,14.51196],[121.01696,14.51196],[121.01696,14.51205],[121.01649,14.51241],[121.01612,14.51286],[121.01547,14.51294],[121.01537,14.51312],[121.01528,14.51312],[121.01528,14.5133],[121.015,14.51339],[121.015,14.51357],[121.01481,14.51357],[121.01472,14.51375],[121.01453,14.51375],[121.01453,14.51393],[121.01388,14.51447],[121.01387,14.51465],[121.01378,14.51465],[121.01378,14.51474],[121.0135,14.51473],[121.01331,14.5151],[121.01313,14.51509],[121.01304,14.51527],[121.01294,14.51527],[121.01275,14.51554],[121.01266,14.51554],[121.01257,14.51572],[121.01247,14.51572],[121.01238,14.5159],[121.01173,14.51644],[121.01172,14.51653],[121.01154,14.51652],[121.01154,14.51671],[121.01126,14.51688],[121.01088,14.51733],[121.01079,14.51733],[121.01079,14.51742],[121.0107,14.51742],[121.01097,14.51779],[121.01088,14.51778],[121.01088,14.51788],[121.0106,14.51787],[121.0106,14.51796],[121.01051,14.51796],[121.01051,14.51787],[121.01014,14.51796],[121.01004,14.51823],[121.00976,14.51841],[121.00976,14.51859],[121.00948,14.51868],[121.00938,14.51886],[121.0092,14.51895],[121.00919,14.51949],[121.0091,14.51949],[121.0091,14.51967],[121.00873,14.51975],[121.00863,14.51994],[121.00854,14.51993],[121.00854,14.52021],[121.00817,14.52029],[121.00816,14.52047],[121.0077,14.52056],[121.0077,14.52092],[121.0076,14.52092],[121.0076,14.52083],[121.00733,14.52083],[121.00733,14.52092],[121.00714,14.52101],[121.00714,14.52119],[121.00695,14.52128],[121.00695,14.52146],[121.00676,14.52154],[121.00676,14.52173],[121.00695,14.52173],[121.00695,14.52191],[121.00704,14.52191],[121.00713,14.52245]],[[121.00947,14.51976],[121.00947,14.51985],[121.00938,14.51985],[121.00938,14.51976],[121.00947,14.51976]],[[121.01105,14.51878],[121.01096,14.51878],[121.01096,14.51869],[121.01106,14.51869],[121.01105,14.51878]],[[121.01171,14.51761],[121.01171,14.5177],[121.01162,14.5177],[121.01162,14.51761],[121.01171,14.51761]],[[121.01162,14.5177],[121.01162,14.51779],[121.01153,14.51779],[121.01153,14.5177],[121.01162,14.5177]],[[121.01153,14.51779],[121.01153,14.51797],[121.01134,14.51797],[121.01134,14.51788],[121.01153,14.51779]],[[121.01499,14.51448],[121.01499,14.5143],[121.01527,14.51412],[121.01527,14.5143],[121.01499,14.51448]],[[121.01433,14.51564],[121.01424,14.51564],[121.01424,14.51555],[121.01433,14.51556],[121.01433,14.51564]],[[121.01703,14.51495],[121.01703,14.51486],[121.01712,14.51486],[121.01712,14.51495],[121.01703,14.51495]],[[121.01125,14.51752],[121.01107,14.51751],[121.01107,14.51733],[121.01116,14.51733],[121.01116,14.51725],[121.01144,14.51725],[121.01125,14.51752]],[[121.01106,14.51824],[121.01106,14.51815],[121.01115,14.51815],[121.01115,14.51824],[121.01106,14.51824]],[[121.0091,14.52012],[121.00909,14.52021],[121.009,14.52021],[121.009,14.52012],[121.0091,14.52012]],[[121.0091,14.52012],[121.00919,14.51994],[121.00928,14.51994],[121.00928,14.52012],[121.0091,14.52012]],[[121.00891,14.52039],[121.00891,14.52048],[121.00872,14.52048],[121.00872,14.52039],[121.00891,14.52039]],[[121.00891,14.52039],[121.00891,14.5203],[121.009,14.5203],[121.009,14.52039],[121.00891,14.52039]]],[[[121.01723,14.51314],[121.01732,14.51314],[121.01732,14.51305],[121.01741,14.51305],[121.01741,14.51314],[121.01769,14.51314],[121.01769,14.51287],[121.01807,14.51287],[121.01807,14.51278],[121.01797,14.51278],[121.01798,14.5126],[121.01807,14.5126],[121.01798,14.51242],[121.01807,14.51242],[121.01807,14.51233],[121.01816,14.51233],[121.01816,14.51242],[121.01844,14.51234],[121.01844,14.51243],[121.01863,14.51243],[121.01853,14.51225],[121.01844,14.51225],[121.01854,14.51198],[121.01863,14.51198],[121.01863,14.51189],[121.01844,14.51188],[121.01845,14.5117],[121.01873,14.51171],[121.01882,14.51153],[121.0191,14.51153],[121.0191,14.51135],[121.01947,14.51108],[121.01957,14.51081],[121.01938,14.51081],[121.01938,14.51099],[121.01929,14.51099],[121.01919,14.51117],[121.01901,14.51117],[121.01882,14.51144],[121.01845,14.51143],[121.01835,14.51161],[121.01817,14.51161],[121.01817,14.5117],[121.01798,14.51179],[121.01798,14.51197],[121.01751,14.51233],[121.01723,14.51314]],[[121.01845,14.51152],[121.01854,14.51152],[121.01854,14.51161],[121.01845,14.51161],[121.01845,14.51152]]],[[[121.0173,14.51504],[121.01739,14.51522],[121.01749,14.51522],[121.01739,14.5154],[121.01749,14.5154],[121.01757,14.51585],[121.0173,14.51594],[121.01729,14.51612],[121.0172,14.51612],[121.01692,14.51648],[121.01655,14.51675],[121.01655,14.51684],[121.01617,14.51711],[121.01617,14.51729],[121.01599,14.51729],[121.01589,14.51756],[121.0157,14.51755],[121.0157,14.51774],[121.01561,14.51774],[121.0157,14.5181],[121.01625,14.51855],[121.01625,14.51864],[121.01662,14.51865],[121.01662,14.51856],[121.01635,14.51855],[121.01625,14.51837],[121.01644,14.51828],[121.01654,14.51801],[121.01672,14.51802],[121.01672,14.51783],[121.01691,14.51775],[121.01691,14.51765],[121.01709,14.51766],[121.0171,14.51748],[121.01756,14.51712],[121.01775,14.51685],[121.01784,14.51685],[121.01794,14.51658],[121.01822,14.51649],[121.01821,14.51694],[121.01831,14.51694],[121.01832,14.51595],[121.01822,14.51595],[121.01822,14.51631],[121.01813,14.51631],[121.01813,14.51604],[121.01794,14.51595],[121.01795,14.51586],[121.01813,14.51586],[121.01813,14.51577],[121.01795,14.51568],[121.01786,14.5154],[121.01758,14.51531],[121.01749,14.51504],[121.0173,14.51504]],[[121.01795,14.51586],[121.01785,14.51586],[121.01785,14.51577],[121.01795,14.51577],[121.01795,14.51586]],[[121.01786,14.51549],[121.01785,14.51567],[121.01767,14.51558],[121.01767,14.51549],[121.01786,14.51549]]],[[[121.01732,14.50302],[121.0176,14.50302],[121.0176,14.50293],[121.01778,14.50293],[121.01778,14.50284],[121.01825,14.50285],[121.01834,14.50267],[121.01862,14.50267],[121.01862,14.50258],[121.01899,14.50258],[121.01899,14.50267],[121.01918,14.50267],[121.01918,14.50258],[121.01945,14.50268],[121.01945,14.50258],[121.01964,14.50259],[121.01982,14.50286],[121.0201,14.50286],[121.02038,14.50323],[121.02066,14.50323],[121.02065,14.50341],[121.02102,14.50359],[121.02102,14.50377],[121.02121,14.50386],[121.0212,14.50396],[121.02139,14.50396],[121.02139,14.50414],[121.02176,14.50441],[121.02176,14.50459],[121.02194,14.50469],[121.02194,14.50478],[121.02175,14.50477],[121.02175,14.50486],[121.02194,14.50487],[121.02194,14.50505],[121.02203,14.50505],[121.02203,14.50487],[121.02213,14.50487],[121.02222,14.50469],[121.02268,14.50469],[121.02268,14.50478],[121.02287,14.50478],[121.02305,14.50506],[121.02342,14.50515],[121.02351,14.50533],[121.02361,14.50533],[121.0236,14.5056],[121.02379,14.50569],[121.02379,14.50578],[121.02416,14.50588],[121.02415,14.50606],[121.02425,14.50606],[121.02425,14.50624],[121.02434,14.50624],[121.02443,14.50651],[121.02461,14.50652],[121.02462,14.50588],[121.02443,14.50588],[121.02444,14.50561],[121.02434,14.50561],[121.02435,14.50543],[121.02425,14.50543],[121.02425,14.50525],[121.02407,14.50525],[121.02407,14.50506],[121.02454,14.50507],[121.02453,14.50516],[121.02463,14.50516],[121.02463,14.50507],[121.02481,14.50507],[121.02481,14.50498],[121.02454,14.50498],[121.02454,14.50489],[121.02435,14.50489],[121.02435,14.50479],[121.02389,14.50479],[121.02389,14.5047],[121.02398,14.5047],[121.02398,14.50461],[121.02445,14.50461],[121.02445,14.50471],[121.02472,14.50471],[121.02472,14.50489],[121.025,14.50471],[121.025,14.50489],[121.02509,14.50489],[121.02519,14.50462],[121.02565,14.50463],[121.02565,14.50454],[121.02575,14.50454],[121.02574,14.50472],[121.02584,14.50472],[121.02593,14.50445],[121.02612,14.50445],[121.02612,14.50436],[121.0263,14.50436],[121.0263,14.50427],[121.02649,14.50427],[121.02704,14.50491],[121.02732,14.50482],[121.02741,14.505],[121.02787,14.50501],[121.02787,14.50519],[121.02797,14.50519],[121.02787,14.50537],[121.02824,14.50537],[121.02852,14.50501],[121.02899,14.50493],[121.02899,14.50483],[121.02917,14.50484],[121.02918,14.50475],[121.02945,14.50475],[121.02954,14.50502],[121.02964,14.50502],[121.02964,14.50475],[121.02983,14.50475],[121.02982,14.50547],[121.03,14.50557],[121.03,14.50566],[121.03056,14.50566],[121.03056,14.50584],[121.03074,14.50593],[121.03074,14.50611],[121.03083,14.50611],[121.03074,14.50629],[121.03092,14.5063],[121.03101,14.50657],[121.03194,14.50658],[121.03194,14.50649],[121.03222,14.50649],[121.03232,14.50622],[121.03297,14.50622],[121.03297,14.50631],[121.03315,14.50632],[121.03343,14.50596],[121.03455,14.50587],[121.03455,14.50578],[121.03473,14.50579],[121.03473,14.5057],[121.03501,14.50579],[121.03501,14.50588],[121.03529,14.50588],[121.0352,14.50561],[121.03538,14.50552],[121.03539,14.50534],[121.03566,14.50525],[121.03576,14.50498],[121.03585,14.50498],[121.03585,14.5048],[121.03567,14.5048],[121.03567,14.50471],[121.03558,14.50471],[121.03558,14.50444],[121.03549,14.50444],[121.03548,14.50453],[121.03539,14.50453],[121.03539,14.5048],[121.0353,14.5048],[121.0352,14.50552],[121.03473,14.50543],[121.03473,14.50552],[121.03436,14.50551],[121.03427,14.50569],[121.03399,14.50569],[121.03399,14.50578],[121.03343,14.50577],[121.03343,14.50587],[121.03297,14.50586],[121.03297,14.50595],[121.0325,14.50595],[121.03241,14.50577],[121.03232,14.50577],[121.03223,14.50595],[121.03111,14.50585],[121.03111,14.50594],[121.03102,14.50594],[121.03102,14.50585],[121.03093,14.50585],[121.03093,14.50548],[121.03112,14.50539],[121.03112,14.50521],[121.03121,14.50521],[121.03122,14.50485],[121.03084,14.50476],[121.03075,14.50458],[121.0302,14.50439],[121.0302,14.5043],[121.03001,14.5043],[121.03001,14.50457],[121.03057,14.50467],[121.03066,14.50503],[121.03038,14.50494],[121.03029,14.50475],[121.02992,14.50475],[121.02964,14.50439],[121.02955,14.50439],[121.02955,14.50448],[121.02927,14.50447],[121.02927,14.50457],[121.02881,14.50456],[121.0288,14.50483],[121.02862,14.50483],[121.02862,14.50492],[121.02806,14.50492],[121.02806,14.50483],[121.0276,14.50473],[121.0276,14.50455],[121.02742,14.50455],[121.02742,14.50446],[121.02686,14.50446],[121.02677,14.50427],[121.02658,14.50427],[121.02649,14.50409],[121.0264,14.50409],[121.0264,14.504],[121.02575,14.50408],[121.02575,14.50417],[121.02538,14.50417],[121.02538,14.50435],[121.02528,14.50435],[121.02501,14.50399],[121.02454,14.50398],[121.02445,14.50416],[121.02436,14.50416],[121.02436,14.50398],[121.02427,14.50398],[121.02418,14.50371],[121.02371,14.50371],[121.02371,14.50361],[121.02362,14.50361],[121.02362,14.50371],[121.02334,14.5037],[121.02334,14.50379],[121.02316,14.50379],[121.02316,14.50361],[121.02269,14.5037],[121.0226,14.50333],[121.02232,14.50324],[121.02233,14.50306],[121.02214,14.50297],[121.02214,14.50279],[121.02205,14.50279],[121.02196,14.50252],[121.02187,14.50252],[121.02177,14.50269],[121.02159,14.50269],[121.02159,14.50197],[121.02169,14.50197],[121.02169,14.50161],[121.02178,14.50161],[121.02178,14.50143],[121.02225,14.50143],[121.02225,14.50134],[121.02216,14.50134],[121.02216,14.50107],[121.02244,14.50107],[121.02244,14.50116],[121.02253,14.50117],[121.02253,14.50099],[121.02262,14.50099],[121.02262,14.50108],[121.0229,14.50108],[121.0229,14.50117],[121.02336,14.50117],[121.02327,14.5009],[121.02365,14.50063],[121.02365,14.50045],[121.02393,14.50045],[121.02393,14.50036],[121.02374,14.50036],[121.02384,14.50009],[121.02337,14.5],[121.02337,14.50009],[121.02328,14.50009],[121.02328,14.50036],[121.02281,14.50044],[121.02281,14.50053],[121.02263,14.50053],[121.02263,14.50062],[121.02226,14.50035],[121.02226,14.50044],[121.02216,14.50044],[121.02216,14.50071],[121.02207,14.50071],[121.02207,14.50053],[121.0217,14.50053],[121.0216,14.50071],[121.02123,14.5007],[121.02105,14.50097],[121.02077,14.50106],[121.02077,14.50124],[121.02049,14.50124],[121.02049,14.50133],[121.02039,14.50133],[121.02039,14.5016],[121.01919,14.50159],[121.01918,14.50168],[121.019,14.50168],[121.019,14.50159],[121.01872,14.5014],[121.01873,14.50122],[121.01817,14.50113],[121.01817,14.50122],[121.01798,14.50122],[121.01798,14.50104],[121.01789,14.50104],[121.0178,14.50122],[121.01761,14.50121],[121.01762,14.50094],[121.01743,14.50094],[121.01743,14.50121],[121.01752,14.50121],[121.01752,14.5013],[121.01724,14.50139],[121.01724,14.50103],[121.01696,14.50103],[121.01687,14.50067],[121.0166,14.50066],[121.01651,14.50039],[121.01623,14.50039],[121.01614,14.50012],[121.01595,14.50021],[121.01577,14.49993],[121.01549,14.49993],[121.0154,14.49957],[121.01549,14.49957],[121.01549,14.49948],[121.01577,14.49948],[121.01568,14.49921],[121.01578,14.49921],[121.01578,14.49912],[121.01615,14.49912],[121.01606,14.49885],[121.01643,14.49886],[121.01643,14.49876],[121.01652,14.49877],[121.01652,14.49849],[121.0168,14.4985],[121.0168,14.49841],[121.01699,14.49841],[121.01699,14.49832],[121.01717,14.49832],[121.01717,14.49823],[121.01745,14.49823],[121.01745,14.49814],[121.01736,14.49814],[121.01736,14.49799],[121.01542,14.49799],[121.01514,14.49821],[121.01513,14.49857],[121.01504,14.49857],[121.01513,14.49911],[121.01485,14.49929],[121.01484,14.49975],[121.01503,14.49984],[121.01503,14.49993],[121.01475,14.49992],[121.01475,14.50001],[121.01466,14.50001],[121.01465,14.50028],[121.01447,14.50037],[121.01446,14.50056],[121.01474,14.50056],[121.01474,14.50038],[121.01493,14.50029],[121.01493,14.50011],[121.01502,14.50011],[121.01512,14.49993],[121.0153,14.49993],[121.0154,14.50011],[121.01567,14.5002],[121.01567,14.50029],[121.01539,14.50029],[121.01539,14.5002],[121.01512,14.5002],[121.01512,14.50029],[121.01502,14.50029],[121.01502,14.50065],[121.01484,14.50065],[121.01483,14.50074],[121.01502,14.50083],[121.01511,14.50065],[121.0153,14.50065],[121.0153,14.50092],[121.0152,14.50092],[121.0152,14.50119],[121.01529,14.50119],[121.01529,14.50128],[121.01539,14.50129],[121.01539,14.50111],[121.01557,14.50111],[121.01557,14.50129],[121.01585,14.50138],[121.01604,14.50111],[121.01613,14.50111],[121.01613,14.50138],[121.0165,14.50139],[121.01659,14.50157],[121.01677,14.50157],[121.01677,14.50166],[121.01659,14.50166],[121.01659,14.50175],[121.01668,14.50175],[121.01668,14.50202],[121.01677,14.50202],[121.01677,14.50211],[121.01723,14.50211],[121.01742,14.50239],[121.01769,14.50248],[121.01798,14.50212],[121.01844,14.50212],[121.01844,14.50194],[121.01816,14.50194],[121.01816,14.50167],[121.01826,14.50167],[121.01835,14.50185],[121.01872,14.50177],[121.01872,14.50204],[121.01881,14.50204],[121.01881,14.50177],[121.01993,14.50178],[121.01993,14.50187],[121.02039,14.50196],[121.02039,14.50187],[121.02057,14.50187],[121.02067,14.50169],[121.02085,14.50169],[121.02095,14.50151],[121.02123,14.50152],[121.02123,14.50142],[121.02095,14.50133],[121.02095,14.50124],[121.02114,14.50115],[121.02123,14.50088],[121.02235,14.5008],[121.02235,14.50089],[121.02216,14.50089],[121.02216,14.50098],[121.0217,14.50098],[121.02179,14.50125],[121.02169,14.50125],[121.0216,14.50152],[121.02141,14.50152],[121.02141,14.50197],[121.02113,14.50206],[121.02103,14.50224],[121.02113,14.50224],[121.02122,14.50242],[121.02141,14.50242],[121.02149,14.50287],[121.02177,14.50288],[121.02177,14.50324],[121.02168,14.50324],[121.02168,14.50333],[121.02186,14.50333],[121.02186,14.50297],[121.02196,14.50297],[121.02196,14.50306],[121.02205,14.50306],[121.02204,14.50351],[121.02214,14.50351],[121.02214,14.5036],[121.02241,14.5036],[121.0226,14.50388],[121.02287,14.50397],[121.02287,14.50406],[121.02278,14.50406],[121.02287,14.50433],[121.02315,14.50424],[121.02315,14.50406],[121.02362,14.50425],[121.02361,14.50434],[121.02352,14.50434],[121.02361,14.50488],[121.02342,14.50479],[121.02333,14.50452],[121.02315,14.50451],[121.02315,14.50433],[121.02306,14.50433],[121.02306,14.50451],[121.02259,14.5046],[121.02259,14.50451],[121.0225,14.50451],[121.0225,14.50433],[121.02259,14.50433],[121.0225,14.50415],[121.02241,14.50415],[121.02232,14.50433],[121.02185,14.50423],[121.02185,14.50405],[121.02167,14.50405],[121.02158,14.50387],[121.02139,14.50387],[121.02139,14.50369],[121.02093,14.50332],[121.02047,14.50277],[121.02029,14.50277],[121.0202,14.5025],[121.01992,14.5025],[121.01983,14.50232],[121.01955,14.50231],[121.01955,14.50222],[121.0189,14.50222],[121.0189,14.50231],[121.01872,14.50231],[121.01872,14.5024],[121.01816,14.50248],[121.01816,14.50257],[121.01779,14.50257],[121.01779,14.50266],[121.0176,14.50266],[121.0176,14.50284],[121.01732,14.50284],[121.01732,14.50302]],[[121.02434,14.50624],[121.02434,14.50615],[121.02443,14.50615],[121.02443,14.50624],[121.02434,14.50624]],[[121.02389,14.5047],[121.0237,14.50461],[121.02371,14.50434],[121.02389,14.50434],[121.02389,14.5047]],[[121.03473,14.50552],[121.03483,14.50552],[121.03483,14.50561],[121.03473,14.5056],[121.03473,14.50552]],[[121.03427,14.50569],[121.03436,14.50569],[121.03436,14.50578],[121.03427,14.50578],[121.03427,14.50569]],[[121.0153,14.50065],[121.0153,14.50047],[121.01549,14.50038],[121.01548,14.50056],[121.0153,14.50065]],[[121.01557,14.50111],[121.01557,14.50093],[121.01576,14.50084],[121.01576,14.50111],[121.01557,14.50111]],[[121.02278,14.5046],[121.02315,14.5046],[121.02315,14.50479],[121.02305,14.50478],[121.02305,14.50469],[121.02278,14.50469],[121.02278,14.5046]],[[121.02204,14.50432],[121.02204,14.50441],[121.02185,14.50441],[121.02185,14.50432],[121.02204,14.50432]],[[121.03075,14.50521],[121.03075,14.50539],[121.03028,14.50548],[121.02992,14.50502],[121.03019,14.50493],[121.03019,14.50502],[121.03038,14.50503],[121.03038,14.50512],[121.03066,14.50512],[121.03066,14.50521],[121.03075,14.50521]],[[121.03075,14.50521],[121.03075,14.50503],[121.03094,14.50494],[121.03093,14.50521],[121.03075,14.50521]],[[121.02407,14.5057],[121.02397,14.5057],[121.02397,14.50552],[121.02407,14.50552],[121.02407,14.5057]],[[121.0239,14.50389],[121.0239,14.5038],[121.02399,14.5038],[121.02399,14.50389],[121.0239,14.50389]],[[121.02379,14.50488],[121.02398,14.50488],[121.02398,14.50497],[121.02379,14.50497],[121.02379,14.50488]],[[121.0237,14.50515],[121.02379,14.50515],[121.02379,14.50524],[121.0237,14.50524],[121.0237,14.50515]],[[121.0237,14.50515],[121.02361,14.50515],[121.02361,14.50506],[121.0237,14.50506],[121.0237,14.50515]],[[121.02328,14.50063],[121.02318,14.50081],[121.02253,14.5008],[121.02253,14.50071],[121.02309,14.50072],[121.02309,14.50063],[121.02328,14.50063]],[[121.02328,14.50063],[121.02328,14.50054],[121.02337,14.50054],[121.02337,14.50063],[121.02328,14.50063]],[[121.02337,14.50054],[121.02337,14.50045],[121.02346,14.50045],[121.02346,14.50054],[121.02337,14.50054]],[[121.0177,14.50212],[121.01779,14.50212],[121.01779,14.50221],[121.0177,14.50221],[121.0177,14.50212]],[[121.0155,14.49858],[121.01551,14.49812],[121.01569,14.49812],[121.01569,14.49822],[121.01597,14.4984],[121.01597,14.49849],[121.0156,14.49849],[121.0156,14.49858],[121.0155,14.49858]]],[[[121.01523,14.49812],[121.01523,14.49799],[121.01393,14.49799],[121.01374,14.4982],[121.01393,14.4982],[121.01393,14.49829],[121.01411,14.49838],[121.01402,14.49856],[121.0142,14.49865],[121.01439,14.49839],[121.01467,14.49848],[121.01467,14.4983],[121.01476,14.4983],[121.01476,14.49839],[121.01504,14.49839],[121.01504,14.49812],[121.01523,14.49812]],[[121.01411,14.49838],[121.01411,14.49829],[121.0143,14.49829],[121.0143,14.49839],[121.01411,14.49838]]],[[[120.99584,14.49805],[120.99584,14.49814],[120.99603,14.49823],[120.99603,14.49805],[120.99584,14.49805]]],[[[121.00019,14.52041],[121.00028,14.52041],[121.00037,14.52059],[121.00065,14.52059],[121.00065,14.52041],[121.00037,14.52041],[121.00037,14.52032],[121.00019,14.52032],[121.00019,14.52041]]],[[[120.99993,14.52835],[120.99993,14.52826],[120.99975,14.52817],[120.99975,14.52835],[120.99993,14.52835]]],[[[121.0025,14.53136],[121.0025,14.53127],[121.00232,14.53127],[121.00222,14.53109],[121.00176,14.53099],[121.00176,14.5309],[121.00158,14.5309],[121.00158,14.53081],[121.00139,14.53072],[121.00139,14.5309],[121.00158,14.53099],[121.00158,14.53117],[121.00204,14.53126],[121.00204,14.53135],[121.0025,14.53136]]],[[[120.99881,14.51859],[120.99881,14.5184],[120.99872,14.5184],[120.99872,14.51858],[120.99881,14.51859]]],[[[120.99863,14.51831],[120.99863,14.51813],[120.99854,14.51813],[120.99854,14.51831],[120.99863,14.51831]]],[[[120.99635,14.53402],[120.99617,14.53393],[120.99617,14.53411],[120.99635,14.53411],[120.99635,14.53402]]],[[[121.01264,14.5281],[121.01227,14.5281],[121.01227,14.52819],[121.01236,14.52819],[121.01236,14.52837],[121.01255,14.52837],[121.01254,14.52882],[121.01273,14.52883],[121.01273,14.52873],[121.01282,14.52874],[121.01282,14.52847],[121.01264,14.52837],[121.01264,14.5281]]],[[[121.01366,14.52811],[121.01348,14.52811],[121.01347,14.52847],[121.01319,14.52856],[121.01328,14.52874],[121.01384,14.52847],[121.01366,14.52811]]],[[[121.02415,14.52766],[121.02406,14.52766],[121.02405,14.52784],[121.02415,14.52784],[121.02415,14.52766]]],[[[121.0248,14.52775],[121.02498,14.52775],[121.02498,14.52766],[121.0248,14.52766],[121.0248,14.52775]]],[[[121.02433,14.52838],[121.02433,14.52856],[121.02451,14.52856],[121.02451,14.52892],[121.0246,14.52893],[121.0246,14.52866],[121.0247,14.52866],[121.0247,14.52857],[121.0246,14.52856],[121.02461,14.52838],[121.02442,14.52847],[121.02442,14.52838],[121.02433,14.52838]]],[[[121.02339,14.5291],[121.0232,14.52964],[121.02302,14.52964],[121.02302,14.52982],[121.02292,14.52981],[121.02292,14.53009],[121.02301,14.53009],[121.02311,14.52982],[121.0233,14.52982],[121.0233,14.52973],[121.02348,14.52973],[121.02348,14.53],[121.0245,14.52992],[121.0245,14.53001],[121.02422,14.53001],[121.02422,14.53028],[121.02459,14.53019],[121.02468,14.53055],[121.02486,14.53064],[121.02486,14.53083],[121.02477,14.53083],[121.02477,14.53092],[121.02449,14.53091],[121.02449,14.53109],[121.02458,14.5311],[121.02458,14.53119],[121.02486,14.53119],[121.02486,14.53128],[121.02514,14.53128],[121.02514,14.53119],[121.02523,14.53119],[121.02523,14.53092],[121.02551,14.53074],[121.02551,14.53047],[121.02561,14.53047],[121.02561,14.53029],[121.0257,14.53029],[121.0257,14.53011],[121.02589,14.53002],[121.02589,14.52957],[121.02599,14.52957],[121.02608,14.5293],[121.02497,14.52938],[121.02497,14.52929],[121.02469,14.52929],[121.02469,14.5292],[121.02451,14.5292],[121.02451,14.52929],[121.02376,14.52919],[121.02367,14.52901],[121.02339,14.5291]],[[121.02367,14.52955],[121.02367,14.52964],[121.02339,14.52964],[121.02339,14.52955],[121.02367,14.52955]]],[[[121.01253,14.53027],[121.01253,14.53018],[121.01244,14.53018],[121.01244,14.52991],[121.01216,14.5299],[121.01216,14.53009],[121.01225,14.53009],[121.01234,14.53027],[121.01253,14.53027]]],[[[121.02254,14.53081],[121.02254,14.5309],[121.02245,14.5309],[121.02245,14.53117],[121.02272,14.53135],[121.02282,14.53117],[121.02291,14.53117],[121.02291,14.5309],[121.0231,14.5309],[121.0231,14.53081],[121.02254,14.53081]]],[[[121.0231,14.5309],[121.0231,14.53108],[121.02319,14.53108],[121.02319,14.5309],[121.0231,14.5309]]],[[[121.02319,14.53108],[121.02319,14.53126],[121.02328,14.53126],[121.02328,14.53108],[121.02319,14.53108]]],[[[121.02328,14.53126],[121.02328,14.53135],[121.02384,14.53136],[121.02384,14.53127],[121.02402,14.53127],[121.02402,14.53118],[121.02384,14.53109],[121.02375,14.53127],[121.02328,14.53126]]],[[[121.02402,14.53127],[121.02402,14.53145],[121.02421,14.53145],[121.02412,14.53127],[121.02402,14.53127]]],[[[121.02421,14.53145],[121.02421,14.53154],[121.02439,14.53154],[121.02439,14.53145],[121.02421,14.53145]]],[[[121.02439,14.53154],[121.02439,14.53173],[121.02476,14.53173],[121.02476,14.53164],[121.02448,14.53164],[121.02448,14.53155],[121.02439,14.53154]]],[[[121.02476,14.53164],[121.02495,14.53164],[121.02495,14.53155],[121.02476,14.53155],[121.02476,14.53164]]],[[[121.02495,14.53164],[121.02504,14.53182],[121.02523,14.53182],[121.02513,14.53164],[121.02495,14.53164]]],[[[121.02532,14.53146],[121.02541,14.53146],[121.02541,14.53128],[121.02532,14.53128],[121.02532,14.53146]]],[[[121.02541,14.53128],[121.02551,14.53128],[121.02551,14.5311],[121.02542,14.5311],[121.02541,14.53128]]],[[[121.02551,14.5311],[121.0256,14.5311],[121.0256,14.53083],[121.02551,14.53083],[121.02551,14.5311]]],[[[121.0257,14.53074],[121.02589,14.53065],[121.02598,14.53029],[121.02617,14.5302],[121.02626,14.53039],[121.02617,14.53039],[121.02616,14.53066],[121.02607,14.53065],[121.02607,14.53093],[121.02598,14.53093],[121.02597,14.53111],[121.02616,14.53111],[121.02616,14.53147],[121.02606,14.53147],[121.02606,14.53156],[121.02634,14.53156],[121.02634,14.53147],[121.02643,14.53147],[121.02671,14.53183],[121.0268,14.53184],[121.0268,14.53202],[121.02736,14.53211],[121.02745,14.53238],[121.02763,14.53238],[121.02763,14.53257],[121.02791,14.53257],[121.02791,14.53266],[121.02809,14.53266],[121.02809,14.53275],[121.02837,14.53275],[121.02819,14.53248],[121.02791,14.53239],[121.02791,14.53221],[121.02782,14.53221],[121.02782,14.53203],[121.02773,14.53203],[121.02773,14.53175],[121.02764,14.53175],[121.02764,14.53139],[121.02755,14.53139],[121.02746,14.53112],[121.02718,14.53094],[121.02718,14.53075],[121.02737,14.53067],[121.02747,14.53012],[121.02765,14.53013],[121.02765,14.52995],[121.02738,14.52985],[121.02738,14.52958],[121.02729,14.52958],[121.0272,14.52931],[121.02683,14.52922],[121.02683,14.52895],[121.02645,14.52921],[121.02626,14.52975],[121.02617,14.52975],[121.02617,14.52993],[121.02589,14.53011],[121.02589,14.53038],[121.02579,14.53038],[121.02579,14.53056],[121.0257,14.53056],[121.0257,14.53074]]],[[[121.02837,14.53275],[121.02837,14.53284],[121.02856,14.53285],[121.02855,14.53294],[121.02911,14.53303],[121.02911,14.53312],[121.0293,14.53321],[121.02939,14.53349],[121.0292,14.53357],[121.0291,14.53384],[121.02957,14.53385],[121.02966,14.53403],[121.02975,14.53403],[121.02975,14.53385],[121.02985,14.53385],[121.02994,14.53412],[121.03021,14.53403],[121.03031,14.53421],[121.03049,14.53431],[121.0304,14.53458],[121.03086,14.53449],[121.03086,14.53458],[121.03105,14.53458],[121.03104,14.53467],[121.03151,14.53468],[121.0316,14.53441],[121.03198,14.53432],[121.03198,14.53423],[121.03216,14.53423],[121.03216,14.53414],[121.03235,14.53414],[121.03244,14.53432],[121.03281,14.53433],[121.03281,14.53424],[121.03262,14.53424],[121.03253,14.53396],[121.03216,14.53396],[121.03217,14.53387],[121.03161,14.53396],[121.0318,14.53369],[121.03152,14.53368],[121.03151,14.53395],[121.03096,14.53395],[121.03096,14.53404],[121.03086,14.53404],[121.03087,14.53395],[121.03059,14.53395],[121.0305,14.53377],[121.03031,14.53376],[121.03031,14.53385],[121.03012,14.53394],[121.03012,14.53385],[121.03003,14.53385],[121.03004,14.53331],[121.03013,14.53331],[121.03004,14.53259],[121.02967,14.53258],[121.02958,14.53276],[121.02884,14.53267],[121.02883,14.53285],[121.02837,14.53275]],[[121.03096,14.53422],[121.03096,14.53431],[121.03086,14.53431],[121.03086,14.53422],[121.03096,14.53422]],[[121.02957,14.53322],[121.02967,14.53322],[121.02966,14.53331],[121.02957,14.53331],[121.02957,14.53322]],[[121.02957,14.53322],[121.02939,14.53321],[121.02939,14.53312],[121.02957,14.53313],[121.02957,14.53322]]],[[[121.03281,14.53424],[121.033,14.53415],[121.033,14.53406],[121.03346,14.53397],[121.03356,14.53379],[121.03383,14.53379],[121.03384,14.53361],[121.03393,14.53361],[121.03393,14.5337],[121.03449,14.53371],[121.03448,14.53407],[121.03476,14.53416],[121.03485,14.53453],[121.03503,14.53462],[121.03494,14.5348],[121.03512,14.53494],[121.03568,14.53494],[121.03559,14.53462],[121.0355,14.53462],[121.0355,14.53435],[121.03531,14.53435],[121.03531,14.53426],[121.03513,14.53426],[121.03513,14.53416],[121.03494,14.53416],[121.03495,14.53407],[121.03467,14.53398],[121.03467,14.53335],[121.0344,14.53335],[121.0343,14.53353],[121.03365,14.53343],[121.03365,14.5337],[121.03337,14.5337],[121.03337,14.53379],[121.03309,14.53388],[121.03309,14.53397],[121.03291,14.53397],[121.03281,14.53424]]],[[[121.0246,14.52893],[121.0246,14.52902],[121.02479,14.52902],[121.02478,14.52911],[121.02506,14.52911],[121.02506,14.52902],[121.02479,14.52893],[121.02479,14.52875],[121.0247,14.52875],[121.02469,14.52893],[121.0246,14.52893]]],[[[121.006,14.52371],[121.00628,14.52353],[121.00628,14.52335],[121.006,14.52353],[121.006,14.52371]]],[[[121.00638,14.52326],[121.00647,14.52326],[121.00656,14.52308],[121.00638,14.52308],[121.00638,14.52326]]],[[[121.00675,14.5229],[121.00684,14.5229],[121.00703,14.52263],[121.00675,14.52272],[121.00675,14.5229]]],[[[121.00703,14.52263],[121.00713,14.52263],[121.00713,14.52245],[121.00703,14.52245],[121.00703,14.52263]]],[[[121.00695,14.52191],[121.00667,14.52191],[121.00667,14.522],[121.00695,14.522],[121.00695,14.52191]]],[[[121.01675,14.51422],[121.01703,14.51422],[121.01703,14.51431],[121.01722,14.51441],[121.01713,14.51404],[121.01685,14.51413],[121.01685,14.51404],[121.01694,14.51404],[121.01694,14.51395],[121.01685,14.51395],[121.01685,14.51368],[121.01732,14.51332],[121.01723,14.51314],[121.01676,14.5135],[121.01676,14.51395],[121.01666,14.51395],[121.01666,14.51404],[121.01676,14.51404],[121.01675,14.51422]]],[[[121.01143,14.51842],[121.01134,14.51842],[121.01134,14.5186],[121.01143,14.5186],[121.01143,14.51842]]],[[[121.01031,14.5195],[121.01021,14.5195],[121.01021,14.51968],[121.01031,14.51968],[121.01031,14.5195]]],[[[121.017,14.5182],[121.01709,14.5182],[121.01737,14.51784],[121.01719,14.51784],[121.01718,14.51793],[121.017,14.51802],[121.017,14.5182]]],[[[121.01737,14.51784],[121.01746,14.51784],[121.01756,14.51766],[121.01737,14.51766],[121.01737,14.51784]]],[[[121.01775,14.51748],[121.01793,14.51739],[121.01793,14.5173],[121.01775,14.5173],[121.01775,14.51748]]],[[[121.01803,14.51721],[121.01821,14.51712],[121.01821,14.51694],[121.01803,14.51703],[121.01803,14.51721]]],[[[121.00601,14.52262],[121.0062,14.52262],[121.0062,14.52253],[121.00601,14.52253],[121.00601,14.52262]]],[[[121.00629,14.52244],[121.00648,14.52245],[121.00648,14.52236],[121.00629,14.52235],[121.00629,14.52244]]],[[[121.00575,14.52136],[121.00593,14.52136],[121.00602,14.52118],[121.0063,14.52118],[121.0063,14.52091],[121.0064,14.52091],[121.00649,14.52073],[121.00668,14.52073],[121.00668,14.52055],[121.00687,14.52046],[121.00687,14.52037],[121.00705,14.52037],[121.00743,14.51992],[121.00761,14.51984],[121.00761,14.51975],[121.0078,14.51975],[121.0078,14.51957],[121.00817,14.5193],[121.00818,14.51912],[121.00855,14.51885],[121.00855,14.51876],[121.00874,14.51876],[121.00874,14.51867],[121.00892,14.51858],[121.00893,14.5184],[121.0093,14.51831],[121.00958,14.51796],[121.00976,14.51796],[121.00977,14.51778],[121.00995,14.51769],[121.00995,14.5176],[121.01014,14.5176],[121.01014,14.51742],[121.01023,14.51742],[121.01033,14.51724],[121.01051,14.51724],[121.01051,14.51706],[121.01079,14.51697],[121.01098,14.51661],[121.01126,14.51652],[121.01126,14.51634],[121.01163,14.51617],[121.01164,14.51598],[121.01173,14.51599],[121.01173,14.51589],[121.01238,14.51536],[121.01239,14.51518],[121.01276,14.51491],[121.01276,14.51473],[121.01304,14.51455],[121.01314,14.5141],[121.01332,14.51401],[121.01333,14.51365],[121.01314,14.51365],[121.01305,14.51383],[121.01286,14.51383],[121.01267,14.51437],[121.01239,14.51445],[121.01239,14.51464],[121.0122,14.51472],[121.0122,14.5149],[121.01202,14.5149],[121.01202,14.51508],[121.01136,14.51562],[121.01136,14.5158],[121.0108,14.51625],[121.0107,14.51652],[121.01052,14.51652],[121.01052,14.5167],[121.01014,14.51697],[121.01014,14.51706],[121.00996,14.51705],[121.00968,14.51741],[121.00949,14.51741],[121.0093,14.51768],[121.00912,14.51768],[121.00902,14.51795],[121.00874,14.51804],[121.00865,14.51822],[121.008,14.51821],[121.00809,14.51848],[121.008,14.51848],[121.00799,14.51866],[121.00781,14.51866],[121.0079,14.51893],[121.00781,14.51893],[121.00781,14.51902],[121.00762,14.51893],[121.00743,14.5192],[121.00715,14.51938],[121.00706,14.51965],[121.00687,14.51965],[121.00669,14.51992],[121.0065,14.51992],[121.00641,14.51974],[121.00613,14.51973],[121.00613,14.51964],[121.00576,14.51964],[121.00576,14.51973],[121.00557,14.51973],[121.00557,14.51982],[121.00529,14.51991],[121.00529,14.52018],[121.00557,14.52009],[121.00566,14.51991],[121.00576,14.51991],[121.00576,14.52009],[121.00603,14.52009],[121.00603,14.52036],[121.00612,14.52036],[121.00603,14.52064],[121.00584,14.52063],[121.00593,14.52109],[121.00584,14.52109],[121.00575,14.52136]],[[121.00828,14.51839],[121.00828,14.5183],[121.00837,14.51831],[121.00837,14.5184],[121.00828,14.51839]],[[121.00809,14.51858],[121.00818,14.51858],[121.00818,14.51867],[121.00809,14.51867],[121.00809,14.51858]]],[[[121.00576,14.52009],[121.00557,14.52009],[121.00557,14.52027],[121.00575,14.52027],[121.00576,14.52009]]],[[[121.00529,14.52018],[121.0052,14.52018],[121.0052,14.52009],[121.00483,14.52008],[121.00483,14.52017],[121.00464,14.52017],[121.00464,14.52026],[121.00492,14.52036],[121.00492,14.52054],[121.0051,14.52054],[121.00529,14.52018]]],[[[121.00492,14.52054],[121.00464,14.52044],[121.00455,14.52026],[121.00436,14.52035],[121.00418,14.52008],[121.00381,14.52007],[121.00399,14.52035],[121.00418,14.52026],[121.00418,14.52035],[121.00445,14.52044],[121.00454,14.52062],[121.00464,14.52062],[121.00464,14.52053],[121.00482,14.52063],[121.00482,14.52072],[121.00473,14.52071],[121.00482,14.52099],[121.00463,14.52107],[121.00463,14.52117],[121.005,14.52108],[121.00491,14.5209],[121.0051,14.5209],[121.00519,14.52108],[121.00528,14.52108],[121.00519,14.52081],[121.00529,14.52081],[121.00529,14.52063],[121.00557,14.52045],[121.00557,14.52027],[121.00529,14.52045],[121.0051,14.52072],[121.00492,14.52063],[121.00492,14.52054]]],[[[121.00445,14.52135],[121.00435,14.52134],[121.00407,14.5217],[121.00426,14.52171],[121.00426,14.52161],[121.00444,14.52153],[121.00445,14.52135]]],[[[121.00529,14.5209],[121.00547,14.5209],[121.00547,14.52081],[121.00529,14.52081],[121.00529,14.5209]]],[[[121.00165,14.5018],[121.00147,14.5018],[121.00147,14.50189],[121.00165,14.50189],[121.00165,14.5018]]],[[[121.01528,14.50327],[121.01509,14.50327],[121.01509,14.50336],[121.01527,14.50336],[121.01528,14.50327]]],[[[121.01797,14.5033],[121.01797,14.5032],[121.01769,14.5032],[121.01769,14.50329],[121.01797,14.5033]]],[[[121.01204,14.50198],[121.01204,14.50189],[121.01176,14.5018],[121.01185,14.50207],[121.01204,14.50198]]],[[[121.02214,14.5036],[121.02186,14.5036],[121.02186,14.50378],[121.02214,14.50378],[121.02214,14.5036]]],[[[121.0216,14.50143],[121.0216,14.50116],[121.02169,14.50116],[121.02169,14.50107],[121.02133,14.50097],[121.02132,14.50107],[121.02142,14.50107],[121.02141,14.50134],[121.0216,14.50143]]],[[[121.01467,14.49848],[121.01467,14.49857],[121.01457,14.49857],[121.01457,14.49884],[121.01485,14.49884],[121.01485,14.49875],[121.01494,14.49875],[121.01495,14.49848],[121.01467,14.49848]]],[[[121.02384,14.50009],[121.02393,14.50009],[121.02393,14.50027],[121.02411,14.50019],[121.02411,14.50037],[121.0243,14.50037],[121.02439,14.50019],[121.02467,14.50028],[121.02467,14.50019],[121.02476,14.50019],[121.02477,14.50001],[121.0243,14.5001],[121.0243,14.5],[121.02449,14.49992],[121.0244,14.49964],[121.02468,14.49965],[121.02468,14.49956],[121.02477,14.49956],[121.02468,14.49929],[121.02505,14.4992],[121.02505,14.49893],[121.02515,14.49893],[121.02515,14.49884],[121.02478,14.49883],[121.02478,14.49856],[121.02506,14.49847],[121.02506,14.4982],[121.02487,14.4982],[121.02487,14.49838],[121.02469,14.49847],[121.02468,14.49874],[121.0245,14.49883],[121.0245,14.49892],[121.02422,14.49892],[121.02431,14.4991],[121.0245,14.4991],[121.02449,14.49928],[121.02403,14.49928],[121.02393,14.49946],[121.02384,14.49946],[121.02375,14.49991],[121.02393,14.49982],[121.02393,14.49991],[121.02402,14.49991],[121.02402,14.5],[121.02384,14.5],[121.02384,14.50009]]],[[[121.02515,14.49884],[121.02533,14.49875],[121.02533,14.49857],[121.02515,14.49866],[121.02515,14.49884]]],[[[121.02533,14.49857],[121.02543,14.49857],[121.02543,14.4983],[121.02524,14.49839],[121.02533,14.49857]]],[[[121.03549,14.50444],[121.03558,14.5038],[121.03568,14.50381],[121.03568,14.50372],[121.03596,14.50372],[121.03596,14.50363],[121.03568,14.50362],[121.03577,14.50336],[121.0355,14.50335],[121.0354,14.50353],[121.03531,14.50353],[121.03531,14.50371],[121.03521,14.50371],[121.03521,14.50407],[121.03512,14.50407],[121.03521,14.50434],[121.03549,14.50444]]],[[[121.03596,14.50363],[121.03614,14.50363],[121.03614,14.50381],[121.03605,14.50381],[121.03595,14.50408],[121.03577,14.50417],[121.03576,14.50453],[121.03586,14.50453],[121.03585,14.5048],[121.03604,14.5048],[121.03613,14.50507],[121.03622,14.50508],[121.03623,14.5048],[121.03641,14.50472],[121.03641,14.50454],[121.03651,14.50454],[121.03651,14.50399],[121.03623,14.50408],[121.03623,14.50381],[121.03651,14.50381],[121.03661,14.50336],[121.03642,14.50336],[121.03642,14.50372],[121.03633,14.50372],[121.03624,14.50354],[121.03596,14.50354],[121.03596,14.50363]]],[[[121.03613,14.50507],[121.03604,14.50507],[121.03603,14.50535],[121.03613,14.50535],[121.03613,14.50507]]],[[[121.02461,14.50652],[121.02452,14.50669],[121.02461,14.5067],[121.02461,14.50697],[121.0247,14.50697],[121.0248,14.50661],[121.02461,14.50652]]],[[[121.0248,14.50679],[121.0248,14.50697],[121.02489,14.50697],[121.02489,14.50679],[121.0248,14.50679]]],[[[121.03603,14.50535],[121.03594,14.50534],[121.03594,14.50553],[121.03603,14.50553],[121.03603,14.50535]]],[[[121.03585,14.50562],[121.03575,14.50561],[121.03575,14.5058],[121.03584,14.5058],[121.03585,14.50562]]],[[[121.00677,14.53167],[121.00677,14.53176],[121.00695,14.53176],[121.00695,14.53167],[121.00677,14.53167]]],[[[121.03601,14.50797],[121.03601,14.50779],[121.0362,14.50779],[121.0362,14.50761],[121.03629,14.50761],[121.0363,14.50724],[121.03593,14.50706],[121.03583,14.50733],[121.03537,14.50733],[121.03537,14.50742],[121.03546,14.50742],[121.03546,14.50787],[121.03601,14.50797]]],[[[121.03604,14.51538],[121.03622,14.51538],[121.03623,14.51529],[121.03604,14.51529],[121.03604,14.51538]]],[[[121.03576,14.51519],[121.03576,14.51528],[121.03595,14.51529],[121.03595,14.5152],[121.03576,14.51519]]],[[[121.03559,14.53444],[121.03578,14.53444],[121.03587,14.53426],[121.0356,14.53417],[121.03559,14.53444]]],[[[121.0263,14.50508],[121.02639,14.50526],[121.02694,14.50527],[121.02703,14.50563],[121.0274,14.50582],[121.0274,14.50591],[121.02731,14.50591],[121.02731,14.50618],[121.02759,14.50618],[121.02768,14.506],[121.02805,14.506],[121.02805,14.50582],[121.02861,14.50592],[121.0288,14.50565],[121.02945,14.50565],[121.02954,14.50583],[121.02972,14.50583],[121.02972,14.50574],[121.02945,14.50556],[121.02945,14.50538],[121.02926,14.50538],[121.02917,14.5052],[121.0288,14.50519],[121.0288,14.50538],[121.02843,14.50546],[121.02833,14.50564],[121.02796,14.50564],[121.02796,14.50546],[121.02769,14.50546],[121.02759,14.50527],[121.02741,14.50527],[121.02741,14.50518],[121.02695,14.50518],[121.02676,14.50491],[121.02648,14.50481],[121.02649,14.50472],[121.0263,14.50472],[121.0263,14.50481],[121.02648,14.5049],[121.02639,14.50508],[121.0263,14.50508]],[[121.02843,14.50564],[121.02852,14.50564],[121.02852,14.50573],[121.02842,14.50573],[121.02843,14.50564]]],[[[121.0263,14.50508],[121.0263,14.50499],[121.02602,14.50499],[121.02602,14.50508],[121.0263,14.50508]]],[[[121.02972,14.50583],[121.02981,14.50611],[121.03,14.50611],[121.03018,14.50638],[121.03027,14.50638],[121.03018,14.50656],[121.03046,14.50665],[121.03046,14.50684],[121.03064,14.50684],[121.03064,14.50693],[121.03129,14.50693],[121.03129,14.50702],[121.03147,14.50702],[121.03148,14.50693],[121.03166,14.50694],[121.03166,14.50685],[121.03185,14.50685],[121.03185,14.50694],[121.03203,14.50694],[121.03203,14.50685],[121.03212,14.50685],[121.03212,14.50694],[121.03259,14.50694],[121.03259,14.50703],[121.03277,14.50704],[121.03277,14.50749],[121.03286,14.50749],[121.03286,14.50758],[121.03314,14.50758],[121.03314,14.50767],[121.03351,14.50758],[121.03351,14.50731],[121.0337,14.50731],[121.0337,14.50722],[121.03416,14.50723],[121.03435,14.50696],[121.03463,14.50696],[121.03472,14.50678],[121.035,14.50678],[121.035,14.50687],[121.03509,14.50687],[121.03528,14.50633],[121.03538,14.50633],[121.03547,14.50615],[121.03575,14.50607],[121.03575,14.50588],[121.03557,14.50588],[121.03557,14.50597],[121.03538,14.50597],[121.03529,14.50615],[121.03501,14.50615],[121.0351,14.50633],[121.03463,14.50642],[121.03463,14.5066],[121.03445,14.50669],[121.03426,14.50696],[121.03379,14.50695],[121.03379,14.50686],[121.03296,14.50686],[121.03296,14.50676],[121.03268,14.50676],[121.03268,14.50667],[121.03222,14.50676],[121.03213,14.50676],[121.03213,14.50667],[121.03166,14.50666],[121.03166,14.50675],[121.03138,14.50675],[121.03138,14.50684],[121.03101,14.50684],[121.03092,14.50657],[121.03074,14.50657],[121.03065,14.50638],[121.03055,14.50638],[121.03055,14.5062],[121.03037,14.5062],[121.03028,14.50602],[121.02991,14.50602],[121.02991,14.50584],[121.02972,14.50583]]],[[[121.03573,14.49802],[121.03563,14.49802],[121.03563,14.4982],[121.03573,14.4982],[121.03573,14.49802]]],[[[121.03565,14.51691],[121.03566,14.51682],[121.03547,14.51682],[121.03547,14.51691],[121.03565,14.51691]]],[[[121.03534,14.49992],[121.03543,14.49992],[121.03544,14.49956],[121.03562,14.49956],[121.03562,14.49947],[121.03534,14.49947],[121.03534,14.49992]]],[[[121.03525,14.5001],[121.03515,14.5001],[121.03515,14.50028],[121.03524,14.50028],[121.03525,14.5001]]],[[[121.035,14.50732],[121.035,14.50705],[121.03491,14.50705],[121.0349,14.50723],[121.03472,14.50732],[121.03472,14.50759],[121.0349,14.5076],[121.0349,14.50732],[121.035,14.50732]]],[[[121.03484,14.52495],[121.03494,14.52477],[121.03466,14.52485],[121.03466,14.52494],[121.03484,14.52495]]],[[[121.03491,14.50615],[121.03473,14.50615],[121.03473,14.50624],[121.03491,14.50624],[121.03491,14.50615]]],[[[121.03479,14.53082],[121.03451,14.53082],[121.03451,14.53109],[121.0346,14.53109],[121.0346,14.53118],[121.03488,14.53109],[121.03479,14.53082]]],[[[121.03178,14.53494],[121.0328,14.53494],[121.0328,14.53487],[121.03299,14.53487],[121.03299,14.53478],[121.03308,14.53478],[121.03318,14.53494],[121.03345,14.53494],[121.03346,14.53487],[121.0341,14.53494],[121.0341,14.53479],[121.03448,14.53479],[121.03448,14.5347],[121.03438,14.5347],[121.03439,14.53452],[121.03401,14.53443],[121.03402,14.53425],[121.03328,14.53415],[121.03328,14.53424],[121.033,14.53424],[121.0329,14.53442],[121.03262,14.53442],[121.03262,14.53451],[121.03244,14.5345],[121.03244,14.53441],[121.03188,14.53441],[121.03188,14.53459],[121.03179,14.53459],[121.03188,14.53477],[121.03179,14.53477],[121.03178,14.53494]],[[121.0341,14.53479],[121.03373,14.5347],[121.03374,14.53452],[121.03383,14.53452],[121.03383,14.53461],[121.03411,14.53461],[121.0341,14.53479]],[[121.03337,14.53451],[121.03337,14.53442],[121.03346,14.53442],[121.03346,14.53451],[121.03337,14.53451]],[[121.03234,14.53477],[121.03207,14.53468],[121.03206,14.53477],[121.03197,14.53477],[121.03197,14.53459],[121.03235,14.5345],[121.03234,14.53477]]],[[[121.03448,14.53479],[121.03447,14.53494],[121.03485,14.53494],[121.03475,14.5348],[121.03448,14.53479]]],[[[121.0348,14.52955],[121.03462,14.52955],[121.03461,14.52964],[121.0348,14.52964],[121.0348,14.52955]]],[[[121.03462,14.52919],[121.03471,14.52883],[121.03453,14.52874],[121.03444,14.52811],[121.03426,14.5281],[121.03416,14.52837],[121.03435,14.52838],[121.03425,14.52865],[121.03444,14.52874],[121.03443,14.5291],[121.03462,14.52919]]],[[[121.03433,14.53054],[121.03433,14.53045],[121.03442,14.53045],[121.03442,14.53009],[121.03452,14.53009],[121.03452,14.52991],[121.03443,14.52991],[121.03433,14.53009],[121.03415,14.53009],[121.03423,14.53054],[121.03433,14.53054]]],[[[121.03436,14.50624],[121.03426,14.50623],[121.03426,14.50669],[121.03435,14.50669],[121.03436,14.50624]]],[[[121.03386,14.50985],[121.03386,14.50957],[121.03377,14.50957],[121.03377,14.50985],[121.03386,14.50985]]],[[[121.03368,14.499],[121.03368,14.49891],[121.03377,14.49891],[121.03378,14.49864],[121.0334,14.49873],[121.0334,14.49882],[121.03368,14.499]]],[[[121.0333,14.51084],[121.0333,14.51065],[121.03348,14.51056],[121.03349,14.51029],[121.03339,14.51029],[121.03339,14.51047],[121.03321,14.51056],[121.0332,14.51083],[121.0333,14.51084]]],[[[121.03311,14.5112],[121.03311,14.51101],[121.03302,14.51101],[121.03302,14.51119],[121.03311,14.5112]]],[[[121.03272,14.51309],[121.033,14.51309],[121.0331,14.51237],[121.03291,14.51246],[121.03291,14.51264],[121.03282,14.51264],[121.03272,14.51309]]],[[[121.03272,14.51309],[121.03263,14.51309],[121.03244,14.51336],[121.03262,14.51336],[121.03272,14.51309]]],[[[121.03264,14.51209],[121.03264,14.512],[121.03273,14.51201],[121.03273,14.51164],[121.03264,14.51164],[121.03264,14.51182],[121.03254,14.51182],[121.03254,14.512],[121.03245,14.512],[121.03245,14.51227],[121.03254,14.51227],[121.03254,14.51209],[121.03264,14.51209]]],[[[121.0324,14.51733],[121.0324,14.51715],[121.03213,14.51715],[121.03222,14.51733],[121.0324,14.51733]]],[[[121.03217,14.51272],[121.03226,14.51272],[121.03226,14.51254],[121.03217,14.51254],[121.03217,14.51272]]],[[[121.03217,14.51272],[121.03207,14.51272],[121.03207,14.5129],[121.03217,14.5129],[121.03217,14.51272]]],[[[121.03226,14.51254],[121.03235,14.51254],[121.03235,14.51236],[121.03226,14.51236],[121.03226,14.51254]]],[[[121.03182,14.49935],[121.03182,14.49925],[121.03201,14.49917],[121.03201,14.49889],[121.03192,14.49889],[121.03173,14.49862],[121.03146,14.49862],[121.03136,14.49925],[121.03182,14.49935]]],[[[121.03194,14.51706],[121.03194,14.51697],[121.03167,14.51697],[121.03166,14.51706],[121.03194,14.51706]]],[[[121.03189,14.5232],[121.0318,14.5232],[121.03179,14.52338],[121.03189,14.52338],[121.03189,14.5232]]],[[[121.02939,14.52273],[121.02957,14.52264],[121.02967,14.52219],[121.02986,14.5221],[121.02986,14.52192],[121.02995,14.52192],[121.02995,14.52174],[121.03005,14.52174],[121.03005,14.52147],[121.03023,14.52138],[121.03015,14.52093],[121.03033,14.52093],[121.03024,14.5203],[121.03043,14.5203],[121.03043,14.52021],[121.03062,14.52012],[121.03061,14.5203],[121.03099,14.5203],[121.0309,14.52003],[121.03118,14.51985],[121.03117,14.52013],[121.03136,14.52013],[121.03136,14.52031],[121.03117,14.52031],[121.03117,14.52058],[121.03136,14.52058],[121.03136,14.52049],[121.03145,14.52049],[121.03145,14.52022],[121.03154,14.52022],[121.03155,14.51995],[121.03164,14.51995],[121.03173,14.51968],[121.03109,14.51958],[121.03099,14.51985],[121.0308,14.51994],[121.0308,14.52003],[121.03062,14.52003],[121.03062,14.51994],[121.03015,14.51994],[121.03015,14.52003],[121.03006,14.52003],[121.03006,14.5203],[121.02987,14.5202],[121.02988,14.51993],[121.0296,14.51993],[121.0296,14.51984],[121.02951,14.51984],[121.02951,14.51993],[121.02941,14.51993],[121.02941,14.52029],[121.0296,14.52029],[121.02959,14.52056],[121.0295,14.52056],[121.0295,14.52074],[121.0294,14.52074],[121.0294,14.52147],[121.02921,14.52146],[121.02912,14.52173],[121.02921,14.52173],[121.02921,14.52183],[121.02902,14.52182],[121.02902,14.52201],[121.02912,14.52201],[121.02911,14.52237],[121.0293,14.52237],[121.0293,14.52228],[121.02948,14.52237],[121.02939,14.52273]],[[121.02939,14.52192],[121.02958,14.52192],[121.02958,14.52201],[121.02939,14.52201],[121.02939,14.52192]],[[121.02939,14.52192],[121.0293,14.52192],[121.0293,14.52183],[121.02939,14.52183],[121.02939,14.52192]],[[121.02939,14.52183],[121.0294,14.52165],[121.02958,14.52156],[121.02949,14.52138],[121.02977,14.52129],[121.02977,14.52138],[121.02968,14.52138],[121.02967,14.52165],[121.02939,14.52183]]],[[[121.03159,14.50459],[121.03131,14.50458],[121.03131,14.50467],[121.03149,14.50477],[121.03159,14.50459]]],[[[121.03141,14.52428],[121.03123,14.52428],[121.03123,14.52446],[121.03132,14.52446],[121.03141,14.52428]]],[[[121.03123,14.53494],[121.03141,14.53494],[121.03141,14.53486],[121.03123,14.53486],[121.03123,14.53494]]],[[[121.03123,14.53486],[121.03123,14.53477],[121.03067,14.53476],[121.03067,14.53485],[121.03123,14.53486]]],[[[121.03108,14.5204],[121.03099,14.5204],[121.03098,14.52057],[121.03108,14.52058],[121.03108,14.5204]]],[[[121.03086,14.50331],[121.03095,14.50313],[121.03086,14.50313],[121.03086,14.50295],[121.03077,14.50295],[121.03067,14.5034],[121.03095,14.50349],[121.03095,14.50332],[121.03086,14.50331]]],[[[121.03076,14.50367],[121.03039,14.50367],[121.03039,14.50385],[121.03076,14.50385],[121.03076,14.50367]]],[[[121.03049,14.53485],[121.0303,14.53458],[121.03021,14.53458],[121.0303,14.53485],[121.03049,14.53485]]],[[[121.03039,14.50421],[121.03048,14.50403],[121.03011,14.50385],[121.03011,14.50412],[121.03039,14.50421]]],[[[121.02974,14.53484],[121.02993,14.53485],[121.02993,14.53494],[121.0303,14.53494],[121.03002,14.53485],[121.03002,14.53476],[121.02975,14.53475],[121.02974,14.53484]]],[[[121.03017,14.50783],[121.03017,14.50774],[121.03026,14.50774],[121.03026,14.50765],[121.03008,14.50765],[121.03008,14.50783],[121.03017,14.50783]]],[[[121.03013,14.51189],[121.03014,14.51162],[121.03004,14.51162],[121.03004,14.51189],[121.03013,14.51189]]],[[[121.02998,14.50819],[121.02998,14.50801],[121.02989,14.50801],[121.02989,14.50819],[121.02998,14.50819]]],[[[121.02993,14.53448],[121.02993,14.53439],[121.02956,14.53439],[121.02956,14.53448],[121.02993,14.53448]]],[[[121.02857,14.50998],[121.02867,14.50998],[121.02867,14.50989],[121.02894,14.5099],[121.02904,14.51008],[121.02931,14.51017],[121.02922,14.51062],[121.0294,14.51071],[121.02949,14.51098],[121.02958,14.51098],[121.02958,14.51126],[121.02977,14.51126],[121.02977,14.51108],[121.02968,14.51108],[121.02968,14.51089],[121.02958,14.51089],[121.02959,14.51044],[121.02978,14.51044],[121.02968,14.51017],[121.0295,14.51017],[121.02941,14.50999],[121.02922,14.50999],[121.02922,14.5099],[121.02904,14.5099],[121.02904,14.50981],[121.02876,14.5098],[121.02867,14.50962],[121.02839,14.50962],[121.02839,14.50953],[121.02802,14.50943],[121.02784,14.50916],[121.02747,14.50907],[121.02719,14.50871],[121.02701,14.5087],[121.02701,14.50861],[121.02664,14.50852],[121.02664,14.50843],[121.02608,14.50824],[121.02599,14.50806],[121.02553,14.50797],[121.02562,14.50815],[121.02534,14.50815],[121.02534,14.50824],[121.02525,14.50824],[121.02507,14.50796],[121.02534,14.50797],[121.02535,14.50779],[121.02507,14.5076],[121.02507,14.50742],[121.02498,14.50742],[121.02498,14.50724],[121.02489,14.50724],[121.02488,14.50751],[121.02498,14.50751],[121.02497,14.50824],[121.02488,14.50823],[121.02488,14.50832],[121.02543,14.50851],[121.02553,14.50833],[121.02581,14.50824],[121.02581,14.50833],[121.02608,14.50843],[121.02608,14.5087],[121.02626,14.5087],[121.02617,14.50897],[121.02645,14.50888],[121.02645,14.5087],[121.02682,14.5087],[121.02682,14.50879],[121.02691,14.50879],[121.02691,14.50906],[121.02738,14.50907],[121.02737,14.50925],[121.02747,14.50925],[121.02756,14.50943],[121.02774,14.50943],[121.02774,14.50952],[121.02765,14.50952],[121.02765,14.50979],[121.02783,14.50971],[121.02783,14.50961],[121.02802,14.50962],[121.02801,14.51007],[121.02811,14.51007],[121.02811,14.50989],[121.0283,14.5098],[121.0283,14.50971],[121.02857,14.5098],[121.02857,14.50998]]],[[[121.02923,14.53032],[121.02923,14.52996],[121.02942,14.52987],[121.02961,14.52933],[121.02952,14.52933],[121.02951,14.52942],[121.02914,14.52942],[121.02914,14.52951],[121.02812,14.52941],[121.02812,14.52968],[121.02821,14.52968],[121.0283,14.52995],[121.02858,14.52995],[121.02876,14.53023],[121.02923,14.53032]]],[[[121.02956,14.53457],[121.02947,14.53457],[121.02947,14.53475],[121.02956,14.53475],[121.02956,14.53457]]],[[[121.02707,14.53265],[121.02707,14.53256],[121.02689,14.53256],[121.02689,14.53238],[121.02671,14.53229],[121.02671,14.5322],[121.02504,14.53218],[121.02504,14.53209],[121.02494,14.53209],[121.02494,14.53218],[121.02476,14.53218],[121.02466,14.53281],[121.02485,14.53272],[121.02485,14.53254],[121.02522,14.53255],[121.02512,14.53282],[121.02531,14.53291],[121.02521,14.53318],[121.02531,14.53318],[121.02531,14.53309],[121.02559,14.53309],[121.02558,14.53318],[121.02586,14.53327],[121.02586,14.53309],[121.02568,14.53309],[121.02559,14.53282],[121.02577,14.53282],[121.02577,14.53273],[121.02624,14.53274],[121.02624,14.53283],[121.02642,14.53283],[121.02642,14.53292],[121.0267,14.53301],[121.0267,14.53328],[121.02679,14.53328],[121.02688,14.5331],[121.02716,14.5331],[121.02716,14.53328],[121.02725,14.53329],[121.02734,14.53356],[121.02762,14.53356],[121.02762,14.53347],[121.02772,14.53347],[121.02771,14.53356],[121.02799,14.53356],[121.02836,14.53402],[121.02864,14.53402],[121.02864,14.53384],[121.02882,14.53384],[121.02873,14.53366],[121.02818,14.53365],[121.02818,14.53347],[121.0279,14.53338],[121.028,14.53311],[121.02763,14.53311],[121.02763,14.53302],[121.02744,14.53302],[121.02726,14.53274],[121.02707,14.53265]],[[121.02707,14.53265],[121.02707,14.53292],[121.02688,14.53292],[121.02689,14.53283],[121.02661,14.53274],[121.02661,14.53256],[121.02707,14.53265]],[[121.02643,14.53228],[121.02652,14.53229],[121.02652,14.53238],[121.02643,14.53238],[121.02643,14.53228]]],[[[121.02864,14.53402],[121.02864,14.53411],[121.02873,14.53411],[121.02864,14.53429],[121.02891,14.53429],[121.02891,14.53438],[121.02901,14.53439],[121.02901,14.5342],[121.02929,14.53421],[121.02929,14.53412],[121.02901,14.53411],[121.02892,14.53393],[121.02864,14.53402]]],[[[121.02873,14.53366],[121.02883,14.53366],[121.02883,14.53348],[121.02864,14.53348],[121.02873,14.53366]]],[[[121.02929,14.53421],[121.02928,14.53439],[121.02947,14.53439],[121.02938,14.53421],[121.02929,14.53421]]],[[[121.02911,14.50131],[121.02912,14.50113],[121.02902,14.50113],[121.02902,14.50131],[121.02911,14.50131]]],[[[121.02613,14.52397],[121.02622,14.52397],[121.02622,14.52388],[121.0265,14.52388],[121.0265,14.52397],[121.02669,14.52397],[121.02669,14.52415],[121.02678,14.52416],[121.02669,14.52352],[121.02651,14.52352],[121.02651,14.52343],[121.0266,14.52343],[121.0266,14.52325],[121.02679,14.52316],[121.02679,14.52307],[121.02697,14.52307],[121.02697,14.5228],[121.02716,14.5228],[121.02716,14.52271],[121.02744,14.52271],[121.02753,14.52308],[121.02771,14.52317],[121.02771,14.52326],[121.02799,14.52326],[121.02799,14.52335],[121.02818,14.52335],[121.02818,14.52317],[121.02883,14.52318],[121.02883,14.52309],[121.02892,14.52309],[121.02892,14.52282],[121.02911,14.52282],[121.02911,14.52273],[121.02874,14.52272],[121.02874,14.52254],[121.02893,14.52255],[121.02893,14.52228],[121.02884,14.52227],[121.02884,14.52218],[121.02874,14.52218],[121.02865,14.52245],[121.02818,14.52254],[121.02846,14.5229],[121.02827,14.5229],[121.02818,14.52272],[121.0279,14.52272],[121.0279,14.52263],[121.02763,14.52253],[121.02763,14.52244],[121.02707,14.52244],[121.02707,14.52262],[121.0266,14.52298],[121.0266,14.52316],[121.02641,14.52325],[121.02632,14.52361],[121.02613,14.52361],[121.02632,14.52298],[121.0267,14.52271],[121.0267,14.52253],[121.02688,14.52244],[121.02689,14.52226],[121.02707,14.52217],[121.02708,14.5219],[121.02717,14.5219],[121.02717,14.52172],[121.02726,14.52172],[121.02736,14.52136],[121.02745,14.52136],[121.02745,14.52109],[121.02755,14.52109],[121.02755,14.521],[121.02736,14.521],[121.02727,14.52127],[121.02708,14.52126],[121.02699,14.52108],[121.0269,14.52108],[121.02699,14.5209],[121.02681,14.5209],[121.02671,14.52108],[121.02653,14.52099],[121.02653,14.52117],[121.02643,14.52117],[121.02643,14.52135],[121.02662,14.52144],[121.02652,14.52171],[121.02643,14.52171],[121.02642,14.52252],[121.02633,14.52252],[121.02633,14.5228],[121.02614,14.52288],[121.02595,14.52342],[121.02576,14.52351],[121.02576,14.52379],[121.02567,14.52378],[121.02567,14.52387],[121.02576,14.52388],[121.02576,14.52406],[121.02567,14.52406],[121.02557,14.52423],[121.02613,14.52415],[121.02613,14.52397]],[[121.02846,14.5229],[121.02864,14.5229],[121.02864,14.523],[121.02846,14.52299],[121.02846,14.5229]],[[121.02613,14.52397],[121.02594,14.52397],[121.02594,14.52388],[121.02613,14.52388],[121.02613,14.52397]],[[121.0268,14.52153],[121.02699,14.52154],[121.02698,14.52163],[121.0268,14.52163],[121.0268,14.52153]],[[121.02604,14.5237],[121.02613,14.5237],[121.02613,14.52379],[121.02604,14.52379],[121.02604,14.5237]]],[[[121.02873,14.52372],[121.02864,14.52372],[121.02863,14.5239],[121.02873,14.5239],[121.02873,14.52372]]],[[[121.02846,14.5333],[121.02846,14.53348],[121.02855,14.53348],[121.02855,14.5333],[121.02846,14.5333]]],[[[121.02846,14.5333],[121.02846,14.53321],[121.02818,14.5332],[121.02818,14.53311],[121.02809,14.53311],[121.02809,14.53329],[121.02846,14.5333]]],[[[121.0282,14.51061],[121.02829,14.51061],[121.02829,14.51043],[121.0282,14.51043],[121.0282,14.51061]]],[[[121.028,14.50085],[121.02801,14.50067],[121.02791,14.50067],[121.02782,14.50049],[121.02745,14.50057],[121.02745,14.50075],[121.02791,14.50076],[121.02791,14.50085],[121.028,14.50085]]],[[[121.02791,14.51115],[121.02791,14.51097],[121.02773,14.51106],[121.02773,14.51115],[121.02791,14.51115]]],[[[121.02713,14.52578],[121.02732,14.52579],[121.02742,14.52552],[121.02723,14.52551],[121.02713,14.52578]]],[[[121.02708,14.52099],[121.02727,14.521],[121.02727,14.52073],[121.02708,14.52081],[121.02708,14.52099]]],[[[121.02673,14.49799],[121.0271,14.49813],[121.0272,14.49799],[121.02673,14.49799]]],[[[121.02606,14.50047],[121.02587,14.50047],[121.02578,14.50074],[121.02634,14.50084],[121.02643,14.50111],[121.0268,14.50111],[121.0268,14.50102],[121.02698,14.50111],[121.02698,14.50102],[121.02717,14.50102],[121.02708,14.50084],[121.02624,14.50075],[121.02624,14.50065],[121.02643,14.50066],[121.02643,14.50038],[121.02625,14.50038],[121.02606,14.50011],[121.02588,14.50011],[121.02569,14.49984],[121.02551,14.49983],[121.02551,14.49974],[121.02542,14.49974],[121.02542,14.49983],[121.02486,14.49983],[121.02486,14.50001],[121.02514,14.50019],[121.02513,14.50028],[121.02532,14.50028],[121.02541,14.49992],[121.02551,14.49992],[121.02551,14.50001],[121.02569,14.50002],[121.02588,14.50029],[121.02597,14.50029],[121.02606,14.50047]],[[121.02606,14.50047],[121.02615,14.50047],[121.02615,14.50056],[121.02606,14.50056],[121.02606,14.50047]]],[[[121.02706,14.53383],[121.02697,14.53364],[121.02679,14.53364],[121.02688,14.53383],[121.02706,14.53383]]],[[[121.02714,14.52533],[121.02714,14.52515],[121.02705,14.52515],[121.02705,14.52533],[121.02714,14.52533]]],[[[121.02528,14.52586],[121.02518,14.52586],[121.02518,14.52604],[121.02528,14.52604],[121.02528,14.52586]]],[[[121.02575,14.52541],[121.02602,14.52541],[121.02603,14.52532],[121.0263,14.52524],[121.02639,14.52551],[121.02714,14.5256],[121.02714,14.52551],[121.02676,14.52551],[121.02667,14.52533],[121.02649,14.52533],[121.0264,14.52515],[121.0263,14.52515],[121.02631,14.52505],[121.02603,14.52505],[121.02593,14.52532],[121.02575,14.52532],[121.02575,14.52541]]],[[[121.02705,14.52461],[121.02696,14.52461],[121.02696,14.52479],[121.02705,14.52479],[121.02705,14.52461]]],[[[121.02635,14.52027],[121.02626,14.52026],[121.02625,14.52045],[121.02635,14.52045],[121.02635,14.52027]]],[[[121.02644,14.52018],[121.02681,14.51991],[121.02682,14.51955],[121.02673,14.51955],[121.02654,14.51927],[121.02626,14.51927],[121.02626,14.51936],[121.02636,14.51936],[121.02626,14.51954],[121.02645,14.51954],[121.02644,14.52018]]],[[[121.02672,14.49903],[121.02672,14.49894],[121.02654,14.49894],[121.02654,14.49903],[121.02672,14.49903]]],[[[121.02646,14.52849],[121.02627,14.52849],[121.02627,14.52858],[121.02646,14.52858],[121.02646,14.52849]]],[[[121.02542,14.52062],[121.0256,14.52053],[121.0256,14.52035],[121.02542,14.52044],[121.02542,14.52062]]],[[[121.02542,14.52062],[121.02523,14.52071],[121.02523,14.52107],[121.0256,14.52134],[121.02559,14.52161],[121.02569,14.52162],[121.02578,14.52207],[121.02596,14.52216],[121.02596,14.52234],[121.02624,14.52243],[121.02624,14.5218],[121.02606,14.5218],[121.02597,14.52153],[121.02569,14.52143],[121.02569,14.52125],[121.02532,14.52098],[121.02532,14.52089],[121.02541,14.52089],[121.02542,14.52062]]],[[[121.02623,14.53319],[121.02614,14.53319],[121.02614,14.53337],[121.02623,14.53337],[121.02623,14.53319]]],[[[121.02588,14.5105],[121.02588,14.51041],[121.02597,14.51041],[121.02597,14.51023],[121.02588,14.51023],[121.02598,14.51005],[121.02579,14.50996],[121.02579,14.50978],[121.02589,14.50978],[121.02598,14.50942],[121.02617,14.50933],[121.02617,14.50906],[121.02598,14.50915],[121.02589,14.50942],[121.0258,14.50942],[121.0257,14.50978],[121.02551,14.50977],[121.02551,14.50987],[121.0257,14.50996],[121.0256,14.51032],[121.02579,14.51032],[121.02569,14.5105],[121.02588,14.5105]]],[[[121.02595,14.51294],[121.02613,14.51294],[121.02614,14.51276],[121.02577,14.51249],[121.02567,14.51276],[121.02558,14.51276],[121.02558,14.51294],[121.02576,14.51303],[121.02595,14.51303],[121.02595,14.51294]]],[[[121.02573,14.51719],[121.02573,14.5171],[121.02554,14.51709],[121.02563,14.51737],[121.02572,14.51737],[121.02572,14.51755],[121.026,14.51764],[121.026,14.51737],[121.02573,14.51719]]],[[[121.02561,14.5199],[121.02561,14.51972],[121.0257,14.51972],[121.0258,14.51954],[121.02598,14.51954],[121.02598,14.51945],[121.02543,14.51953],[121.02542,14.5199],[121.02561,14.5199]]],[[[121.02518,14.50562],[121.02527,14.50544],[121.02564,14.50535],[121.02574,14.50517],[121.02593,14.50517],[121.02593,14.50508],[121.02528,14.50516],[121.02528,14.50507],[121.025,14.50507],[121.025,14.50516],[121.02509,14.50516],[121.02509,14.50562],[121.02518,14.50562]]],[[[121.02582,14.51665],[121.02573,14.51665],[121.02573,14.51701],[121.02591,14.51701],[121.02592,14.51674],[121.02582,14.51674],[121.02582,14.51665]]],[[[121.02589,14.49821],[121.0259,14.49812],[121.02562,14.49812],[121.02562,14.49821],[121.02589,14.49821]]],[[[121.02579,14.49911],[121.02561,14.49911],[121.02561,14.4992],[121.02579,14.4993],[121.02579,14.49911]]],[[[121.02512,14.53345],[121.02521,14.53345],[121.02521,14.53327],[121.02512,14.53327],[121.02512,14.53345]]],[[[121.0249,14.52631],[121.025,14.52631],[121.025,14.52613],[121.02491,14.52613],[121.0249,14.52631]]],[[[121.02479,14.50724],[121.0247,14.50724],[121.0247,14.50742],[121.02479,14.50742],[121.02479,14.50724]]],[[[121.02469,14.50841],[121.02469,14.50832],[121.0246,14.50832],[121.0246,14.50877],[121.02469,14.50877],[121.02469,14.50859],[121.02478,14.50859],[121.02478,14.50841],[121.02469,14.50841]]],[[[121.02459,14.50914],[121.02459,14.50932],[121.02468,14.50932],[121.02468,14.50914],[121.02459,14.50914]]],[[[121.02459,14.50914],[121.02459,14.50886],[121.02432,14.50895],[121.02431,14.50913],[121.02441,14.50913],[121.0244,14.50958],[121.02459,14.50959],[121.02459,14.50941],[121.0245,14.5094],[121.0245,14.50913],[121.02459,14.50914]]],[[[121.02456,14.52341],[121.02465,14.52341],[121.02465,14.52305],[121.02456,14.52305],[121.02456,14.52341]]],[[[121.02381,14.5235],[121.02381,14.52359],[121.02419,14.52359],[121.02419,14.5235],[121.02381,14.5235]]],[[[121.02381,14.5235],[121.02372,14.52323],[121.02382,14.52323],[121.02382,14.52314],[121.02363,14.52313],[121.02363,14.52322],[121.02354,14.52322],[121.02354,14.5235],[121.02381,14.5235]]],[[[121.02382,14.52314],[121.0241,14.52305],[121.0241,14.52296],[121.02401,14.52296],[121.02401,14.52268],[121.02419,14.52269],[121.02428,14.52287],[121.02447,14.52287],[121.02438,14.52251],[121.0241,14.52233],[121.0241,14.52223],[121.02392,14.52223],[121.02392,14.52214],[121.02383,14.52214],[121.02382,14.52277],[121.02391,14.52277],[121.02391,14.52305],[121.02382,14.52304],[121.02382,14.52314]]],[[[121.02387,14.51708],[121.02387,14.51699],[121.02406,14.51699],[121.02406,14.5169],[121.02443,14.517],[121.02452,14.51672],[121.02443,14.51672],[121.02443,14.51663],[121.02415,14.51663],[121.02406,14.51681],[121.02378,14.5169],[121.02378,14.51708],[121.02387,14.51708]]],[[[121.02431,14.50995],[121.02449,14.50995],[121.02449,14.50977],[121.0244,14.50977],[121.02431,14.50995]]],[[[121.02411,14.53209],[121.02411,14.53218],[121.02439,14.53218],[121.02439,14.53209],[121.02411,14.53209]]],[[[121.02411,14.53209],[121.02393,14.53181],[121.02337,14.53181],[121.02337,14.5319],[121.02328,14.5319],[121.02327,14.53208],[121.02346,14.53199],[121.02346,14.5319],[121.02374,14.5319],[121.02374,14.53199],[121.02393,14.53199],[121.02392,14.53208],[121.02411,14.53209]]],[[[121.02413,14.5301],[121.02394,14.53009],[121.02394,14.53028],[121.02413,14.53028],[121.02413,14.5301]]],[[[121.02357,14.50904],[121.02357,14.50886],[121.02376,14.50877],[121.02377,14.50813],[121.0234,14.50795],[121.02339,14.50804],[121.0233,14.50804],[121.0233,14.50831],[121.02321,14.50831],[121.02321,14.50786],[121.02284,14.50767],[121.02284,14.50785],[121.02247,14.50812],[121.02246,14.50839],[121.02265,14.5084],[121.02274,14.50858],[121.02293,14.50858],[121.02293,14.50867],[121.0233,14.50867],[121.0233,14.50894],[121.02357,14.50904]],[[121.02349,14.50831],[121.02349,14.50813],[121.02358,14.50813],[121.02358,14.50831],[121.02349,14.50831]]],[[[121.01905,14.5165],[121.01915,14.5165],[121.01914,14.51668],[121.01924,14.51668],[121.01924,14.51659],[121.01942,14.51659],[121.01942,14.51641],[121.01998,14.51651],[121.02008,14.51624],[121.02026,14.51624],[121.02026,14.51615],[121.02082,14.51615],[121.02082,14.51624],[121.02119,14.51634],[121.02128,14.51652],[121.02147,14.51652],[121.02147,14.51625],[121.02156,14.51625],[121.02156,14.51616],[121.02119,14.51625],[121.02119,14.51615],[121.02091,14.51606],[121.02091,14.51597],[121.02073,14.51588],[121.02073,14.5157],[121.02054,14.5157],[121.02045,14.51552],[121.01971,14.51551],[121.01971,14.5156],[121.01953,14.5156],[121.01952,14.51578],[121.01971,14.51578],[121.0198,14.51596],[121.01961,14.51605],[121.01961,14.51614],[121.01933,14.51614],[121.01933,14.51641],[121.01905,14.51641],[121.01905,14.5165]]],[[[121.01905,14.5165],[121.01887,14.5165],[121.01887,14.51659],[121.01905,14.51659],[121.01905,14.5165]]],[[[121.02156,14.51661],[121.02156,14.51679],[121.02174,14.51679],[121.02183,14.51697],[121.02211,14.51698],[121.02238,14.51734],[121.02266,14.51734],[121.02257,14.51716],[121.02285,14.51716],[121.02285,14.51725],[121.02303,14.51726],[121.02303,14.51735],[121.0235,14.51735],[121.0235,14.51726],[121.02359,14.51726],[121.02359,14.51708],[121.02341,14.51699],[121.02332,14.51671],[121.02313,14.51671],[121.02313,14.51653],[121.02304,14.51653],[121.02304,14.51662],[121.02239,14.51662],[121.02239,14.51671],[121.02211,14.5167],[121.02211,14.5168],[121.02183,14.5167],[121.02183,14.51661],[121.02156,14.51661]]],[[[121.02235,14.51092],[121.02235,14.51083],[121.02217,14.51083],[121.02216,14.51092],[121.02235,14.51092]]],[[[121.02244,14.51102],[121.02253,14.5112],[121.02281,14.5112],[121.02281,14.51111],[121.02263,14.51111],[121.02263,14.51102],[121.02244,14.51102]]],[[[121.02281,14.5112],[121.02281,14.51129],[121.023,14.51129],[121.023,14.5112],[121.02281,14.5112]]],[[[121.023,14.51129],[121.02299,14.51138],[121.02318,14.51138],[121.02318,14.51129],[121.023,14.51129]]],[[[121.02308,14.51283],[121.02308,14.51265],[121.02298,14.51265],[121.02289,14.51246],[121.02261,14.51246],[121.02261,14.51264],[121.02271,14.51264],[121.0228,14.51282],[121.02308,14.51283]]],[[[121.02289,14.52277],[121.0228,14.52258],[121.02271,14.52258],[121.02271,14.52276],[121.02289,14.52277]]],[[[121.02136,14.50784],[121.02145,14.50766],[121.02173,14.50757],[121.02173,14.50748],[121.02192,14.50749],[121.02192,14.50731],[121.02238,14.50731],[121.02248,14.50686],[121.02266,14.50686],[121.02267,14.50677],[121.02285,14.50668],[121.02285,14.5065],[121.0222,14.50658],[121.0222,14.50667],[121.02192,14.50685],[121.02155,14.5073],[121.02145,14.5073],[121.02145,14.50739],[121.02136,14.50739],[121.02136,14.50757],[121.02117,14.50766],[121.02117,14.50784],[121.02136,14.50784]]],[[[121.02274,14.50903],[121.02265,14.50876],[121.02246,14.50876],[121.02246,14.50894],[121.02274,14.50903]]],[[[121.02239,14.50632],[121.02239,14.50623],[121.02258,14.50623],[121.02258,14.50605],[121.02249,14.50605],[121.0224,14.50577],[121.02221,14.50577],[121.02221,14.50586],[121.02202,14.50595],[121.02202,14.50613],[121.02221,14.50613],[121.02221,14.50622],[121.02239,14.50632]]],[[[121.02243,14.52303],[121.02252,14.52285],[121.02243,14.52285],[121.02243,14.52276],[121.02215,14.52276],[121.02224,14.52303],[121.02243,14.52303]]],[[[121.02234,14.51192],[121.02234,14.51174],[121.02179,14.51155],[121.02188,14.51173],[121.02206,14.51173],[121.02206,14.51182],[121.02234,14.51192]]],[[[121.02199,14.52023],[121.02217,14.52023],[121.02208,14.51996],[121.0219,14.52005],[121.02199,14.52023]]],[[[121.02182,14.50848],[121.02181,14.50857],[121.022,14.50857],[121.022,14.50848],[121.02182,14.50848]]],[[[121.02182,14.50848],[121.02172,14.5083],[121.02154,14.5083],[121.02163,14.50848],[121.02182,14.50848]]],[[[121.02198,14.51083],[121.02198,14.51065],[121.02179,14.51065],[121.0217,14.51047],[121.02152,14.51046],[121.0217,14.51074],[121.02198,14.51083]]],[[[121.02184,14.51562],[121.02184,14.51553],[121.02166,14.51553],[121.02175,14.51571],[121.02194,14.51571],[121.02194,14.51562],[121.02184,14.51562]]],[[[121.02156,14.50522],[121.02157,14.50513],[121.02138,14.50513],[121.02138,14.50522],[121.02156,14.50522]]],[[[121.02166,14.50531],[121.02165,14.50577],[121.02175,14.50577],[121.02175,14.50568],[121.02184,14.50568],[121.02184,14.50532],[121.02166,14.50531]]],[[[121.02165,14.50577],[121.02147,14.50577],[121.02147,14.50604],[121.02165,14.50595],[121.02165,14.50577]]],[[[121.02171,14.52032],[121.02162,14.52032],[121.02161,14.5205],[121.02171,14.5205],[121.02171,14.52032]]],[[[121.02133,14.51046],[121.02133,14.51028],[121.02115,14.51019],[121.02124,14.50992],[121.02106,14.50992],[121.02106,14.50983],[121.02032,14.50982],[121.02032,14.50973],[121.02004,14.50973],[121.02004,14.50982],[121.01985,14.50991],[121.01985,14.51],[121.01995,14.51],[121.02013,14.51027],[121.02031,14.51027],[121.02031,14.51036],[121.02115,14.51037],[121.02115,14.51046],[121.02133,14.51046]]],[[[121.02107,14.49835],[121.02107,14.49826],[121.02079,14.49826],[121.02079,14.49835],[121.02107,14.49835]]],[[[121.02103,14.50269],[121.02112,14.50269],[121.02113,14.50251],[121.02066,14.50241],[121.02066,14.50259],[121.02085,14.50269],[121.02084,14.50278],[121.02103,14.50278],[121.02103,14.50269]]],[[[121.0211,14.51543],[121.0211,14.51534],[121.02092,14.51534],[121.02092,14.51552],[121.0211,14.51543]]],[[[121.02104,14.50188],[121.02104,14.50169],[121.02095,14.50169],[121.02095,14.50188],[121.02104,14.50188]]],[[[121.02089,14.50811],[121.02089,14.50802],[121.02071,14.50802],[121.02071,14.50811],[121.02089,14.50811]]],[[[121.02059,14.52103],[121.02078,14.52103],[121.02078,14.52094],[121.0205,14.52094],[121.0205,14.52112],[121.02059,14.52112],[121.02059,14.52103]]],[[[121.02004,14.51994],[121.01986,14.51994],[121.01985,14.5203],[121.02013,14.5203],[121.02023,14.52012],[121.02032,14.52012],[121.02032,14.51994],[121.02004,14.52012],[121.02004,14.51994]]],[[[121.02014,14.51985],[121.02041,14.51994],[121.02051,14.51967],[121.02032,14.51958],[121.02014,14.51985]]],[[[121.02023,14.52979],[121.02033,14.52961],[121.02005,14.5297],[121.02005,14.52979],[121.02023,14.52979]]],[[[121.02019,14.52392],[121.02029,14.52347],[121.01973,14.52346],[121.01973,14.52337],[121.01955,14.52337],[121.01955,14.52355],[121.01973,14.52364],[121.01973,14.52382],[121.02019,14.52392]]],[[[121.02027,14.5147],[121.02028,14.51452],[121.02018,14.51452],[121.02018,14.5147],[121.02027,14.5147]]],[[[121.01997,14.50747],[121.01997,14.50738],[121.01978,14.50738],[121.01978,14.50747],[121.01997,14.50747]]],[[[121.01871,14.51315],[121.01992,14.51316],[121.01992,14.51298],[121.01936,14.5128],[121.01936,14.51271],[121.0189,14.5127],[121.0189,14.51252],[121.01872,14.51252],[121.01872,14.51261],[121.01881,14.51261],[121.01871,14.51315]]],[[[121.01958,14.50972],[121.01967,14.50946],[121.01977,14.50946],[121.01967,14.50927],[121.01912,14.50945],[121.01921,14.50972],[121.01958,14.50972]]],[[[121.01955,14.50204],[121.01955,14.50195],[121.01937,14.50195],[121.01937,14.50204],[121.01955,14.50204]]],[[[121.01923,14.51749],[121.01941,14.5175],[121.01942,14.51741],[121.01923,14.5174],[121.01923,14.51749]]],[[[121.01914,14.5071],[121.01932,14.5071],[121.01932,14.50701],[121.01914,14.50701],[121.01914,14.5071]]],[[[121.01929,14.5212],[121.01929,14.52102],[121.0192,14.52102],[121.0192,14.5212],[121.01929,14.5212]]],[[[121.01919,14.53231],[121.01901,14.53231],[121.019,14.5324],[121.01919,14.53241],[121.01919,14.53231]]],[[[121.01917,14.53448],[121.01899,14.53448],[121.01899,14.53457],[121.01917,14.53457],[121.01917,14.53448]]],[[[121.01878,14.51568],[121.01878,14.51586],[121.01869,14.51586],[121.01869,14.51613],[121.01906,14.51596],[121.01897,14.51568],[121.01878,14.51568]]],[[[121.01905,14.50692],[121.01905,14.50674],[121.01886,14.50674],[121.01877,14.50656],[121.01859,14.50655],[121.01859,14.50646],[121.0184,14.50646],[121.01849,14.50673],[121.01905,14.50692]]],[[[121.01884,14.53005],[121.01884,14.52996],[121.01903,14.52996],[121.01903,14.52978],[121.01866,14.52987],[121.01865,14.52996],[121.01884,14.53005]]],[[[121.01883,14.51035],[121.01892,14.51008],[121.01865,14.51008],[121.01865,14.51026],[121.01883,14.51035]]],[[[121.0188,14.53466],[121.01871,14.53439],[121.01852,14.53448],[121.01852,14.53457],[121.0188,14.53466]]],[[[121.01856,14.53023],[121.01856,14.53005],[121.01838,14.52996],[121.01838,14.53014],[121.01856,14.53023]]],[[[121.01822,14.50592],[121.0185,14.50556],[121.01841,14.50556],[121.01832,14.50538],[121.01804,14.50538],[121.01804,14.50519],[121.01795,14.50519],[121.01785,14.50546],[121.01776,14.50546],[121.01776,14.50555],[121.01785,14.50555],[121.01776,14.50582],[121.01822,14.50592]],[[121.01794,14.50564],[121.01795,14.50546],[121.01813,14.50547],[121.01813,14.50565],[121.01794,14.50564]]],[[[121.01831,14.50646],[121.01831,14.50619],[121.01822,14.50619],[121.01822,14.5061],[121.01766,14.506],[121.01785,14.50628],[121.01803,14.50628],[121.01803,14.50637],[121.01831,14.50646]]],[[[121.01811,14.51884],[121.0182,14.51866],[121.01792,14.51857],[121.01792,14.51875],[121.01811,14.51884]]],[[[121.01817,14.51098],[121.01799,14.51098],[121.01799,14.51107],[121.01817,14.51107],[121.01817,14.51098]]],[[[121.01762,14.5211],[121.01762,14.52092],[121.01744,14.521],[121.01744,14.52109],[121.01762,14.5211]]],[[[121.01758,14.50528],[121.01758,14.5051],[121.01739,14.5051],[121.01748,14.50528],[121.01758,14.50528]]],[[[121.01715,14.52236],[121.01715,14.52227],[121.01696,14.52226],[121.01696,14.52235],[121.01715,14.52236]]],[[[121.01704,14.51287],[121.01686,14.51286],[121.01686,14.51296],[121.01704,14.51296],[121.01704,14.51287]]],[[[121.01653,14.50771],[121.01663,14.50789],[121.01681,14.50789],[121.01681,14.50771],[121.01653,14.50771]]],[[[121.01653,14.50771],[121.01644,14.50753],[121.01626,14.50753],[121.01635,14.50771],[121.01653,14.50771]]],[[[121.01617,14.50753],[121.01607,14.50735],[121.01589,14.50735],[121.01589,14.50725],[121.0158,14.50725],[121.0157,14.50707],[121.01552,14.50707],[121.01543,14.50689],[121.01497,14.5068],[121.01524,14.50716],[121.01561,14.50716],[121.01579,14.50743],[121.01617,14.50753]]],[[[121.01596,14.53012],[121.01606,14.52985],[121.01578,14.52975],[121.01569,14.53003],[121.01596,14.53012]]],[[[121.01578,14.51918],[121.01597,14.51918],[121.01597,14.519],[121.01588,14.519],[121.01578,14.51918]]],[[[121.01578,14.51918],[121.0156,14.51918],[121.0155,14.51936],[121.01578,14.51936],[121.01578,14.51918]]],[[[121.0153,14.52171],[121.01529,14.52189],[121.01539,14.52189],[121.01539,14.52171],[121.0153,14.52171]]],[[[121.0153,14.52171],[121.0153,14.52162],[121.01576,14.52153],[121.01576,14.52144],[121.01521,14.52126],[121.01511,14.52144],[121.01502,14.52144],[121.01502,14.52162],[121.0153,14.52171]]],[[[121.01539,14.52189],[121.01539,14.52198],[121.01557,14.52198],[121.01557,14.52189],[121.01539,14.52189]]],[[[121.01531,14.53056],[121.01577,14.53057],[121.01578,14.53039],[121.01559,14.5303],[121.01559,14.53012],[121.01531,14.53011],[121.01522,14.53029],[121.01513,14.53029],[121.01531,14.53056]]],[[[121.0155,14.51954],[121.01559,14.51954],[121.0156,14.51945],[121.01532,14.51954],[121.01531,14.51981],[121.01541,14.51981],[121.0155,14.51954]]],[[[121.01492,14.5021],[121.01547,14.5021],[121.01547,14.50201],[121.0151,14.50192],[121.01501,14.50173],[121.01464,14.50173],[121.01492,14.5021]]],[[[121.01517,14.50408],[121.01527,14.5039],[121.01536,14.50391],[121.01546,14.50364],[121.01527,14.50363],[121.01527,14.50381],[121.01508,14.5039],[121.01508,14.50408],[121.01517,14.50408]]],[[[121.01527,14.52505],[121.01545,14.52505],[121.01545,14.52487],[121.01527,14.52487],[121.01527,14.52505]]],[[[121.01363,14.5216],[121.01363,14.52151],[121.01381,14.52143],[121.01382,14.52124],[121.014,14.52125],[121.0141,14.52107],[121.01466,14.52062],[121.01466,14.52053],[121.01494,14.52044],[121.01494,14.52026],[121.01512,14.52017],[121.01513,14.51999],[121.01522,14.51999],[121.01513,14.51981],[121.01494,14.51981],[121.01466,14.52017],[121.01447,14.52026],[121.01447,14.52044],[121.01429,14.52043],[121.01419,14.5207],[121.01354,14.52124],[121.01354,14.52133],[121.01344,14.52133],[121.01344,14.52151],[121.01363,14.5216]]],[[[121.01468,14.51836],[121.01458,14.51836],[121.01458,14.51863],[121.01477,14.51863],[121.01468,14.51836]]],[[[121.01486,14.51818],[121.01496,14.51818],[121.01496,14.518],[121.01505,14.518],[121.01515,14.51782],[121.01487,14.51791],[121.01486,14.51818]]],[[[121.01477,14.51863],[121.01477,14.51872],[121.01495,14.51881],[121.01495,14.51863],[121.01477,14.51863]]],[[[121.01495,14.51881],[121.01476,14.51953],[121.01448,14.51953],[121.01448,14.51944],[121.01439,14.51944],[121.01439,14.51971],[121.01448,14.51971],[121.01448,14.5198],[121.01485,14.51972],[121.01485,14.51954],[121.01494,14.51954],[121.01504,14.51881],[121.01495,14.51881]]],[[[121.01482,14.51285],[121.01491,14.51258],[121.01501,14.51258],[121.01501,14.51231],[121.01464,14.51239],[121.01464,14.51258],[121.01454,14.51258],[121.01463,14.51285],[121.01482,14.51285]]],[[[121.01492,14.50119],[121.01483,14.50119],[121.01483,14.50137],[121.01492,14.50137],[121.01492,14.50119]]],[[[121.01443,14.50435],[121.01461,14.50462],[121.0148,14.50462],[121.01462,14.50435],[121.01443,14.50435]]],[[[121.01443,14.50435],[121.01443,14.50426],[121.01425,14.50426],[121.01425,14.50435],[121.01443,14.50435]]],[[[121.01423,14.50643],[121.01423,14.50652],[121.01441,14.50652],[121.01441,14.50643],[121.01423,14.50643]]],[[[121.01423,14.50643],[121.01413,14.50624],[121.01395,14.50624],[121.01395,14.50643],[121.01423,14.50643]]],[[[121.01441,14.50652],[121.01459,14.50679],[121.01478,14.50679],[121.0146,14.50652],[121.01441,14.50652]]],[[[121.01446,14.51194],[121.01446,14.51176],[121.01436,14.51176],[121.01427,14.51203],[121.01446,14.51194]]],[[[121.01445,14.52342],[121.01445,14.52315],[121.01408,14.52305],[121.01417,14.52323],[121.01445,14.52342]]],[[[121.01421,14.51881],[121.01421,14.51908],[121.0143,14.51908],[121.0143,14.51881],[121.01421,14.51881]]],[[[121.0143,14.51908],[121.0143,14.51935],[121.01439,14.51935],[121.01439,14.51908],[121.0143,14.51908]]],[[[121.01429,14.49938],[121.01429,14.4992],[121.0142,14.4992],[121.0142,14.49938],[121.01429,14.49938]]],[[[121.01421,14.51854],[121.01421,14.51835],[121.01412,14.51835],[121.01412,14.51853],[121.01421,14.51854]]],[[[121.01388,14.50407],[121.01378,14.50389],[121.0136,14.50389],[121.01369,14.50407],[121.01388,14.50407]]],[[[121.01397,14.50417],[121.01397,14.50426],[121.01415,14.50426],[121.01415,14.50417],[121.01397,14.50417]]],[[[121.01371,14.52296],[121.01371,14.52269],[121.01343,14.52278],[121.01343,14.52287],[121.01371,14.52296]]],[[[121.01361,14.5132],[121.01371,14.51293],[121.01343,14.51293],[121.01343,14.51302],[121.01333,14.51302],[121.01342,14.5132],[121.01361,14.5132]]],[[[121.01354,14.49964],[121.01364,14.49937],[121.01346,14.49928],[121.01345,14.49964],[121.01354,14.49964]]],[[[121.01362,14.51266],[121.01362,14.51257],[121.01343,14.51257],[121.01343,14.51275],[121.01362,14.51266]]],[[[121.01356,14.50823],[121.01338,14.50796],[121.01282,14.50777],[121.01282,14.50768],[121.01264,14.50759],[121.01264,14.5075],[121.01246,14.5075],[121.01236,14.50732],[121.01209,14.50722],[121.01208,14.50731],[121.01199,14.50731],[121.01208,14.50758],[121.01245,14.50768],[121.01254,14.50786],[121.01282,14.50786],[121.01282,14.50795],[121.01301,14.50795],[121.0131,14.50813],[121.01356,14.50823]]],[[[121.00938,14.49852],[121.00966,14.49871],[121.00966,14.49844],[121.00985,14.49844],[121.00984,14.49889],[121.0104,14.49907],[121.0104,14.49916],[121.01021,14.49916],[121.01021,14.49934],[121.01049,14.49935],[121.01049,14.49926],[121.01058,14.49926],[121.01067,14.49953],[121.01123,14.49962],[121.01122,14.49981],[121.0115,14.4999],[121.0115,14.49999],[121.01169,14.49999],[121.01169,14.4999],[121.01159,14.4999],[121.01169,14.49972],[121.01197,14.49981],[121.01197,14.49999],[121.01206,14.49999],[121.01206,14.49963],[121.01299,14.49946],[121.01299,14.49928],[121.0129,14.49928],[121.0129,14.49883],[121.01328,14.49865],[121.01328,14.49829],[121.01337,14.49829],[121.01347,14.49799],[121.013,14.4981],[121.013,14.49846],[121.01291,14.49846],[121.01291,14.49864],[121.01244,14.499],[121.01244,14.49918],[121.01225,14.49918],[121.01216,14.49936],[121.01197,14.49936],[121.01197,14.49945],[121.01178,14.49945],[121.01178,14.49954],[121.0115,14.49954],[121.01151,14.49944],[121.01132,14.49944],[121.01132,14.49935],[121.01114,14.49935],[121.01114,14.49926],[121.01086,14.49926],[121.01086,14.49917],[121.01077,14.49917],[121.01077,14.4989],[121.01068,14.4989],[121.01068,14.49881],[121.0104,14.4988],[121.01031,14.49844],[121.00994,14.49826],[121.00994,14.49799],[121.00939,14.49799],[121.00938,14.49834],[121.00947,14.49834],[121.00947,14.49843],[121.00938,14.49843],[121.00938,14.49852]]],[[[121.01241,14.51201],[121.01241,14.51211],[121.0126,14.51211],[121.0126,14.51202],[121.01241,14.51201]]],[[[121.01241,14.51201],[121.01242,14.51192],[121.01251,14.51192],[121.01251,14.51183],[121.01232,14.51183],[121.01232,14.51201],[121.01241,14.51201]]],[[[121.01269,14.51202],[121.01269,14.5122],[121.01288,14.5122],[121.01288,14.51211],[121.01269,14.51202]]],[[[121.01288,14.5122],[121.01288,14.51229],[121.01306,14.51229],[121.01306,14.5122],[121.01288,14.5122]]],[[[121.01306,14.51229],[121.01306,14.51247],[121.01324,14.51247],[121.01315,14.51229],[121.01306,14.51229]]],[[[121.01308,14.49982],[121.01308,14.49964],[121.0129,14.49964],[121.01289,14.49982],[121.01308,14.49982]]],[[[121.01297,14.52223],[121.01306,14.52223],[121.01307,14.52205],[121.01297,14.52205],[121.01297,14.52223]]],[[[121.01293,14.5056],[121.01294,14.50551],[121.01275,14.50551],[121.01275,14.50533],[121.01238,14.50533],[121.01247,14.5056],[121.01293,14.5056]]],[[[121.01268,14.52431],[121.01277,14.52449],[121.01286,14.52449],[121.01286,14.52431],[121.01268,14.52431]]],[[[121.01268,14.52431],[121.01268,14.52413],[121.0124,14.52394],[121.0124,14.52376],[121.01231,14.52376],[121.01231,14.52349],[121.01213,14.52349],[121.01213,14.52358],[121.01194,14.52349],[121.01203,14.52331],[121.01213,14.52331],[121.01213,14.52313],[121.01232,14.52304],[121.01232,14.52286],[121.01269,14.52259],[121.01269,14.52241],[121.01251,14.52241],[121.01223,14.52277],[121.01195,14.52285],[121.01194,14.52304],[121.01167,14.52312],[121.01157,14.52348],[121.01166,14.52349],[121.01175,14.52376],[121.01194,14.52376],[121.01203,14.52394],[121.01231,14.52403],[121.01249,14.52431],[121.01268,14.52431]]],[[[121.01243,14.52105],[121.01252,14.52087],[121.01224,14.52087],[121.01224,14.52105],[121.01243,14.52105]]],[[[121.01232,14.5328],[121.01223,14.53244],[121.01242,14.53244],[121.01242,14.53226],[121.01223,14.53235],[121.01196,14.53225],[121.01204,14.5328],[121.01232,14.5328]]],[[[121.01222,14.51256],[121.01223,14.51247],[121.01232,14.51247],[121.01232,14.5121],[121.01204,14.51201],[121.01205,14.51165],[121.01159,14.51128],[121.01159,14.5111],[121.01131,14.51092],[121.01131,14.51083],[121.01113,14.51083],[121.01113,14.51074],[121.01076,14.51074],[121.01067,14.51055],[121.0102,14.51046],[121.01029,14.51118],[121.01038,14.51118],[121.01038,14.51154],[121.01066,14.51146],[121.01075,14.51128],[121.01131,14.5111],[121.0114,14.51128],[121.01131,14.51128],[121.01131,14.51146],[121.01149,14.51146],[121.01149,14.51183],[121.01167,14.51183],[121.01167,14.51192],[121.01204,14.51219],[121.01204,14.51264],[121.01222,14.51256]],[[121.01085,14.51092],[121.01085,14.51083],[121.01094,14.51083],[121.01094,14.51092],[121.01085,14.51092]]],[[[121.01219,14.50551],[121.0122,14.50532],[121.01201,14.50541],[121.01201,14.5055],[121.01219,14.50551]]],[[[121.01149,14.53189],[121.01177,14.53189],[121.01178,14.53153],[121.01187,14.53153],[121.01187,14.53144],[121.01159,14.53153],[121.01149,14.53189]]],[[[121.01037,14.53269],[121.01056,14.53278],[121.01056,14.5326],[121.01037,14.5326],[121.01037,14.53269]]],[[[121.01037,14.53269],[121.01019,14.5326],[121.01019,14.53269],[121.00991,14.53269],[121.00991,14.53278],[121.00954,14.53278],[121.00953,14.53314],[121.00981,14.53314],[121.00981,14.53332],[121.01018,14.53332],[121.01019,14.53314],[121.01,14.53314],[121.01,14.53305],[121.01028,14.53305],[121.01037,14.53332],[121.01055,14.53332],[121.01055,14.53323],[121.01065,14.53324],[121.01065,14.53333],[121.01093,14.53333],[121.01093,14.53324],[121.01111,14.53324],[121.01111,14.53315],[121.01148,14.53315],[121.01148,14.53306],[121.01186,14.53298],[121.01177,14.53252],[121.01167,14.53252],[121.01167,14.53261],[121.0113,14.53261],[121.0113,14.53279],[121.01102,14.53279],[121.01093,14.53297],[121.01046,14.53296],[121.01037,14.53269]]],[[[121.01167,14.50198],[121.01158,14.50161],[121.0113,14.50152],[121.0113,14.5017],[121.01139,14.5017],[121.0113,14.50188],[121.01139,14.50188],[121.01139,14.50197],[121.01167,14.50198]]],[[[121.01164,14.52647],[121.01164,14.52629],[121.01136,14.52628],[121.01145,14.52646],[121.01164,14.52647]]],[[[121.01093,14.53261],[121.01084,14.53233],[121.01103,14.53233],[121.01112,14.53252],[121.0114,14.53243],[121.0114,14.53225],[121.01131,14.53225],[121.0114,14.53189],[121.01131,14.53189],[121.01131,14.5318],[121.01103,14.53188],[121.01103,14.53206],[121.01122,14.53207],[121.01121,14.53225],[121.01103,14.53224],[121.01094,14.53206],[121.01047,14.53206],[121.01047,14.53215],[121.01038,14.53215],[121.01038,14.53242],[121.01065,14.53242],[121.01065,14.5326],[121.01093,14.53261]]],[[[121.01006,14.51588],[121.01043,14.51579],[121.01044,14.51552],[121.01034,14.51552],[121.01006,14.51588]]],[[[121.01006,14.51588],[121.00997,14.51588],[121.00941,14.51651],[121.00931,14.51651],[121.00931,14.5166],[121.00968,14.51651],[121.00978,14.51624],[121.01006,14.51615],[121.01006,14.51588]]],[[[121.01053,14.51543],[121.01081,14.51544],[121.0109,14.51516],[121.01099,14.51516],[121.01118,14.5149],[121.011,14.51489],[121.01053,14.51543]]],[[[121.01097,14.50766],[121.01097,14.50775],[121.01115,14.50776],[121.01116,14.50767],[121.01097,14.50766]]],[[[121.01097,14.50766],[121.01088,14.50748],[121.01069,14.50748],[121.01078,14.50766],[121.01097,14.50766]]],[[[121.0111,14.52438],[121.0111,14.52393],[121.01101,14.52393],[121.01101,14.52402],[121.01092,14.52402],[121.01091,14.52429],[121.0111,14.52438]]],[[[121.01109,14.50459],[121.0109,14.50459],[121.0109,14.50468],[121.01109,14.50468],[121.01109,14.50459]]],[[[121.01075,14.5223],[121.01093,14.5223],[121.01103,14.52203],[121.01084,14.52212],[121.01075,14.5223]]],[[[121.01075,14.5223],[121.01047,14.52239],[121.01046,14.52266],[121.01074,14.52257],[121.01075,14.5223]]],[[[121.01041,14.50829],[121.01078,14.5083],[121.01078,14.50821],[121.01087,14.50821],[121.01087,14.50784],[121.01032,14.50784],[121.01014,14.50748],[121.00967,14.50747],[121.00967,14.50783],[121.00985,14.50793],[121.00985,14.50802],[121.01004,14.50802],[121.01013,14.5082],[121.01041,14.5082],[121.01041,14.50829]]],[[[121.01072,14.51471],[121.01072,14.51444],[121.01045,14.51444],[121.01044,14.51462],[121.01072,14.51471]]],[[[121.0098,14.50386],[121.00989,14.50413],[121.01026,14.50422],[121.01026,14.50432],[121.01044,14.50432],[121.01044,14.50441],[121.01063,14.50441],[121.01054,14.50423],[121.01035,14.50422],[121.01017,14.50395],[121.0098,14.50386]]],[[[121.0098,14.50386],[121.00971,14.50368],[121.00952,14.50377],[121.00952,14.50386],[121.0098,14.50386]]],[[[121.01044,14.51507],[121.01044,14.51498],[121.01053,14.51498],[121.01053,14.51489],[121.01035,14.51489],[121.01035,14.51507],[121.01044,14.51507]]],[[[121.01008,14.52365],[121.01009,14.52311],[121.01046,14.52284],[121.01037,14.52266],[121.01009,14.52275],[121.01009,14.52293],[121.00981,14.52302],[121.00972,14.52329],[121.00962,14.52329],[121.00971,14.52356],[121.01008,14.52365]]],[[[121.00353,14.5095],[121.00353,14.50959],[121.0039,14.50959],[121.00418,14.50923],[121.00455,14.50924],[121.00456,14.50906],[121.00465,14.50906],[121.00465,14.50915],[121.00511,14.50915],[121.00511,14.50924],[121.00539,14.50924],[121.00539,14.50942],[121.0053,14.50942],[121.00529,14.5097],[121.00501,14.50969],[121.00501,14.50996],[121.00585,14.50997],[121.00621,14.51043],[121.00659,14.51043],[121.00658,14.51052],[121.00677,14.51052],[121.00677,14.51061],[121.00714,14.51061],[121.00705,14.51079],[121.00603,14.5107],[121.00602,14.51079],[121.00565,14.51078],[121.00566,14.51069],[121.00547,14.51069],[121.00547,14.51078],[121.00519,14.51087],[121.00519,14.51105],[121.00491,14.51114],[121.00491,14.51123],[121.00463,14.51122],[121.00454,14.51104],[121.00417,14.51095],[121.00417,14.51086],[121.00408,14.51086],[121.00408,14.51059],[121.0038,14.51059],[121.0038,14.51077],[121.00371,14.51077],[121.00379,14.51122],[121.00342,14.51149],[121.00342,14.51131],[121.00324,14.51121],[121.00324,14.51103],[121.00342,14.51103],[121.00343,14.51085],[121.00315,14.51085],[121.00315,14.51058],[121.00306,14.51058],[121.00315,14.51022],[121.00343,14.51022],[121.00343,14.51013],[121.00334,14.51013],[121.00334,14.51004],[121.00343,14.51004],[121.00344,14.50977],[121.00325,14.50977],[121.00334,14.50995],[121.00306,14.51013],[121.00306,14.51031],[121.00288,14.51031],[121.00287,14.51067],[121.00297,14.51067],[121.00296,14.51085],[121.00306,14.51085],[121.00305,14.51121],[121.00315,14.51121],[121.00314,14.51139],[121.00324,14.51139],[121.00323,14.51176],[121.00342,14.51176],[121.00351,14.51221],[121.00369,14.51221],[121.00379,14.51203],[121.00397,14.51203],[121.00407,14.51185],[121.00416,14.51185],[121.00416,14.51149],[121.00435,14.51149],[121.00435,14.5114],[121.00472,14.51141],[121.00472,14.5115],[121.00481,14.5115],[121.00481,14.51141],[121.00537,14.51141],[121.00546,14.51123],[121.00574,14.51123],[121.00584,14.51106],[121.0063,14.51097],[121.0063,14.51106],[121.00639,14.51106],[121.00639,14.51097],[121.00667,14.51097],[121.00667,14.51106],[121.00732,14.51107],[121.00732,14.51098],[121.00788,14.51107],[121.00788,14.51116],[121.00797,14.51116],[121.00797,14.51143],[121.00815,14.51144],[121.00825,14.51117],[121.00834,14.51117],[121.00834,14.51099],[121.00844,14.51099],[121.00844,14.5109],[121.00834,14.51089],[121.00834,14.5108],[121.00844,14.51081],[121.00844,14.51044],[121.00798,14.51008],[121.00798,14.50963],[121.00808,14.50963],[121.00808,14.50945],[121.00826,14.50945],[121.00817,14.50963],[121.00863,14.50963],[121.00863,14.50954],[121.00845,14.50954],[121.00854,14.50936],[121.00826,14.50936],[121.00827,14.509],[121.00799,14.5089],[121.00799,14.50881],[121.00781,14.50881],[121.00781,14.50872],[121.00762,14.50872],[121.00762,14.5089],[121.00743,14.5089],[121.00743,14.50881],[121.00688,14.50881],[121.00688,14.5089],[121.00669,14.50889],[121.00669,14.5088],[121.0066,14.5088],[121.0066,14.50889],[121.00651,14.50889],[121.00651,14.5088],[121.00641,14.5088],[121.00642,14.50853],[121.00632,14.50853],[121.00623,14.50871],[121.00604,14.5088],[121.00604,14.50907],[121.00576,14.50907],[121.00576,14.50898],[121.00586,14.50898],[121.00577,14.50834],[121.00586,14.50834],[121.00586,14.50825],[121.00503,14.50816],[121.00503,14.50825],[121.00494,14.50825],[121.00493,14.50852],[121.00465,14.50869],[121.00465,14.50879],[121.00419,14.50887],[121.00419,14.50869],[121.004,14.50869],[121.004,14.50896],[121.00391,14.50896],[121.00381,14.50941],[121.00353,14.5095]],[[121.00529,14.5097],[121.00539,14.5097],[121.00539,14.50979],[121.00529,14.50979],[121.00529,14.5097]],[[121.00621,14.51033],[121.00622,14.51015],[121.0065,14.51007],[121.0064,14.51034],[121.00621,14.51033]],[[121.00798,14.51008],[121.00798,14.51044],[121.00788,14.51044],[121.00788,14.51062],[121.00779,14.51062],[121.00779,14.51089],[121.00723,14.5108],[121.00733,14.51052],[121.0077,14.51053],[121.0077,14.51044],[121.00779,14.51044],[121.0078,14.50981],[121.00789,14.50981],[121.00789,14.51008],[121.00798,14.51008]],[[121.00779,14.51089],[121.00788,14.51089],[121.00788,14.51098],[121.00779,14.51098],[121.00779,14.51089]],[[121.0078,14.50926],[121.0078,14.50908],[121.00799,14.509],[121.00799,14.50927],[121.0078,14.50926]],[[121.00761,14.50971],[121.00761,14.50944],[121.00789,14.50954],[121.0078,14.50972],[121.00761,14.50971]],[[121.00604,14.50934],[121.00604,14.50943],[121.00576,14.50943],[121.00576,14.50934],[121.00604,14.50934]],[[121.00576,14.50979],[121.00557,14.50979],[121.00557,14.50961],[121.00576,14.50961],[121.00576,14.50979]]],[[[121.00873,14.50945],[121.00901,14.50937],[121.00901,14.50918],[121.0091,14.50919],[121.0091,14.50882],[121.00938,14.50864],[121.00929,14.50837],[121.00874,14.50837],[121.00874,14.50846],[121.00864,14.50846],[121.00864,14.50891],[121.00882,14.509],[121.00873,14.50927],[121.00882,14.50927],[121.00882,14.50936],[121.00873,14.50936],[121.00873,14.50945]],[[121.00929,14.50846],[121.0091,14.50873],[121.00901,14.50873],[121.00911,14.50846],[121.00929,14.50846]],[[121.00901,14.50909],[121.00892,14.50909],[121.00892,14.509],[121.00901,14.509],[121.00901,14.50909]]],[[[121.00242,14.50922],[121.0027,14.50931],[121.0027,14.50949],[121.00279,14.50949],[121.00279,14.50931],[121.00298,14.50931],[121.00298,14.50922],[121.00261,14.50922],[121.00261,14.50913],[121.00242,14.50913],[121.00242,14.50922]]],[[[121.00242,14.50922],[121.00233,14.50922],[121.00233,14.5094],[121.00251,14.5094],[121.00242,14.50922]]],[[[121.00298,14.50931],[121.00298,14.5094],[121.00353,14.5095],[121.00335,14.50923],[121.00307,14.50922],[121.00307,14.50931],[121.00298,14.50931]]],[[[121.00873,14.50936],[121.00873,14.50927],[121.00854,14.50927],[121.00854,14.50936],[121.00873,14.50936]]],[[[121.00874,14.50837],[121.00874,14.50828],[121.00855,14.50828],[121.00855,14.50837],[121.00874,14.50837]]],[[[121.00948,14.50837],[121.00966,14.50838],[121.00966,14.50829],[121.00948,14.50828],[121.00948,14.50837]]],[[[121.00948,14.50846],[121.00957,14.50865],[121.00938,14.50864],[121.00938,14.50883],[121.01013,14.50856],[121.01013,14.50847],[121.00948,14.50846]]],[[[121.01013,14.50856],[121.01013,14.50865],[121.01031,14.50865],[121.01031,14.50856],[121.01013,14.50856]]],[[[121.00913,14.51614],[121.00932,14.51614],[121.00969,14.5157],[121.00988,14.51561],[121.00988,14.51552],[121.0096,14.51533],[121.0096,14.51506],[121.00942,14.51497],[121.00942,14.51452],[121.00979,14.51443],[121.00979,14.51452],[121.01026,14.51453],[121.01026,14.51435],[121.01008,14.51434],[121.00998,14.51416],[121.00961,14.51416],[121.00961,14.51407],[121.00943,14.51407],[121.00943,14.51398],[121.00915,14.51407],[121.00915,14.51425],[121.00906,14.51425],[121.00905,14.5147],[121.00887,14.51479],[121.00886,14.51497],[121.00868,14.51506],[121.00868,14.51515],[121.00849,14.51514],[121.00839,14.51541],[121.0083,14.51541],[121.0083,14.5155],[121.00849,14.5156],[121.00858,14.51587],[121.00885,14.51587],[121.00886,14.51578],[121.00895,14.51578],[121.00913,14.51614]]],[[[121.00982,14.53242],[121.0101,14.53242],[121.0101,14.53215],[121.01001,14.53215],[121.01001,14.53206],[121.00964,14.53205],[121.00964,14.53214],[121.00954,14.53214],[121.00964,14.53232],[121.00982,14.53233],[121.00982,14.53242]]],[[[121.0097,14.53494],[121.00998,14.53494],[121.00999,14.53477],[121.00971,14.53476],[121.0097,14.53494]]],[[[121.00947,14.49952],[121.00974,14.49952],[121.00974,14.49934],[121.00947,14.49934],[121.00947,14.49952]]],[[[121.00945,14.53268],[121.00964,14.53241],[121.00926,14.53232],[121.00917,14.53259],[121.00945,14.53268]]],[[[121.00572,14.53419],[121.00581,14.53419],[121.0059,14.53446],[121.00609,14.53446],[121.00609,14.53473],[121.00637,14.53494],[121.00859,14.53494],[121.00859,14.53485],[121.00878,14.53485],[121.00878,14.53476],[121.00896,14.53476],[121.00906,14.53494],[121.00868,14.53494],[121.00961,14.53494],[121.00952,14.53476],[121.00924,14.53476],[121.00915,14.53431],[121.00897,14.53431],[121.00887,14.53449],[121.0086,14.53448],[121.00831,14.53484],[121.00813,14.53484],[121.00822,14.53466],[121.00813,14.53466],[121.00813,14.53421],[121.00776,14.53421],[121.00776,14.53457],[121.00767,14.53457],[121.00767,14.53475],[121.00748,14.53474],[121.00748,14.53466],[121.00729,14.53465],[121.0073,14.53438],[121.0072,14.53438],[121.00721,14.53429],[121.00683,14.53429],[121.00674,14.53411],[121.00637,14.53419],[121.00637,14.53401],[121.00628,14.53401],[121.00629,14.53356],[121.00591,14.53356],[121.00591,14.53383],[121.00582,14.53383],[121.00582,14.5341],[121.00572,14.5341],[121.00572,14.53419]],[[121.00692,14.53492],[121.00683,14.53492],[121.00683,14.53474],[121.00692,14.53474],[121.00692,14.53492]]],[[[121.00813,14.53421],[121.00823,14.53421],[121.00823,14.5343],[121.0085,14.5343],[121.00851,14.53412],[121.00888,14.53394],[121.00888,14.53376],[121.0087,14.53367],[121.0087,14.53376],[121.00823,14.53385],[121.00823,14.53394],[121.00814,14.53394],[121.00813,14.53421]]],[[[121.00823,14.53385],[121.00823,14.53376],[121.00814,14.53376],[121.00814,14.53349],[121.00786,14.53348],[121.00777,14.53384],[121.00804,14.53394],[121.00804,14.53385],[121.00823,14.53385]]],[[[121.00888,14.53394],[121.00878,14.53412],[121.00934,14.53404],[121.00934,14.53395],[121.00906,14.53394],[121.00907,14.53386],[121.00888,14.53394]]],[[[121.00768,14.53285],[121.00778,14.53267],[121.00815,14.53267],[121.00815,14.53258],[121.00824,14.53258],[121.00824,14.5324],[121.00806,14.5324],[121.00806,14.53231],[121.00787,14.53222],[121.00788,14.53195],[121.00797,14.53195],[121.00797,14.53204],[121.00853,14.53204],[121.00862,14.53186],[121.0088,14.53186],[121.0088,14.53205],[121.00908,14.53223],[121.00917,14.53205],[121.00936,14.53205],[121.00945,14.53187],[121.00955,14.53187],[121.00955,14.5316],[121.00927,14.5316],[121.00927,14.53133],[121.00918,14.53133],[121.00918,14.53124],[121.00937,14.53124],[121.00937,14.53106],[121.00909,14.53105],[121.00899,14.53132],[121.00872,14.53132],[121.00872,14.53141],[121.00853,14.53141],[121.00853,14.5315],[121.00816,14.5315],[121.00816,14.53159],[121.00779,14.53158],[121.00779,14.53167],[121.00732,14.53167],[121.00704,14.53203],[121.00686,14.53203],[121.00676,14.53221],[121.00667,14.53221],[121.00667,14.53239],[121.00676,14.53239],[121.00685,14.53266],[121.00768,14.53285]],[[121.00908,14.53169],[121.00908,14.53178],[121.0089,14.53177],[121.0089,14.53168],[121.00908,14.53169]],[[121.00908,14.53169],[121.00908,14.5316],[121.00918,14.5316],[121.00918,14.53169],[121.00908,14.53169]]],[[[121.00722,14.50221],[121.00721,14.50239],[121.00749,14.50257],[121.00749,14.50285],[121.00767,14.50294],[121.00767,14.50303],[121.00804,14.50303],[121.00804,14.50312],[121.00823,14.50312],[121.00823,14.50321],[121.00841,14.50322],[121.0085,14.5034],[121.00897,14.5034],[121.00906,14.50358],[121.00924,14.50358],[121.00924,14.50376],[121.00952,14.50368],[121.00952,14.50359],[121.00943,14.50358],[121.00943,14.50331],[121.00888,14.50331],[121.00888,14.50313],[121.00869,14.50313],[121.00869,14.50295],[121.00851,14.50294],[121.00832,14.50267],[121.00804,14.50267],[121.00786,14.5024],[121.00758,14.50239],[121.00749,14.50221],[121.00722,14.50221]]],[[[121.00722,14.50221],[121.00722,14.50212],[121.00684,14.50212],[121.00685,14.50194],[121.00657,14.50193],[121.00648,14.50166],[121.00592,14.50148],[121.00583,14.5013],[121.00565,14.50129],[121.00537,14.50093],[121.00509,14.50093],[121.005,14.50075],[121.00417,14.50074],[121.00417,14.50083],[121.00407,14.50083],[121.00407,14.50101],[121.00426,14.5011],[121.00425,14.50137],[121.00435,14.50137],[121.00435,14.50146],[121.00472,14.50147],[121.00472,14.50156],[121.00499,14.50156],[121.00499,14.50165],[121.00546,14.50165],[121.00555,14.50183],[121.00573,14.50184],[121.00583,14.50202],[121.0061,14.50202],[121.0061,14.50211],[121.00647,14.5022],[121.00647,14.5023],[121.00666,14.5023],[121.00666,14.50239],[121.00693,14.50239],[121.00693,14.50248],[121.00712,14.50239],[121.00712,14.50221],[121.00722,14.50221]]],[[[121.00929,14.49888],[121.00947,14.49889],[121.00947,14.4988],[121.00929,14.49879],[121.00929,14.49888]]],[[[121.00819,14.51776],[121.00828,14.51776],[121.00838,14.51758],[121.00819,14.51758],[121.00819,14.51776]]],[[[121.00819,14.51776],[121.0081,14.51776],[121.008,14.51794],[121.00819,14.51794],[121.00819,14.51776]]],[[[121.00838,14.51758],[121.00856,14.51759],[121.00856,14.5174],[121.00847,14.5174],[121.00838,14.51758]]],[[[121.00856,14.5174],[121.00866,14.51741],[121.00875,14.51722],[121.00857,14.51722],[121.00856,14.5174]]],[[[121.00875,14.51722],[121.00894,14.51723],[121.00894,14.51704],[121.00875,14.51713],[121.00875,14.51722]]],[[[121.00894,14.51704],[121.00912,14.51696],[121.00912,14.51687],[121.00894,14.51686],[121.00894,14.51704]]],[[[121.00912,14.51687],[121.00931,14.51687],[121.0094,14.51669],[121.00922,14.51669],[121.00912,14.51687]]],[[[121.00907,14.53349],[121.00935,14.53341],[121.00935,14.53331],[121.00925,14.53331],[121.00926,14.53277],[121.00908,14.53268],[121.00898,14.53241],[121.0088,14.53232],[121.0088,14.53241],[121.00861,14.53241],[121.00852,14.53277],[121.0088,14.53268],[121.00888,14.53331],[121.00907,14.5334],[121.00907,14.53349]]],[[[121.00891,14.49978],[121.00891,14.49969],[121.00881,14.49969],[121.00881,14.49987],[121.009,14.49988],[121.009,14.49979],[121.00891,14.49978]]],[[[121.00865,14.52816],[121.00865,14.52807],[121.00884,14.52807],[121.00884,14.52798],[121.00856,14.52798],[121.00856,14.52762],[121.00847,14.52762],[121.00847,14.52743],[121.00829,14.52743],[121.00829,14.5277],[121.00838,14.5277],[121.00837,14.52825],[121.00865,14.52816]]],[[[121.00879,14.53349],[121.0087,14.53322],[121.00851,14.53322],[121.00851,14.53349],[121.00879,14.53349]]],[[[121.00869,14.51316],[121.0087,14.51307],[121.00842,14.51298],[121.00842,14.51288],[121.00823,14.51288],[121.0086,14.51334],[121.00879,14.51334],[121.00879,14.51316],[121.00869,14.51316]]],[[[121.00866,14.51677],[121.00876,14.51659],[121.00866,14.51659],[121.00857,14.51632],[121.00839,14.51632],[121.00829,14.5165],[121.00802,14.5165],[121.0082,14.51677],[121.00866,14.51677]]],[[[121.00788,14.50005],[121.00798,14.50005],[121.00798,14.49996],[121.00826,14.49996],[121.00826,14.49987],[121.00807,14.49978],[121.00807,14.4996],[121.00761,14.49959],[121.00761,14.49968],[121.00752,14.49968],[121.00751,14.49995],[121.0077,14.50005],[121.0077,14.50014],[121.00788,14.50014],[121.00788,14.50005]]],[[[121.00821,14.51505],[121.00822,14.51478],[121.00812,14.51478],[121.00812,14.51505],[121.00821,14.51505]]],[[[121.00814,14.51288],[121.00795,14.51288],[121.00795,14.51306],[121.00804,14.51306],[121.00814,14.51288]]],[[[121.00748,14.51369],[121.0073,14.51378],[121.0073,14.51387],[121.00748,14.51387],[121.00748,14.51369]]],[[[121.00758,14.5136],[121.00767,14.5136],[121.00767,14.51342],[121.00786,14.51342],[121.00795,14.51315],[121.00777,14.51315],[121.00767,14.51333],[121.00758,14.51333],[121.00758,14.5136]]],[[[121.00765,14.5155],[121.00766,14.51514],[121.00794,14.51505],[121.00784,14.51487],[121.00766,14.51487],[121.00756,14.51514],[121.00747,14.51514],[121.00747,14.51541],[121.00765,14.5155]]],[[[121.00791,14.5183],[121.00791,14.51812],[121.00772,14.51821],[121.00772,14.5183],[121.00791,14.5183]]],[[[121.00724,14.49968],[121.00724,14.49959],[121.00742,14.49959],[121.00742,14.4995],[121.00761,14.4995],[121.00761,14.49941],[121.00789,14.49942],[121.00789,14.49932],[121.0077,14.49932],[121.00761,14.49914],[121.00696,14.49905],[121.00697,14.49896],[121.00659,14.49904],[121.00659,14.49922],[121.00687,14.49922],[121.00687,14.49932],[121.00696,14.49932],[121.00696,14.49968],[121.00724,14.49968]]],[[[121.00763,14.52842],[121.00772,14.52824],[121.00763,14.52824],[121.00763,14.52806],[121.00754,14.52806],[121.00754,14.52797],[121.00726,14.52797],[121.00717,14.52824],[121.00726,14.52824],[121.00726,14.52842],[121.00763,14.52842]]],[[[121.00762,14.49869],[121.00762,14.49851],[121.00743,14.4986],[121.00743,14.49869],[121.00762,14.49869]]],[[[121.00708,14.51775],[121.00689,14.51775],[121.00689,14.51766],[121.00708,14.51766],[121.00699,14.51739],[121.00652,14.51748],[121.00652,14.51766],[121.00671,14.51757],[121.0067,14.51784],[121.00708,14.51784],[121.00708,14.51775]]],[[[121.00717,14.51775],[121.00717,14.51793],[121.00735,14.51784],[121.00735,14.51775],[121.00717,14.51775]]],[[[121.00726,14.51793],[121.00726,14.51802],[121.00744,14.51803],[121.00745,14.51794],[121.00726,14.51793]]],[[[121.00709,14.51649],[121.00709,14.51622],[121.00728,14.51613],[121.00719,14.51595],[121.007,14.51595],[121.00699,14.51649],[121.00709,14.51649]]],[[[121.00683,14.51432],[121.00664,14.51431],[121.00646,14.51458],[121.00664,14.51459],[121.00683,14.51432]]],[[[121.00692,14.51423],[121.00711,14.51423],[121.0072,14.51405],[121.00702,14.51405],[121.00692,14.51423]]],[[[121.00699,14.51658],[121.0069,14.51658],[121.0069,14.51676],[121.00699,14.51676],[121.00699,14.51658]]],[[[121.00684,14.51305],[121.00684,14.51296],[121.00693,14.51296],[121.00693,14.51287],[121.00675,14.51287],[121.00675,14.51305],[121.00684,14.51305]]],[[[121.00669,14.51919],[121.0066,14.51919],[121.0066,14.51938],[121.00669,14.51938],[121.00669,14.51919]]],[[[121.00629,14.51287],[121.0061,14.51286],[121.0061,14.51295],[121.00638,14.51305],[121.00638,14.51314],[121.00656,14.51314],[121.00656,14.51305],[121.00647,14.51305],[121.00647,14.51278],[121.00629,14.51278],[121.00629,14.51287]],[[121.00629,14.51287],[121.00638,14.51287],[121.00638,14.51296],[121.00628,14.51296],[121.00629,14.51287]]],[[[121.00654,14.5051],[121.00654,14.50501],[121.00635,14.50501],[121.00635,14.5051],[121.00654,14.5051]]],[[[121.00606,14.51738],[121.00606,14.5172],[121.00588,14.5172],[121.00587,14.51738],[121.00606,14.51738]]],[[[121.00615,14.51738],[121.00634,14.51739],[121.00634,14.5173],[121.00615,14.51729],[121.00615,14.51738]]],[[[121.00634,14.51739],[121.00634,14.51757],[121.00643,14.51757],[121.00643,14.51739],[121.00634,14.51739]]],[[[121.00636,14.51467],[121.00618,14.51467],[121.00608,14.51494],[121.00617,14.51494],[121.00636,14.51467]]],[[[121.00584,14.51069],[121.00584,14.5106],[121.00612,14.5106],[121.00612,14.51051],[121.00593,14.51051],[121.00575,14.51024],[121.00547,14.51024],[121.00538,14.51051],[121.00584,14.51069]]],[[[121.00573,14.50265],[121.00573,14.50256],[121.00554,14.50256],[121.00554,14.50265],[121.00573,14.50265]]],[[[121.0044,14.51628],[121.00449,14.51647],[121.00468,14.51647],[121.00459,14.51619],[121.0044,14.51628]]],[[[121.0044,14.51628],[121.0044,14.5161],[121.00422,14.5161],[121.00431,14.51628],[121.0044,14.51628]]],[[[121.00477,14.51647],[121.00495,14.51647],[121.00495,14.51638],[121.00477,14.51638],[121.00477,14.51647]]],[[[121.00495,14.51647],[121.00495,14.51665],[121.00523,14.51674],[121.00523,14.51683],[121.00504,14.51683],[121.00504,14.51692],[121.00532,14.51692],[121.00532,14.51683],[121.00541,14.51684],[121.0055,14.51702],[121.0056,14.51702],[121.0055,14.5172],[121.00569,14.5172],[121.00569,14.51693],[121.0056,14.51693],[121.0056,14.51684],[121.00495,14.51647]]],[[[121.00495,14.51665],[121.00486,14.51665],[121.00477,14.51683],[121.00504,14.51683],[121.00495,14.51665]]],[[[121.00512,14.49831],[121.00567,14.4984],[121.00567,14.49822],[121.00531,14.49799],[121.00512,14.49804],[121.00512,14.49831]]],[[[121.00552,14.51512],[121.00534,14.51512],[121.00534,14.51521],[121.00506,14.5153],[121.00506,14.51539],[121.00533,14.51539],[121.00552,14.51512]]],[[[121.00553,14.51403],[121.00544,14.51376],[121.00526,14.51376],[121.00535,14.51403],[121.00553,14.51403]]],[[[121.00491,14.51041],[121.00492,14.51032],[121.00501,14.51032],[121.00501,14.51014],[121.00473,14.51023],[121.00473,14.51032],[121.00491,14.51041]]],[[[121.00487,14.51557],[121.00496,14.51539],[121.00468,14.51547],[121.00468,14.51556],[121.00487,14.51557]]],[[[121.00461,14.5133],[121.0048,14.51331],[121.0048,14.51322],[121.0047,14.51321],[121.00471,14.51312],[121.00443,14.51312],[121.00443,14.51321],[121.00461,14.51321],[121.00461,14.5133]]],[[[121.00457,14.50743],[121.00458,14.50698],[121.00439,14.50689],[121.00439,14.5068],[121.0042,14.50679],[121.00421,14.5067],[121.00402,14.5067],[121.00402,14.50661],[121.00365,14.50661],[121.00365,14.5067],[121.00346,14.50679],[121.00346,14.50688],[121.00365,14.50688],[121.00365,14.50697],[121.0042,14.50707],[121.00438,14.50743],[121.00457,14.50743]]],[[[121.00403,14.51592],[121.00394,14.51574],[121.00375,14.51574],[121.00375,14.51583],[121.00412,14.5161],[121.00412,14.51592],[121.00403,14.51592]]],[[[121.00388,14.50119],[121.00389,14.50101],[121.0037,14.50101],[121.0037,14.5011],[121.00388,14.50119]]],[[[121.00391,14.50833],[121.00392,14.50815],[121.00364,14.50814],[121.00364,14.50805],[121.00345,14.50805],[121.00345,14.50796],[121.00327,14.50796],[121.00327,14.50787],[121.00299,14.50769],[121.00299,14.50796],[121.00317,14.50796],[121.00317,14.50814],[121.00345,14.50814],[121.00354,14.50832],[121.00391,14.50833]]],[[[121.00388,14.50155],[121.0037,14.50155],[121.00369,14.50164],[121.00388,14.50164],[121.00388,14.50155]]],[[[121.00232,14.53073],[121.00232,14.53082],[121.00251,14.53082],[121.00251,14.53073],[121.00232,14.53073]]],[[[121.00251,14.53082],[121.0025,14.53091],[121.00278,14.53091],[121.00278,14.53082],[121.00251,14.53082]]],[[[121.00278,14.53091],[121.00278,14.531],[121.00297,14.531],[121.00297,14.53091],[121.00278,14.53091]]],[[[121.00302,14.5151],[121.00293,14.51492],[121.00265,14.51491],[121.00265,14.51509],[121.00302,14.5151]]],[[[121.00268,14.51175],[121.00268,14.51157],[121.00249,14.51157],[121.0025,14.51121],[121.00231,14.51112],[121.0024,14.51166],[121.00268,14.51175]]],[[[121.00256,14.515],[121.00256,14.51491],[121.00237,14.51491],[121.00237,14.515],[121.00256,14.515]]],[[[121.00198,14.5065],[121.00208,14.50632],[121.00226,14.50633],[121.00226,14.50615],[121.00208,14.50614],[121.00208,14.50596],[121.00199,14.50596],[121.0019,14.50569],[121.00171,14.50569],[121.00171,14.50578],[121.00153,14.50578],[121.00152,14.50587],[121.00124,14.50596],[121.00124,14.50623],[121.00143,14.50623],[121.00152,14.50641],[121.0017,14.50641],[121.0017,14.5065],[121.00198,14.5065]]],[[[121.00222,14.53163],[121.00222,14.53154],[121.00194,14.53153],[121.00194,14.53163],[121.00222,14.53163]]],[[[121.00214,14.53063],[121.00214,14.53054],[121.00195,14.53054],[121.00195,14.53063],[121.00214,14.53063]]],[[[121.00191,14.51482],[121.00209,14.51482],[121.00209,14.51473],[121.00191,14.51473],[121.00191,14.51482]]],[[[121.0014,14.53026],[121.00149,14.52981],[121.00122,14.52972],[121.00122,14.52945],[121.00066,14.52945],[121.00075,14.52972],[121.00085,14.52972],[121.00085,14.52954],[121.00103,14.52954],[121.00103,14.52972],[121.00122,14.52981],[121.00121,14.53008],[121.00131,14.53008],[121.00131,14.53026],[121.0014,14.53026]]],[[[121.00149,14.53036],[121.00149,14.53045],[121.00167,14.53045],[121.00168,14.53036],[121.00149,14.53036]]],[[[121.00163,14.50478],[121.00163,14.50451],[121.00135,14.50469],[121.00135,14.50478],[121.00163,14.50478]]],[[[121.00156,14.50207],[121.00137,14.50207],[121.00146,14.50234],[121.00155,14.50234],[121.00156,14.50207]]],[[[121.00099,14.50306],[121.00146,14.50306],[121.00146,14.50297],[121.00099,14.50297],[121.00099,14.50306]]],[[[120.99974,14.50811],[120.99974,14.50784],[120.99965,14.50784],[120.99965,14.50775],[120.99975,14.50775],[120.99984,14.50757],[121.00049,14.5074],[121.00049,14.5073],[121.00077,14.50722],[121.00086,14.50704],[121.00114,14.50704],[121.00114,14.50713],[121.00123,14.50713],[121.00124,14.50677],[121.00096,14.50677],[121.00077,14.50704],[121.00049,14.50703],[121.0004,14.50721],[121.00003,14.5073],[121.00003,14.50739],[120.99947,14.50748],[120.99956,14.50811],[120.99974,14.50811]]],[[[121.00097,14.50595],[121.00097,14.50568],[121.00088,14.50568],[121.00088,14.50514],[121.00079,14.50514],[121.00079,14.50496],[121.0006,14.50487],[121.00061,14.50459],[121.00024,14.50432],[121.00024,14.50414],[120.99996,14.50414],[120.99996,14.50423],[120.99987,14.50423],[120.99987,14.5045],[120.99996,14.5045],[120.99996,14.50486],[121.00014,14.50486],[121.00014,14.50504],[121.00033,14.50513],[121.00042,14.50541],[121.00051,14.50541],[121.00051,14.50559],[121.00069,14.50568],[121.00078,14.50595],[121.00097,14.50604],[121.00096,14.50631],[121.00115,14.50641],[121.00106,14.50595],[121.00097,14.50595]]],[[[121.0001,14.52013],[121.00047,14.52014],[121.00047,14.52005],[121.0001,14.52004],[121.0001,14.52013]]],[[[120.99973,14.5298],[120.99973,14.52971],[120.99955,14.52962],[120.99955,14.5298],[120.99973,14.5298]]],[[[120.99966,14.52736],[120.99948,14.52736],[120.99947,14.52754],[120.99966,14.52754],[120.99966,14.52736]]],[[[120.99937,14.52862],[120.99937,14.52853],[120.99928,14.52853],[120.99928,14.52871],[120.99946,14.5288],[120.99946,14.52862],[120.99937,14.52862]]],[[[120.99946,14.50865],[120.99946,14.50811],[120.99909,14.50811],[120.99909,14.50793],[120.99882,14.50783],[120.99881,14.50792],[120.99891,14.50792],[120.99891,14.50819],[120.99909,14.50829],[120.99909,14.50847],[120.99927,14.50856],[120.99927,14.50874],[120.99946,14.50865]]],[[[120.99944,14.52085],[120.99935,14.52085],[120.99934,14.5213],[120.99944,14.5213],[120.99944,14.52085]]],[[[120.99927,14.52925],[120.99928,14.52889],[120.99909,14.52889],[120.99909,14.52907],[120.999,14.52907],[120.9989,14.52925],[120.99927,14.52925]]],[[[120.99883,14.50611],[120.99883,14.50602],[120.99865,14.50602],[120.99864,14.5062],[120.99883,14.50611]]],[[[120.99882,14.50774],[120.99882,14.50765],[120.99872,14.50765],[120.99873,14.50711],[120.99854,14.50711],[120.99854,14.50756],[120.99863,14.50756],[120.99863,14.50774],[120.99882,14.50774]]],[[[120.99852,14.53087],[120.9987,14.53087],[120.99861,14.5306],[120.99852,14.5306],[120.99852,14.53087]]],[[[120.99819,14.51605],[120.99818,14.51641],[120.99828,14.51641],[120.99827,14.51659],[120.99837,14.51659],[120.99828,14.51605],[120.99819,14.51605]]],[[[120.99819,14.51605],[120.99819,14.51587],[120.9981,14.51587],[120.99809,14.51605],[120.99819,14.51605]]],[[[120.99779,14.51894],[120.99797,14.51894],[120.99797,14.51885],[120.99779,14.51885],[120.99779,14.51894]]],[[[120.99779,14.51894],[120.9976,14.51903],[120.9976,14.5193],[120.99769,14.5193],[120.99769,14.51912],[120.99788,14.51912],[120.99779,14.51894]]],[[[120.9979,14.51713],[120.9979,14.51686],[120.99781,14.51686],[120.9978,14.51713],[120.9979,14.51713]]],[[[120.99567,14.51015],[120.99567,14.51169],[120.99581,14.51178],[120.99581,14.51196],[120.9959,14.51196],[120.99581,14.51224],[120.9959,14.51224],[120.99608,14.51251],[120.99627,14.51251],[120.99608,14.51278],[120.99645,14.51278],[120.99645,14.51314],[120.99608,14.51314],[120.99608,14.51341],[120.99626,14.5135],[120.99626,14.51378],[120.99635,14.51378],[120.99635,14.51387],[120.99607,14.51395],[120.99607,14.51404],[120.99635,14.51414],[120.99635,14.51423],[120.99616,14.51423],[120.99616,14.5145],[120.99653,14.5145],[120.99653,14.51459],[120.99662,14.51459],[120.99662,14.51468],[120.99644,14.51468],[120.99643,14.51504],[120.99653,14.51504],[120.99652,14.51522],[120.99671,14.51522],[120.99671,14.51549],[120.99689,14.51559],[120.99689,14.51568],[120.99671,14.51568],[120.99679,14.51604],[120.99642,14.51604],[120.99642,14.51613],[120.99679,14.51613],[120.99679,14.51622],[120.99652,14.51622],[120.99651,14.51658],[120.9967,14.51658],[120.9967,14.51676],[120.99772,14.51668],[120.99772,14.5165],[120.99762,14.5165],[120.99763,14.51632],[120.99753,14.51632],[120.99754,14.51586],[120.99744,14.51586],[120.99745,14.51532],[120.99727,14.51523],[120.99727,14.51514],[120.99745,14.51514],[120.99745,14.51505],[120.99717,14.51505],[120.99717,14.51496],[120.99708,14.51496],[120.99709,14.5145],[120.99699,14.5145],[120.997,14.51414],[120.99728,14.51405],[120.99728,14.51396],[120.99746,14.51397],[120.99746,14.51388],[120.99765,14.51379],[120.99765,14.51361],[120.99756,14.51361],[120.99756,14.51342],[120.99738,14.51342],[120.99737,14.51351],[120.99691,14.51351],[120.99691,14.51333],[120.99673,14.51324],[120.99673,14.51296],[120.99664,14.51296],[120.99664,14.51278],[120.99654,14.51278],[120.99645,14.5126],[120.99673,14.51242],[120.99674,14.51224],[120.99655,14.51224],[120.99655,14.51197],[120.99609,14.51197],[120.99609,14.51169],[120.99591,14.5116],[120.99591,14.51142],[120.99582,14.51142],[120.99591,14.51124],[120.996,14.51124],[120.99601,14.51088],[120.99591,14.51088],[120.99591,14.5107],[120.99582,14.5107],[120.99582,14.51034],[120.99573,14.51034],[120.99567,14.51015]],[[120.99662,14.51468],[120.99671,14.51468],[120.99671,14.51477],[120.99662,14.51477],[120.99662,14.51468]]],[[[120.99724,14.51776],[120.99724,14.51767],[120.99734,14.51767],[120.99734,14.51722],[120.99725,14.51722],[120.99725,14.51713],[120.99697,14.51712],[120.99697,14.51722],[120.99688,14.51721],[120.99687,14.51749],[120.99669,14.51748],[120.99669,14.51766],[120.99724,14.51776]]],[[[120.99569,14.50428],[120.99567,14.50473],[120.99578,14.50473],[120.99578,14.50501],[120.99567,14.505],[120.99568,14.50627],[120.99577,14.50609],[120.99596,14.506],[120.99596,14.50582],[120.99605,14.50582],[120.99606,14.50537],[120.99587,14.50528],[120.99587,14.50519],[120.99615,14.50519],[120.99615,14.50501],[120.99624,14.50501],[120.99625,14.50447],[120.99616,14.50447],[120.99607,14.50401],[120.99598,14.50401],[120.99588,14.50383],[120.99579,14.50383],[120.99588,14.50419],[120.99569,14.50428]]],[[[120.99616,14.52444],[120.99607,14.52444],[120.99607,14.52462],[120.99616,14.52462],[120.99616,14.52444]]],[[[120.99567,14.52127],[120.99567,14.52136],[120.99582,14.52136],[120.99582,14.52127],[120.99567,14.52127]]],[[[120.99567,14.52479],[120.99567,14.52507],[120.99579,14.52507],[120.99579,14.52479],[120.99567,14.52479]]]]}},{"type":"Feature","properties":{"hazard":"flood","level":3},"geometry":{"type":"MultiPolygon","coordinates":[[[[121.03539,14.51492],[121.03549,14.51492],[121.03558,14.5151],[121.03576,14.5151],[121.03576,14.51519],[121.03595,14.5152],[121.03595,14.51529],[121.03675,14.51538],[121.03675,14.5133],[121.03652,14.5133],[121.03643,14.51348],[121.03615,14.51366],[121.03615,14.51384],[121.03596,14.51384],[121.03596,14.51402],[121.03605,14.51402],[121.03596,14.5142],[121.03549,14.51429],[121.03549,14.51456],[121.03567,14.51465],[121.03567,14.51483],[121.03539,14.51483],[121.03539,14.51492]]],[[[121.03593,14.5283],[121.03675,14.5283],[121.03675,14.52812],[121.03667,14.52812],[121.03667,14.52821],[121.03593,14.52821],[121.03593,14.5283]]],[[[121.03627,14.52044],[121.03627,14.52035],[121.03609,14.52035],[121.03609,14.52044],[121.03627,14.52044]]],[[[121.02389,14.5047],[121.02389,14.50479],[121.02435,14.50479],[121.02435,14.50489],[121.02481,14.50498],[121.02481,14.50507],[121.02528,14.50507],[121.02528,14.50516],[121.02565,14.50517],[121.02565,14.50508],[121.02602,14.50508],[121.02602,14.50499],[121.0263,14.50499],[121.0263,14.50508],[121.02639,14.50508],[121.02648,14.5049],[121.0263,14.50481],[121.0263,14.50472],[121.02649,14.50472],[121.02648,14.50481],[121.02676,14.50491],[121.02695,14.50518],[121.02741,14.50518],[121.02741,14.50527],[121.02759,14.50527],[121.02769,14.50546],[121.02796,14.50546],[121.02796,14.50564],[121.02833,14.50564],[121.02843,14.50546],[121.0288,14.50538],[121.0288,14.50519],[121.02917,14.5052],[121.02926,14.50538],[121.02945,14.50538],[121.02945,14.50556],[121.02972,14.50574],[121.02972,14.50583],[121.02991,14.50584],[121.02991,14.50602],[121.03028,14.50602],[121.03037,14.5062],[121.03055,14.5062],[121.03055,14.50638],[121.03065,14.50638],[121.03074,14.50657],[121.03092,14.50657],[121.03101,14.50684],[121.03138,14.50684],[121.03138,14.50675],[121.03166,14.50675],[121.03166,14.50666],[121.03213,14.50667],[121.03213,14.50676],[121.03222,14.50676],[121.03268,14.50667],[121.03268,14.50676],[121.03296,14.50676],[121.03296,14.50686],[121.03426,14.50696],[121.03445,14.50669],[121.03463,14.5066],[121.03463,14.50642],[121.0351,14.50633],[121.03501,14.50615],[121.03491,14.50615],[121.03491,14.50624],[121.03436,14.50624],[121.03435,14.50669],[121.03417,14.50668],[121.03417,14.50677],[121.03389,14.50677],[121.03389,14.50668],[121.0338,14.50668],[121.0338,14.50677],[121.0337,14.50677],[121.03352,14.50641],[121.03315,14.50641],[121.03315,14.50632],[121.03297,14.50631],[121.03297,14.50622],[121.03232,14.50622],[121.03222,14.50649],[121.03194,14.50649],[121.03194,14.50658],[121.03101,14.50657],[121.03092,14.5063],[121.03074,14.50629],[121.03083,14.50611],[121.03074,14.50611],[121.03074,14.50593],[121.03056,14.50584],[121.03056,14.50566],[121.03,14.50566],[121.03,14.50557],[121.02982,14.50547],[121.02983,14.50475],[121.02964,14.50475],[121.02964,14.50502],[121.02954,14.50502],[121.02945,14.50475],[121.02918,14.50475],[121.02917,14.50484],[121.02899,14.50483],[121.02899,14.50493],[121.02852,14.50501],[121.02824,14.50537],[121.02787,14.50537],[121.02797,14.50519],[121.02787,14.50519],[121.02787,14.50501],[121.02741,14.505],[121.02732,14.50482],[121.02704,14.50491],[121.02649,14.50427],[121.02593,14.50445],[121.02584,14.50472],[121.02574,14.50472],[121.02575,14.50454],[121.02565,14.50454],[121.02565,14.50463],[121.02519,14.50462],[121.02519,14.5048],[121.025,14.50489],[121.025,14.50498],[121.02472,14.50489],[121.02472,14.50471],[121.02445,14.50471],[121.02445,14.50461],[121.02398,14.50461],[121.02398,14.5047],[121.02389,14.5047]]],[[[121.02389,14.5047],[121.02389,14.50434],[121.02371,14.50434],[121.0237,14.50461],[121.02389,14.5047]]],[[[121.03501,14.50615],[121.03529,14.50615],[121.03538,14.50597],[121.03575,14.50588],[121.03575,14.50561],[121.03594,14.50553],[121.03604,14.50507],[121.03613,14.50507],[121.03604,14.5048],[121.03585,14.5048],[121.03576,14.50516],[121.03539,14.50534],[121.03538,14.50552],[121.0352,14.50561],[121.03529,14.50588],[121.03501,14.50588],[121.03501,14.50615]]],[[[121.03585,14.5048],[121.03577,14.50417],[121.03595,14.50408],[121.03605,14.50381],[121.03614,14.50381],[121.03614,14.50363],[121.03568,14.50372],[121.03568,14.50381],[121.03558,14.5038],[121.03558,14.50417],[121.03549,14.50417],[121.03558,14.50471],[121.03585,14.5048]]],[[[121.03584,14.52794],[121.03556,14.52784],[121.03547,14.52739],[121.03519,14.52739],[121.03528,14.52757],[121.03519,14.52757],[121.03519,14.52766],[121.03528,14.52766],[121.03537,14.52793],[121.03593,14.52812],[121.03584,14.52794]]],[[[121.03553,14.52107],[121.03562,14.52088],[121.03571,14.52089],[121.03571,14.5207],[121.03534,14.52088],[121.03534,14.52106],[121.03553,14.52107]]],[[[121.0352,14.51591],[121.03539,14.51591],[121.03539,14.51582],[121.0352,14.51582],[121.0352,14.51591]]],[[[121.0353,14.51546],[121.03511,14.51555],[121.03511,14.51564],[121.03529,14.51564],[121.0353,14.51546]]],[[[121.03436,14.52639],[121.03436,14.52648],[121.03418,14.52648],[121.03418,14.52657],[121.03455,14.52666],[121.03464,14.52693],[121.03482,14.52693],[121.03482,14.52702],[121.03454,14.52702],[121.03454,14.5272],[121.03501,14.52721],[121.03501,14.5273],[121.03519,14.5273],[121.03519,14.52712],[121.03492,14.52693],[121.03492,14.52675],[121.0351,14.52675],[121.0351,14.52666],[121.03501,14.52666],[121.03492,14.52648],[121.03483,14.52648],[121.03483,14.52657],[121.03455,14.52657],[121.03455,14.52648],[121.03436,14.52639]]],[[[121.02494,14.53209],[121.02504,14.53209],[121.02504,14.53218],[121.02671,14.5322],[121.02671,14.53229],[121.02689,14.53238],[121.02689,14.53256],[121.02707,14.53256],[121.02744,14.53302],[121.02846,14.53321],[121.02855,14.53348],[121.02883,14.53348],[121.02873,14.53375],[121.02883,14.53375],[121.02882,14.53393],[121.02892,14.53393],[121.02901,14.53411],[121.02929,14.53412],[121.02947,14.53439],[121.03021,14.53439],[121.03021,14.53458],[121.0303,14.53458],[121.03039,14.53476],[121.03123,14.53477],[121.03123,14.53486],[121.03141,14.53486],[121.03141,14.53494],[121.03178,14.53494],[121.03179,14.53477],[121.03188,14.53477],[121.03179,14.53459],[121.03188,14.53459],[121.03188,14.53441],[121.03244,14.53441],[121.03244,14.5345],[121.03262,14.53451],[121.03262,14.53442],[121.0329,14.53442],[121.033,14.53424],[121.03374,14.53415],[121.03374,14.53424],[121.03402,14.53425],[121.03401,14.53443],[121.03439,14.53452],[121.03448,14.53479],[121.03475,14.5348],[121.03485,14.53494],[121.03512,14.53494],[121.03494,14.5348],[121.03503,14.53462],[121.03485,14.53453],[121.03476,14.53416],[121.03448,14.53407],[121.03449,14.53371],[121.03393,14.5337],[121.03393,14.53361],[121.03384,14.53361],[121.03383,14.53379],[121.03356,14.53379],[121.03346,14.53397],[121.033,14.53406],[121.03281,14.53433],[121.03244,14.53432],[121.03235,14.53414],[121.03216,14.53414],[121.03216,14.53423],[121.03198,14.53423],[121.03198,14.53432],[121.0316,14.53441],[121.03151,14.53468],[121.03104,14.53467],[121.03105,14.53458],[121.03086,14.53458],[121.03086,14.53449],[121.0304,14.53458],[121.03049,14.53431],[121.03031,14.53421],[121.03021,14.53403],[121.02994,14.53412],[121.02985,14.53385],[121.02975,14.53385],[121.02975,14.53403],[121.02966,14.53403],[121.02957,14.53385],[121.0291,14.53384],[121.0292,14.53357],[121.02939,14.53349],[121.02939,14.53339],[121.02929,14.53339],[121.0293,14.53321],[121.02911,14.53312],[121.02911,14.53303],[121.02855,14.53294],[121.02856,14.53285],[121.02837,14.53284],[121.02837,14.53275],[121.02791,14.53266],[121.02791,14.53257],[121.02763,14.53257],[121.02763,14.53238],[121.02745,14.53238],[121.02736,14.53211],[121.0268,14.53202],[121.0268,14.53184],[121.02671,14.53183],[121.02643,14.53147],[121.02634,14.53147],[121.02634,14.53156],[121.02606,14.53156],[121.02606,14.53147],[121.02616,14.53147],[121.02616,14.53111],[121.02597,14.53111],[121.02598,14.53093],[121.02607,14.53093],[121.02607,14.53065],[121.02616,14.53066],[121.02617,14.53039],[121.02626,14.53039],[121.02617,14.5302],[121.02598,14.53029],[121.02589,14.53065],[121.0256,14.53083],[121.0256,14.5311],[121.02551,14.5311],[121.02551,14.53128],[121.02541,14.53128],[121.02541,14.53146],[121.02513,14.53164],[121.02523,14.53182],[121.02495,14.53191],[121.02494,14.53209]]],[[[121.02513,14.53164],[121.02514,14.53155],[121.02504,14.53155],[121.02514,14.53128],[121.02486,14.53128],[121.02486,14.53119],[121.02458,14.53119],[121.02458,14.5311],[121.02449,14.53109],[121.02449,14.53091],[121.02477,14.53092],[121.02477,14.53083],[121.02486,14.53083],[121.02486,14.53064],[121.02468,14.53055],[121.02468,14.53037],[121.02459,14.53037],[121.02459,14.53019],[121.02422,14.53028],[121.02422,14.53001],[121.0245,14.53001],[121.0245,14.52992],[121.02348,14.53],[121.02348,14.52973],[121.0233,14.52973],[121.0233,14.52982],[121.02302,14.52991],[121.02301,14.53009],[121.02283,14.53018],[121.02283,14.53036],[121.02273,14.53036],[121.02264,14.53054],[121.02236,14.53053],[121.02254,14.53081],[121.0231,14.53081],[121.02319,14.53108],[121.02328,14.53108],[121.02328,14.53126],[121.02375,14.53127],[121.02384,14.53109],[121.02393,14.53109],[121.02402,14.53127],[121.02412,14.53127],[121.02421,14.53145],[121.02439,14.53145],[121.02448,14.53164],[121.02476,14.53164],[121.02476,14.53155],[121.02513,14.53164]],[[121.02394,14.53028],[121.02394,14.53009],[121.02413,14.5301],[121.02413,14.53028],[121.02394,14.53028]]],[[[121.03455,14.51636],[121.03427,14.51636],[121.03417,14.51653],[121.03445,14.51654],[121.03455,14.51636]]],[[[121.03464,14.51627],[121.03482,14.51627],[121.03483,14.51618],[121.03464,14.51618],[121.03464,14.51627]]],[[[121.03455,14.51609],[121.03455,14.516],[121.03464,14.516],[121.03464,14.51573],[121.0339,14.51563],[121.0339,14.5159],[121.03418,14.5159],[121.03418,14.51599],[121.03455,14.51609]]],[[[121.03398,14.51735],[121.03398,14.51753],[121.03407,14.51753],[121.03407,14.51789],[121.03416,14.51789],[121.03407,14.51807],[121.0336,14.51816],[121.0336,14.51807],[121.03323,14.51797],[121.03323,14.51788],[121.03286,14.51788],[121.03267,14.51824],[121.03314,14.51815],[121.03323,14.51834],[121.03388,14.51834],[121.03388,14.51825],[121.03406,14.51825],[121.03407,14.51816],[121.03425,14.51816],[121.03435,14.51798],[121.03425,14.51798],[121.03426,14.51753],[121.03398,14.51735]]],[[[121.02415,14.52766],[121.02415,14.5273],[121.02424,14.5273],[121.02443,14.52676],[121.02425,14.52684],[121.02425,14.52703],[121.02415,14.52702],[121.02406,14.52748],[121.02378,14.52756],[121.02368,14.52792],[121.02359,14.52792],[121.02359,14.5281],[121.0235,14.5281],[121.02349,14.52847],[121.02368,14.52847],[121.02368,14.5282],[121.02377,14.5282],[121.02387,14.52802],[121.02424,14.52802],[121.02443,14.52766],[121.02452,14.52766],[121.02452,14.52775],[121.0248,14.52775],[121.0248,14.52766],[121.02517,14.52767],[121.02517,14.52758],[121.02554,14.52758],[121.02554,14.52776],[121.02582,14.52767],[121.02582,14.52758],[121.02563,14.52758],[121.02563,14.52749],[121.02582,14.52749],[121.02582,14.5274],[121.02573,14.5274],[121.02573,14.52695],[121.02546,14.52676],[121.02546,14.52649],[121.02564,14.5264],[121.02574,14.52613],[121.0262,14.52614],[121.0262,14.52605],[121.02732,14.52606],[121.02751,14.52579],[121.0276,14.52579],[121.0276,14.52561],[121.02788,14.52552],[121.02788,14.52507],[121.02816,14.52507],[121.02816,14.52498],[121.02798,14.52498],[121.02817,14.52444],[121.02789,14.52435],[121.02789,14.52416],[121.0278,14.52416],[121.0278,14.52398],[121.02799,14.52398],[121.02799,14.52389],[121.02826,14.5239],[121.02835,14.52417],[121.02872,14.52417],[121.02873,14.52408],[121.029,14.52408],[121.029,14.52399],[121.0291,14.52399],[121.0291,14.52408],[121.02928,14.52408],[121.02928,14.52418],[121.02975,14.52409],[121.02975,14.52418],[121.03067,14.52419],[121.03067,14.52428],[121.03077,14.52428],[121.03076,14.52455],[121.03086,14.52455],[121.03095,14.52473],[121.03113,14.52473],[121.03132,14.52501],[121.0315,14.52501],[121.0315,14.52492],[121.03215,14.52492],[121.03215,14.52483],[121.03252,14.52493],[121.03252,14.52484],[121.03271,14.52484],[121.03271,14.52493],[121.03289,14.52493],[121.03289,14.52502],[121.03317,14.52502],[121.03317,14.52511],[121.03326,14.52511],[121.03326,14.52529],[121.03345,14.52539],[121.03344,14.52566],[121.03372,14.52566],[121.03373,14.5253],[121.03345,14.52529],[121.03345,14.52511],[121.03326,14.52502],[121.03327,14.52484],[121.03308,14.52475],[121.03308,14.52466],[121.0328,14.52466],[121.0328,14.52457],[121.03262,14.52457],[121.03262,14.52448],[121.03234,14.52447],[121.03234,14.52438],[121.03169,14.52438],[121.03169,14.52429],[121.03188,14.52429],[121.03188,14.52375],[121.03198,14.52375],[121.03207,14.52357],[121.03244,14.52348],[121.03254,14.52321],[121.03282,14.52303],[121.03282,14.52294],[121.033,14.52294],[121.0331,14.52276],[121.03356,14.52267],[121.03394,14.52223],[121.03431,14.52223],[121.03431,14.52214],[121.0332,14.52222],[121.0332,14.52213],[121.03301,14.52204],[121.03301,14.52222],[121.03292,14.52222],[121.03282,14.5224],[121.03236,14.52248],[121.03226,14.52266],[121.03171,14.52266],[121.03171,14.52293],[121.03143,14.52284],[121.03143,14.52275],[121.03106,14.52284],[121.03115,14.52266],[121.03106,14.52265],[121.03097,14.52229],[121.03078,14.5222],[121.03079,14.52148],[121.0307,14.52148],[121.0308,14.52084],[121.03089,14.52085],[121.03098,14.52067],[121.03154,14.52067],[121.03163,14.5204],[121.03182,14.52031],[121.03192,14.51995],[121.03182,14.51995],[121.03183,14.51968],[121.03192,14.51968],[121.03193,14.51905],[121.03202,14.51905],[121.03202,14.51896],[121.03183,14.51896],[121.03183,14.51959],[121.03173,14.51959],[121.03173,14.51977],[121.03164,14.51977],[121.03164,14.51995],[121.03155,14.51995],[121.03154,14.52022],[121.03145,14.52022],[121.03145,14.52049],[121.03136,14.52049],[121.03136,14.52058],[121.03117,14.52058],[121.03117,14.52031],[121.03136,14.52031],[121.03136,14.52013],[121.03117,14.52013],[121.03118,14.51985],[121.0309,14.52003],[121.03099,14.5203],[121.03061,14.5203],[121.03062,14.52012],[121.03043,14.52021],[121.03043,14.5203],[121.03024,14.5203],[121.03033,14.52093],[121.03015,14.52093],[121.03023,14.52138],[121.03005,14.52147],[121.03005,14.52174],[121.02995,14.52174],[121.02995,14.52192],[121.02986,14.52192],[121.02986,14.5221],[121.02967,14.52219],[121.02967,14.52246],[121.02957,14.52246],[121.02957,14.52264],[121.02948,14.52264],[121.02939,14.52282],[121.02892,14.52282],[121.02892,14.52309],[121.02883,14.52309],[121.02883,14.52318],[121.02818,14.52317],[121.02818,14.52335],[121.02799,14.52335],[121.02799,14.52326],[121.02771,14.52326],[121.02771,14.52317],[121.02753,14.52308],[121.02744,14.52271],[121.02697,14.5228],[121.02697,14.52307],[121.02679,14.52307],[121.02679,14.52316],[121.0266,14.52325],[121.02651,14.52352],[121.02669,14.52352],[121.02678,14.52416],[121.02705,14.52434],[121.02705,14.52479],[121.02696,14.52479],[121.02696,14.52488],[121.02705,14.52488],[121.02705,14.52515],[121.02714,14.52515],[121.02714,14.5256],[121.02639,14.52551],[121.0263,14.52524],[121.02603,14.52532],[121.02602,14.52541],[121.02575,14.52541],[121.02575,14.5255],[121.02528,14.52586],[121.02528,14.52604],[121.025,14.52613],[121.025,14.52631],[121.02481,14.5264],[121.02481,14.52676],[121.02462,14.52685],[121.02452,14.52721],[121.02443,14.52721],[121.02452,14.52739],[121.02434,14.52739],[121.02424,14.52766],[121.02415,14.52766]],[[121.02415,14.52766],[121.02415,14.52784],[121.02405,14.52784],[121.02406,14.52766],[121.02415,14.52766]],[[121.02818,14.52335],[121.02827,14.52335],[121.02827,14.52344],[121.02818,14.52344],[121.02818,14.52335]],[[121.03179,14.52338],[121.0318,14.5232],[121.03189,14.5232],[121.03189,14.52338],[121.03179,14.52338]],[[121.03123,14.52428],[121.03141,14.52428],[121.03141,14.52437],[121.03123,14.52446],[121.03123,14.52428]],[[121.03098,14.52057],[121.03099,14.5204],[121.03108,14.5204],[121.03108,14.52058],[121.03098,14.52057]],[[121.02863,14.5239],[121.02864,14.52372],[121.02873,14.52372],[121.02873,14.5239],[121.02863,14.5239]],[[121.02732,14.52561],[121.02732,14.52579],[121.02713,14.52578],[121.02723,14.52551],[121.02742,14.52552],[121.02741,14.52561],[121.02732,14.52561]],[[121.02536,14.52667],[121.02536,14.52676],[121.02527,14.52676],[121.02527,14.52667],[121.02536,14.52667]],[[121.02518,14.52676],[121.02518,14.52685],[121.02508,14.52685],[121.02508,14.52676],[121.02518,14.52676]]],[[[121.02816,14.52507],[121.02825,14.52534],[121.02853,14.52534],[121.02853,14.52525],[121.02862,14.52525],[121.02853,14.52498],[121.02825,14.52498],[121.02825,14.52507],[121.02816,14.52507]]],[[[121.03417,14.51717],[121.03417,14.51708],[121.03426,14.51708],[121.03426,14.51681],[121.03408,14.51681],[121.03408,14.51699],[121.03398,14.51699],[121.03398,14.51717],[121.03417,14.51717]]],[[[121.03417,14.52711],[121.03399,14.52711],[121.03399,14.5272],[121.03417,14.5272],[121.03417,14.52711]]],[[[121.034,14.52593],[121.034,14.52575],[121.03381,14.52575],[121.03391,14.52593],[121.034,14.52593]]],[[[121.03221,14.51869],[121.03221,14.51851],[121.03202,14.51851],[121.03202,14.51878],[121.03221,14.51869]]],[[[121.03093,14.50521],[121.03094,14.50494],[121.03084,14.50494],[121.03075,14.50521],[121.03093,14.50521]]],[[[121.02957,14.53322],[121.02957,14.53313],[121.02939,14.53312],[121.02939,14.53321],[121.02957,14.53322]]],[[[121.02606,14.52099],[121.02588,14.52071],[121.02569,14.52071],[121.02588,14.52098],[121.02606,14.52099]]],[[[121.02478,14.50832],[121.02497,14.50824],[121.02498,14.50751],[121.02488,14.50751],[121.02489,14.50697],[121.0248,14.50697],[121.0248,14.50679],[121.0247,14.50679],[121.02479,14.50769],[121.0247,14.50769],[121.02469,14.50814],[121.0246,14.50814],[121.0246,14.50832],[121.02478,14.50841],[121.02478,14.50832]]],[[[121.0247,14.52866],[121.0246,14.52866],[121.0246,14.52893],[121.02469,14.52893],[121.0247,14.52866]]],[[[121.02459,14.50941],[121.02459,14.50914],[121.0245,14.50913],[121.0245,14.5094],[121.02459,14.50941]]],[[[121.02446,14.5235],[121.02447,14.52341],[121.02456,14.52341],[121.02456,14.52296],[121.02428,14.52287],[121.02419,14.52269],[121.02401,14.52268],[121.02401,14.52296],[121.0241,14.52296],[121.0241,14.52305],[121.02372,14.52323],[121.02372,14.52341],[121.02382,14.52341],[121.02381,14.5235],[121.02446,14.5235]]],[[[121.02451,14.52847],[121.02451,14.52829],[121.02433,14.5282],[121.02433,14.52838],[121.02451,14.52847]]],[[[121.02407,14.50552],[121.02397,14.50552],[121.02397,14.5057],[121.02407,14.5057],[121.02407,14.50552]]],[[[121.02398,14.50497],[121.02398,14.50488],[121.02379,14.50488],[121.02379,14.50497],[121.02398,14.50497]]],[[[121.02393,14.50036],[121.02393,14.50009],[121.02384,14.50009],[121.02374,14.50036],[121.02393,14.50036]]],[[[121.02367,14.52964],[121.02367,14.52955],[121.02339,14.52955],[121.02339,14.52964],[121.02367,14.52964]]],[[[121.00243,14.49801],[121.0028,14.49811],[121.0028,14.4982],[121.00308,14.49829],[121.00307,14.49838],[121.00326,14.49838],[121.00335,14.49856],[121.00354,14.49856],[121.00363,14.49875],[121.00381,14.49875],[121.00381,14.49884],[121.00409,14.49893],[121.00409,14.49902],[121.00437,14.49902],[121.00437,14.49911],[121.00446,14.49911],[121.00483,14.49903],[121.00474,14.4993],[121.00483,14.4993],[121.00492,14.49948],[121.0052,14.49948],[121.0052,14.49957],[121.00548,14.49967],[121.00547,14.49976],[121.00612,14.49994],[121.0064,14.50031],[121.00677,14.50031],[121.00677,14.5004],[121.00723,14.50049],[121.00732,14.50067],[121.0076,14.50068],[121.0076,14.50104],[121.00769,14.50104],[121.00769,14.50113],[121.00787,14.50113],[121.00787,14.50122],[121.00806,14.50122],[121.00806,14.50131],[121.00843,14.50132],[121.00852,14.5015],[121.0088,14.5015],[121.0088,14.50159],[121.00907,14.50159],[121.00907,14.50168],[121.00945,14.50169],[121.00945,14.50151],[121.00926,14.50141],[121.00917,14.50123],[121.00889,14.50123],[121.0088,14.50105],[121.00862,14.50105],[121.00862,14.50096],[121.00825,14.50068],[121.00825,14.50059],[121.00844,14.50059],[121.00843,14.50069],[121.00862,14.50069],[121.00862,14.50078],[121.0089,14.50078],[121.00881,14.5006],[121.00853,14.50041],[121.00862,14.50023],[121.00872,14.50023],[121.00872,14.50033],[121.00955,14.50042],[121.00964,14.5006],[121.00983,14.50061],[121.00982,14.50097],[121.00945,14.50105],[121.00945,14.50096],[121.00927,14.50096],[121.00936,14.50123],[121.00973,14.50133],[121.00973,14.50142],[121.00991,14.50133],[121.00991,14.50124],[121.01028,14.50124],[121.01028,14.50133],[121.01038,14.50133],[121.01084,14.50125],[121.01084,14.50134],[121.01121,14.50143],[121.01121,14.50152],[121.01112,14.50152],[121.01112,14.50161],[121.01121,14.50161],[121.01121,14.5017],[121.01112,14.5017],[121.01111,14.50197],[121.01139,14.50206],[121.01148,14.50225],[121.01167,14.50225],[121.01176,14.50243],[121.01204,14.50243],[121.01204,14.50198],[121.01223,14.50198],[121.01222,14.50216],[121.01232,14.50216],[121.01232,14.50234],[121.01241,14.50235],[121.01241,14.50216],[121.01269,14.50217],[121.01278,14.50199],[121.01334,14.5019],[121.01334,14.50217],[121.01324,14.50217],[121.01324,14.50226],[121.01352,14.50226],[121.01362,14.50208],[121.0138,14.50209],[121.01408,14.50173],[121.01427,14.50173],[121.01427,14.50191],[121.01417,14.50191],[121.01408,14.50209],[121.01445,14.50209],[121.01445,14.50218],[121.01454,14.50218],[121.01454,14.50209],[121.01464,14.50209],[121.01463,14.50218],[121.01491,14.50219],[121.01501,14.50237],[121.0151,14.50237],[121.01519,14.50219],[121.01538,14.50219],[121.01538,14.50228],[121.01575,14.50219],[121.01565,14.50237],[121.01593,14.50228],[121.01593,14.50247],[121.0163,14.50247],[121.0163,14.50256],[121.01667,14.50256],[121.01667,14.50265],[121.01695,14.50265],[121.01695,14.50256],[121.01686,14.50256],[121.01695,14.50238],[121.01779,14.50266],[121.01779,14.50257],[121.01816,14.50257],[121.01816,14.50248],[121.01872,14.5024],[121.01872,14.50231],[121.0189,14.50231],[121.0189,14.50222],[121.01955,14.50222],[121.01955,14.50231],[121.01983,14.50232],[121.01992,14.5025],[121.0202,14.5025],[121.02029,14.50277],[121.02047,14.50277],[121.02093,14.50332],[121.02139,14.50369],[121.02139,14.50387],[121.02158,14.50387],[121.02167,14.50405],[121.02185,14.50405],[121.02185,14.50423],[121.02232,14.50433],[121.02241,14.50415],[121.0225,14.50415],[121.02259,14.50433],[121.0225,14.50433],[121.0225,14.50451],[121.02259,14.50451],[121.02259,14.5046],[121.02306,14.50451],[121.02306,14.50433],[121.02315,14.50433],[121.02315,14.50451],[121.02333,14.50452],[121.02342,14.50479],[121.02361,14.50488],[121.02352,14.50434],[121.02361,14.50434],[121.02362,14.50425],[121.02315,14.50406],[121.02315,14.50424],[121.02287,14.50433],[121.02278,14.50406],[121.02287,14.50406],[121.02287,14.50397],[121.0226,14.50388],[121.02241,14.5036],[121.02214,14.5036],[121.02214,14.50351],[121.02204,14.50351],[121.02205,14.50306],[121.02196,14.50306],[121.02196,14.50297],[121.02186,14.50297],[121.02186,14.50333],[121.02168,14.50333],[121.02168,14.50324],[121.02177,14.50324],[121.02177,14.50288],[121.02149,14.50287],[121.02141,14.50242],[121.02122,14.50242],[121.02113,14.50224],[121.02103,14.50224],[121.02113,14.50206],[121.02141,14.50197],[121.02141,14.50152],[121.0216,14.50152],[121.02151,14.50134],[121.02141,14.50134],[121.02142,14.50107],[121.02132,14.50107],[121.02133,14.50097],[121.02169,14.50107],[121.0217,14.50098],[121.02216,14.50098],[121.02216,14.50089],[121.02235,14.50089],[121.02235,14.5008],[121.02123,14.50088],[121.02114,14.50115],[121.02095,14.50124],[121.02095,14.50133],[121.02123,14.50142],[121.02123,14.50152],[121.02095,14.50151],[121.02085,14.50169],[121.02067,14.50169],[121.02057,14.50187],[121.02039,14.50187],[121.02039,14.50196],[121.01993,14.50187],[121.01993,14.50178],[121.01881,14.50177],[121.01881,14.50204],[121.01872,14.50204],[121.01872,14.50177],[121.01835,14.50185],[121.01826,14.50167],[121.01816,14.50167],[121.01816,14.50194],[121.01844,14.50194],[121.01844,14.50212],[121.01798,14.50212],[121.01769,14.50248],[121.01742,14.50239],[121.01723,14.50211],[121.01677,14.50211],[121.01677,14.50202],[121.01668,14.50202],[121.01668,14.50175],[121.01659,14.50175],[121.01659,14.50166],[121.01677,14.50166],[121.01677,14.50157],[121.01659,14.50157],[121.0165,14.50139],[121.01613,14.50138],[121.01613,14.50111],[121.01604,14.50111],[121.01585,14.50138],[121.01557,14.50129],[121.01557,14.50111],[121.01539,14.50111],[121.01539,14.50129],[121.01529,14.50128],[121.01529,14.50119],[121.0152,14.50119],[121.0152,14.50092],[121.0153,14.50092],[121.0153,14.50065],[121.01511,14.50065],[121.01502,14.50083],[121.01483,14.50074],[121.01484,14.50065],[121.01502,14.50065],[121.01502,14.50029],[121.01512,14.50029],[121.01512,14.5002],[121.01567,14.50029],[121.01558,14.50011],[121.0154,14.50011],[121.0153,14.49993],[121.01512,14.49993],[121.01502,14.50011],[121.01493,14.50011],[121.01493,14.50029],[121.01474,14.50038],[121.01474,14.50056],[121.01446,14.50056],[121.01447,14.50037],[121.01465,14.50028],[121.01466,14.50001],[121.01475,14.50001],[121.01475,14.49992],[121.01503,14.49993],[121.01503,14.49984],[121.01484,14.49975],[121.01485,14.49929],[121.01513,14.49911],[121.01504,14.49857],[121.01513,14.49857],[121.01514,14.49821],[121.01523,14.49821],[121.01523,14.49812],[121.01504,14.49812],[121.01504,14.49839],[121.01476,14.49839],[121.01476,14.4983],[121.01467,14.4983],[121.01467,14.49848],[121.01439,14.49839],[121.01439,14.49848],[121.01411,14.49865],[121.01411,14.49856],[121.01402,14.49856],[121.01411,14.49838],[121.01393,14.49829],[121.01393,14.4982],[121.01374,14.4982],[121.01393,14.49799],[121.01347,14.49799],[121.01337,14.49829],[121.01328,14.49829],[121.01328,14.49865],[121.0129,14.49883],[121.0129,14.49928],[121.01299,14.49928],[121.01299,14.49946],[121.01206,14.49963],[121.01206,14.49999],[121.01197,14.49999],[121.01197,14.49981],[121.01178,14.49981],[121.01178,14.49972],[121.0116,14.49981],[121.01169,14.49999],[121.01132,14.4999],[121.01123,14.49962],[121.01067,14.49953],[121.01058,14.49926],[121.01049,14.49926],[121.01049,14.49935],[121.01021,14.49934],[121.01021,14.49916],[121.0104,14.49916],[121.0104,14.49907],[121.00984,14.49889],[121.00985,14.49844],[121.00966,14.49844],[121.00966,14.49871],[121.00938,14.49852],[121.00938,14.49843],[121.00947,14.49843],[121.00947,14.49834],[121.00938,14.49834],[121.00939,14.49799],[121.0054,14.49799],[121.00567,14.49822],[121.00567,14.4984],[121.00512,14.49831],[121.00512,14.49804],[121.00531,14.49799],[121.00243,14.49801]],[[121.01204,14.50198],[121.01185,14.50207],[121.01176,14.5018],[121.01204,14.50189],[121.01204,14.50198]],[[121.02214,14.5036],[121.02214,14.50378],[121.02186,14.50378],[121.02186,14.5036],[121.02214,14.5036]],[[121.01467,14.49848],[121.01495,14.49848],[121.01494,14.49875],[121.01485,14.49875],[121.01485,14.49884],[121.01457,14.49884],[121.01457,14.49857],[121.01467,14.49857],[121.01467,14.49848]],[[121.02232,14.50378],[121.02241,14.50379],[121.02241,14.50388],[121.02232,14.50388],[121.02232,14.50378]],[[121.02158,14.50324],[121.02158,14.50333],[121.02149,14.50333],[121.02149,14.50324],[121.02158,14.50324]],[[121.02094,14.50242],[121.02094,14.50251],[121.02113,14.50251],[121.02112,14.50269],[121.02084,14.50278],[121.02085,14.50269],[121.02066,14.50259],[121.02066,14.50241],[121.02094,14.50242]],[[121.02095,14.50188],[121.02095,14.50169],[121.02104,14.50169],[121.02104,14.50188],[121.02095,14.50188]],[[121.02094,14.50206],[121.02085,14.50206],[121.02085,14.50196],[121.02094,14.50197],[121.02094,14.50206]],[[121.02039,14.50223],[121.02039,14.50232],[121.02029,14.50232],[121.02029,14.50223],[121.02039,14.50223]],[[121.01955,14.50195],[121.01955,14.50204],[121.01937,14.50204],[121.01937,14.50195],[121.01955,14.50195]],[[121.01863,14.50213],[121.01853,14.50213],[121.01853,14.50203],[121.01863,14.50204],[121.01863,14.50213]],[[121.01501,14.50173],[121.0151,14.50192],[121.01547,14.50201],[121.01547,14.5021],[121.01492,14.5021],[121.01473,14.50182],[121.01464,14.50182],[121.01464,14.50173],[121.01501,14.50173]],[[121.01492,14.50119],[121.01492,14.50137],[121.01483,14.50137],[121.01483,14.50119],[121.01492,14.50119]],[[121.0142,14.49938],[121.0142,14.4992],[121.01429,14.4992],[121.01429,14.49938],[121.0142,14.49938]],[[121.01345,14.49964],[121.01346,14.49928],[121.01355,14.49928],[121.01364,14.49946],[121.01355,14.49946],[121.01354,14.49964],[121.01345,14.49964]],[[121.01308,14.49982],[121.01289,14.49982],[121.0129,14.49964],[121.01308,14.49964],[121.01308,14.49982]],[[121.01149,14.50152],[121.01158,14.5018],[121.01167,14.5018],[121.01167,14.50198],[121.01139,14.50197],[121.01139,14.50188],[121.0113,14.50188],[121.01139,14.5017],[121.0113,14.5017],[121.0113,14.50152],[121.01149,14.50152]],[[121.00974,14.49952],[121.00947,14.49952],[121.00947,14.49934],[121.00974,14.49934],[121.00974,14.49952]],[[121.00947,14.4988],[121.00947,14.49889],[121.00929,14.49888],[121.00929,14.49879],[121.00947,14.4988]],[[121.00881,14.49987],[121.00881,14.49969],[121.009,14.49979],[121.009,14.49988],[121.00881,14.49987]],[[121.00751,14.49995],[121.00752,14.49968],[121.00761,14.49968],[121.00761,14.49959],[121.00807,14.4996],[121.00807,14.49978],[121.00826,14.49987],[121.00826,14.49996],[121.00798,14.49996],[121.00788,14.50014],[121.0077,14.50014],[121.0077,14.50005],[121.00751,14.49995]],[[121.00678,14.49895],[121.00724,14.49905],[121.00724,14.49914],[121.00761,14.49914],[121.00761,14.49923],[121.00789,14.49932],[121.00789,14.49942],[121.00761,14.49941],[121.00761,14.4995],[121.00742,14.4995],[121.00742,14.49959],[121.00724,14.49959],[121.00724,14.49968],[121.00696,14.49968],[121.00696,14.49932],[121.00687,14.49932],[121.00687,14.49922],[121.00659,14.49922],[121.00659,14.49904],[121.00678,14.49904],[121.00678,14.49895]],[[121.00762,14.49851],[121.00762,14.49869],[121.00743,14.49869],[121.00753,14.49851],[121.00762,14.49851]]],[[[121.01411,14.49838],[121.0143,14.49839],[121.0143,14.49829],[121.01411,14.49829],[121.01411,14.49838]]],[[[121.01523,14.49812],[121.01532,14.49812],[121.01542,14.49799],[121.01523,14.49799],[121.01523,14.49812]]],[[[121.0153,14.50065],[121.01548,14.50056],[121.01549,14.50038],[121.0153,14.50047],[121.0153,14.50065]]],[[[121.01557,14.50111],[121.01576,14.50111],[121.01576,14.50084],[121.01557,14.50093],[121.01557,14.50111]]],[[[121.02169,14.50107],[121.02169,14.50116],[121.0216,14.50116],[121.0216,14.50143],[121.02169,14.50143],[121.02169,14.50125],[121.02179,14.50125],[121.02179,14.50107],[121.02169,14.50107]]],[[[121.02278,14.5046],[121.02278,14.50469],[121.02305,14.50469],[121.02305,14.50478],[121.02315,14.50479],[121.02315,14.5046],[121.02278,14.5046]]],[[[121.02204,14.50432],[121.02185,14.50432],[121.02185,14.50441],[121.02204,14.50441],[121.02204,14.50432]]],[[[121.0176,14.50266],[121.01723,14.50266],[121.01723,14.50275],[121.01695,14.50283],[121.01695,14.50293],[121.01704,14.50293],[121.01704,14.50302],[121.01732,14.50302],[121.01732,14.50284],[121.0176,14.50284],[121.0176,14.50266]]],[[[121.02358,14.50831],[121.02358,14.50813],[121.02349,14.50813],[121.02349,14.50831],[121.02358,14.50831]]],[[[121.00397,14.53309],[121.00406,14.53309],[121.00406,14.53327],[121.00434,14.53327],[121.00443,14.53345],[121.00489,14.53346],[121.00489,14.53355],[121.00499,14.53355],[121.00489,14.53382],[121.00508,14.53382],[121.00517,14.53409],[121.00544,14.53428],[121.00544,14.53473],[121.00525,14.53473],[121.00525,14.53491],[121.00516,14.53494],[121.00637,14.53494],[121.00609,14.53473],[121.00609,14.53446],[121.0059,14.53446],[121.00581,14.53419],[121.00572,14.53419],[121.00572,14.5341],[121.00582,14.5341],[121.00582,14.53383],[121.00591,14.53383],[121.00591,14.53356],[121.00629,14.53356],[121.00628,14.53401],[121.00637,14.53401],[121.00637,14.53419],[121.00674,14.53411],[121.00683,14.53429],[121.00721,14.53429],[121.0072,14.53438],[121.0073,14.53438],[121.00729,14.53465],[121.00748,14.53466],[121.00748,14.53474],[121.00767,14.53475],[121.00767,14.53457],[121.00776,14.53457],[121.00776,14.53421],[121.00813,14.53421],[121.00813,14.53466],[121.00822,14.53466],[121.00813,14.53484],[121.00831,14.53484],[121.0086,14.53448],[121.00887,14.53449],[121.00897,14.53431],[121.00915,14.53431],[121.00924,14.53476],[121.00952,14.53476],[121.00961,14.53494],[121.0097,14.53494],[121.00971,14.53476],[121.00999,14.53477],[121.00998,14.53494],[121.01026,14.53494],[121.01026,14.53486],[121.01036,14.53486],[121.01036,14.53468],[121.01008,14.5345],[121.01008,14.53422],[121.01027,14.53423],[121.01027,14.53414],[121.0099,14.53413],[121.0099,14.53404],[121.00981,14.53404],[121.0099,14.53386],[121.00981,14.53386],[121.00981,14.53359],[121.01009,14.53359],[121.01009,14.5335],[121.01018,14.5335],[121.01027,14.53369],[121.01074,14.53369],[121.01074,14.53378],[121.01083,14.53378],[121.01083,14.53342],[121.01111,14.53342],[121.01111,14.53333],[121.0113,14.53333],[121.0113,14.53324],[121.01148,14.53333],[121.01158,14.53315],[121.01223,14.53298],[121.01223,14.53316],[121.0125,14.53325],[121.0125,14.53343],[121.01241,14.53343],[121.01241,14.53388],[121.01296,14.53389],[121.01296,14.5338],[121.01305,14.5338],[121.01306,14.53326],[121.01297,14.53326],[121.01297,14.53308],[121.01306,14.53308],[121.01306,14.53299],[121.01297,14.53298],[121.01288,14.5328],[121.01269,14.5328],[121.0126,14.53235],[121.01251,14.53235],[121.01261,14.53208],[121.01251,14.53208],[121.01251,14.5319],[121.01224,14.53171],[121.01224,14.53144],[121.01261,14.53126],[121.01261,14.53108],[121.01252,14.53108],[121.01262,14.5309],[121.01271,14.5309],[121.01271,14.53045],[121.01262,14.53045],[121.01262,14.53036],[121.0129,14.53036],[121.01299,14.53055],[121.01327,14.53055],[121.01336,14.53037],[121.01364,14.53037],[121.01364,14.53028],[121.01383,14.53028],[121.01383,14.53019],[121.01402,14.53019],[121.01401,14.53028],[121.01429,14.53037],[121.01429,14.53046],[121.01457,14.53047],[121.01457,14.53056],[121.01494,14.53065],[121.01494,14.53074],[121.01522,14.53074],[121.01531,14.53093],[121.01559,14.53093],[121.01559,14.53084],[121.01568,14.53084],[121.01568,14.53093],[121.01605,14.53093],[121.01605,14.53066],[121.01614,14.53066],[121.01624,14.5303],[121.01633,14.5303],[121.01634,14.52976],[121.01662,14.52985],[121.01671,14.52967],[121.01699,14.52959],[121.01699,14.52995],[121.01717,14.52995],[121.01735,14.53022],[121.01772,14.53022],[121.01772,14.53031],[121.01782,14.53031],[121.01782,14.53041],[121.01726,14.53049],[121.01726,14.5304],[121.01708,14.53031],[121.01707,14.53067],[121.01809,14.5305],[121.01809,14.53041],[121.01791,14.53041],[121.018,14.53013],[121.01828,14.53032],[121.01846,14.53059],[121.01902,14.53069],[121.01902,14.5306],[121.0193,14.53051],[121.0193,14.53042],[121.01967,14.53033],[121.01986,14.53006],[121.02014,14.53006],[121.02014,14.52997],[121.02079,14.52998],[121.02079,14.53007],[121.02088,14.53007],[121.02098,14.52989],[121.02079,14.52989],[121.02079,14.52971],[121.02051,14.5297],[121.02051,14.52952],[121.0207,14.52953],[121.0207,14.52943],[121.02089,14.52935],[121.02089,14.52917],[121.0208,14.52917],[121.0208,14.52925],[121.02042,14.52925],[121.02043,14.52916],[121.02033,14.52916],[121.02033,14.52925],[121.01977,14.52925],[121.01977,14.52916],[121.01996,14.52916],[121.01987,14.52898],[121.02043,14.52898],[121.02043,14.52871],[121.01987,14.52853],[121.01978,14.52825],[121.01969,14.52825],[121.0196,14.52852],[121.01932,14.52852],[121.01932,14.52861],[121.01922,14.52861],[121.0195,14.52897],[121.01885,14.52897],[121.01885,14.52879],[121.01904,14.5287],[121.01904,14.52852],[121.01858,14.52842],[121.01858,14.52815],[121.01849,14.52815],[121.01849,14.52761],[121.01858,14.52761],[121.01859,14.52734],[121.01831,14.52725],[121.01831,14.52752],[121.01821,14.52752],[121.0182,14.52887],[121.01839,14.52896],[121.01838,14.52933],[121.01829,14.52932],[121.01829,14.52951],[121.0181,14.52941],[121.0181,14.52932],[121.01773,14.52932],[121.01764,14.52959],[121.01782,14.52959],[121.01782,14.52968],[121.01773,14.52968],[121.01763,14.52995],[121.01736,14.52995],[121.01736,14.52986],[121.01717,14.52977],[121.01727,14.5295],[121.01717,14.5295],[121.01718,14.52941],[121.01671,14.5294],[121.01671,14.52931],[121.0169,14.52922],[121.0169,14.52904],[121.01718,14.52886],[121.01718,14.52868],[121.01727,14.52868],[121.01728,14.5285],[121.01737,14.5285],[121.01737,14.52832],[121.01728,14.52832],[121.01718,14.5285],[121.01681,14.5285],[121.01681,14.52877],[121.01672,14.52877],[121.01672,14.52886],[121.01653,14.52886],[121.01663,14.52859],[121.01644,14.52859],[121.01635,14.52886],[121.01597,14.52894],[121.01597,14.52903],[121.0156,14.52903],[121.01569,14.5293],[121.0156,14.5293],[121.0156,14.52948],[121.01551,14.52948],[121.0155,14.52966],[121.01532,14.52966],[121.01513,14.52993],[121.01494,14.52993],[121.01485,14.5302],[121.01448,14.5302],[121.01448,14.53011],[121.01439,14.53011],[121.01439,14.52983],[121.0143,14.52983],[121.01439,14.52965],[121.01421,14.52965],[121.0142,14.52974],[121.01374,14.52965],[121.01383,14.52983],[121.01365,14.52992],[121.01364,14.5301],[121.01346,14.5301],[121.01346,14.53019],[121.01299,14.53018],[121.01299,14.53027],[121.0129,14.53027],[121.0129,14.53018],[121.01281,14.53018],[121.01281,14.52991],[121.01272,14.52991],[121.01272,14.52964],[121.01263,14.52964],[121.01272,14.52946],[121.01244,14.52946],[121.01245,14.52919],[121.01263,14.5291],[121.01263,14.529],[121.01282,14.52901],[121.01291,14.52883],[121.01319,14.52883],[121.01319,14.52901],[121.01301,14.52901],[121.013,14.52919],[121.01365,14.5291],[121.01365,14.52919],[121.01384,14.5292],[121.01384,14.52902],[121.01375,14.52901],[121.01375,14.52865],[121.01394,14.52875],[121.01394,14.52857],[121.01403,14.52857],[121.01403,14.5282],[121.01375,14.5282],[121.01384,14.52847],[121.01328,14.52874],[121.01319,14.52856],[121.01347,14.52847],[121.01348,14.52811],[121.01366,14.52811],[121.01357,14.52793],[121.0132,14.5282],[121.0131,14.52847],[121.01292,14.52847],[121.01292,14.52838],[121.01283,14.52837],[121.01283,14.5281],[121.01255,14.52801],[121.01264,14.52783],[121.01255,14.52783],[121.01255,14.52774],[121.012,14.52773],[121.0119,14.52755],[121.01181,14.52755],[121.01181,14.52773],[121.01162,14.52773],[121.01162,14.52791],[121.01153,14.52791],[121.01153,14.52827],[121.01143,14.52827],[121.01143,14.52845],[121.01115,14.52845],[121.01115,14.52854],[121.01106,14.52854],[121.01115,14.52899],[121.01106,14.52899],[121.01105,14.52917],[121.01087,14.52926],[121.01087,14.52953],[121.01096,14.52953],[121.01096,14.52962],[121.01087,14.52962],[121.01077,14.52989],[121.0104,14.52989],[121.0104,14.52998],[121.01031,14.52998],[121.01031,14.52989],[121.01012,14.52989],[121.01012,14.5298],[121.00947,14.52979],[121.00947,14.52988],[121.00919,14.52997],[121.00919,14.53015],[121.00891,14.53024],[121.00891,14.53042],[121.00882,14.53042],[121.00882,14.5306],[121.00872,14.5306],[121.00863,14.53087],[121.00853,14.53087],[121.00854,14.53069],[121.00835,14.5306],[121.00845,14.53032],[121.00817,14.53023],[121.00817,14.53032],[121.00808,14.53032],[121.00807,14.53068],[121.00826,14.53069],[121.00826,14.53078],[121.00789,14.53086],[121.00789,14.53095],[121.00779,14.53095],[121.00779,14.53122],[121.00742,14.53131],[121.00723,14.53167],[121.00695,14.53167],[121.00695,14.53176],[121.00677,14.53176],[121.00649,14.53139],[121.00612,14.5313],[121.00622,14.53085],[121.00594,14.53067],[121.00594,14.53039],[121.00576,14.53039],[121.00566,14.53093],[121.00557,14.53093],[121.00556,14.5313],[121.00538,14.53138],[121.00528,14.53174],[121.00426,14.53164],[121.00426,14.53174],[121.00417,14.53173],[121.00417,14.53201],[121.00426,14.53201],[121.00426,14.53228],[121.00435,14.53228],[121.00435,14.53237],[121.00416,14.53246],[121.00416,14.53264],[121.00407,14.53264],[121.00397,14.53309]],[[121.00813,14.53421],[121.00814,14.53394],[121.00842,14.53385],[121.00842,14.53376],[121.0087,14.53376],[121.0087,14.53367],[121.00888,14.53376],[121.00888,14.53394],[121.00897,14.53394],[121.00897,14.53385],[121.00907,14.53386],[121.00906,14.53394],[121.00934,14.53395],[121.00934,14.53404],[121.00916,14.53404],[121.00916,14.53413],[121.0086,14.53403],[121.0085,14.5343],[121.00823,14.5343],[121.00823,14.53421],[121.00813,14.53421]],[[121.00823,14.53385],[121.00804,14.53385],[121.00804,14.53394],[121.00777,14.53384],[121.00786,14.53348],[121.00814,14.53349],[121.00814,14.53376],[121.00823,14.53376],[121.00823,14.53385]],[[121.01262,14.53036],[121.01253,14.53036],[121.01253,14.53027],[121.01262,14.53027],[121.01262,14.53036]],[[121.01253,14.53027],[121.01234,14.53027],[121.01225,14.53009],[121.01216,14.53009],[121.01216,14.5299],[121.01244,14.52991],[121.01244,14.53018],[121.01253,14.53018],[121.01253,14.53027]],[[121.01672,14.52886],[121.01681,14.52886],[121.01681,14.52895],[121.01672,14.52895],[121.01672,14.52886]],[[121.01653,14.52886],[121.01653,14.52895],[121.01644,14.52895],[121.01644,14.52886],[121.01653,14.52886]],[[121.01264,14.5281],[121.01264,14.52837],[121.01282,14.52847],[121.01282,14.52874],[121.01273,14.52873],[121.01273,14.52883],[121.01254,14.52882],[121.01255,14.52837],[121.01236,14.52837],[121.01236,14.52819],[121.01227,14.52819],[121.01227,14.5281],[121.01264,14.5281]],[[121.02023,14.52979],[121.02005,14.52979],[121.02005,14.5297],[121.02033,14.52961],[121.02023,14.52979]],[[121.01921,14.53024],[121.01921,14.53033],[121.01912,14.53032],[121.01912,14.53023],[121.01921,14.53024]],[[121.01921,14.53024],[121.01921,14.53015],[121.0193,14.53015],[121.0193,14.53024],[121.01921,14.53024]],[[121.01894,14.52933],[121.01894,14.52924],[121.01903,14.52924],[121.01903,14.52933],[121.01894,14.52933]],[[121.01875,14.53005],[121.01866,14.52987],[121.01903,14.52978],[121.01903,14.52996],[121.01875,14.53005]],[[121.01838,14.53014],[121.01838,14.52996],[121.01847,14.52996],[121.01856,14.53023],[121.01838,14.53014]],[[121.01615,14.52949],[121.01615,14.5294],[121.01625,14.5294],[121.01625,14.52949],[121.01615,14.52949]],[[121.01596,14.53012],[121.01569,14.53003],[121.01578,14.52975],[121.01606,14.52985],[121.01596,14.53012]],[[121.01522,14.53029],[121.01531,14.53011],[121.01559,14.53012],[121.01559,14.5303],[121.01578,14.53039],[121.01577,14.53057],[121.01531,14.53056],[121.01522,14.53038],[121.01513,14.53038],[121.01513,14.53029],[121.01522,14.53029]],[[121.01503,14.53029],[121.01503,14.53038],[121.01494,14.53038],[121.01494,14.53029],[121.01503,14.53029]],[[121.01411,14.52992],[121.0142,14.52992],[121.0142,14.53001],[121.01411,14.53001],[121.01411,14.52992]],[[121.01195,14.53252],[121.01196,14.53225],[121.01223,14.53235],[121.01242,14.53226],[121.01242,14.53244],[121.01223,14.53244],[121.01232,14.5328],[121.01204,14.5328],[121.01205,14.53252],[121.01195,14.53252]],[[121.01177,14.53189],[121.01149,14.53189],[121.0115,14.53171],[121.01159,14.53171],[121.01168,14.53144],[121.01187,14.53144],[121.01187,14.53153],[121.01178,14.53153],[121.01177,14.53189]],[[121.01037,14.53269],[121.01046,14.53296],[121.01093,14.53297],[121.01102,14.53279],[121.0113,14.53279],[121.0113,14.53261],[121.01167,14.53261],[121.01167,14.53252],[121.01177,14.53252],[121.01186,14.53298],[121.01148,14.53306],[121.01148,14.53315],[121.01111,14.53315],[121.01111,14.53324],[121.01093,14.53324],[121.01093,14.53333],[121.01065,14.53333],[121.01065,14.53324],[121.01055,14.53323],[121.01055,14.53332],[121.01037,14.53332],[121.01028,14.53305],[121.01,14.53305],[121.01,14.53314],[121.01019,14.53314],[121.01018,14.53332],[121.00981,14.53332],[121.00981,14.53314],[121.00953,14.53314],[121.00954,14.53278],[121.00991,14.53278],[121.00991,14.53269],[121.01019,14.53269],[121.01019,14.5326],[121.01037,14.53269]],[[121.01037,14.53269],[121.01037,14.5326],[121.01056,14.5326],[121.01056,14.53278],[121.01037,14.53269]],[[121.01065,14.5326],[121.01065,14.53242],[121.01038,14.53242],[121.01038,14.53215],[121.01047,14.53215],[121.01047,14.53206],[121.01094,14.53206],[121.01103,14.53224],[121.01121,14.53225],[121.01122,14.53207],[121.01103,14.53206],[121.01103,14.53188],[121.01131,14.5318],[121.01131,14.53189],[121.0114,14.53189],[121.01131,14.53225],[121.0114,14.53225],[121.0114,14.53243],[121.01112,14.53252],[121.01103,14.53233],[121.01084,14.53233],[121.01093,14.53261],[121.01065,14.5326]],[[121.00964,14.53232],[121.00964,14.53223],[121.00954,14.53223],[121.00964,14.53205],[121.01001,14.53206],[121.01001,14.53215],[121.0101,14.53215],[121.0101,14.53242],[121.00964,14.53232]],[[121.00945,14.53268],[121.00917,14.53259],[121.00926,14.53232],[121.00964,14.53241],[121.00945,14.53268]],[[121.00927,14.53133],[121.00927,14.5316],[121.00955,14.5316],[121.00955,14.53187],[121.00945,14.53187],[121.00936,14.53205],[121.00917,14.53205],[121.00908,14.53223],[121.0088,14.53205],[121.0088,14.53186],[121.00862,14.53186],[121.00853,14.53204],[121.00797,14.53204],[121.00797,14.53195],[121.00788,14.53195],[121.00787,14.53222],[121.00806,14.53231],[121.00806,14.5324],[121.00824,14.5324],[121.00815,14.53267],[121.00778,14.53267],[121.00768,14.53285],[121.0075,14.53285],[121.0075,14.53276],[121.00703,14.53275],[121.00704,14.53266],[121.00685,14.53266],[121.00676,14.53239],[121.00667,14.53239],[121.00667,14.53221],[121.00676,14.53221],[121.00686,14.53203],[121.00704,14.53203],[121.00732,14.53167],[121.00779,14.53167],[121.00779,14.53158],[121.00816,14.53159],[121.00816,14.5315],[121.00853,14.5315],[121.00853,14.53141],[121.00872,14.53141],[121.00872,14.53132],[121.00899,14.53132],[121.00909,14.53105],[121.00937,14.53106],[121.00937,14.53124],[121.00918,14.53124],[121.00918,14.53133],[121.00927,14.53133]],[[121.00953,14.5335],[121.00953,14.53359],[121.00944,14.53359],[121.00944,14.5335],[121.00953,14.5335]],[[121.00928,14.53078],[121.00928,14.53069],[121.00937,14.53069],[121.00937,14.53078],[121.00928,14.53078]],[[121.00898,14.5334],[121.00898,14.53331],[121.00888,14.53331],[121.00889,14.53304],[121.00879,14.53304],[121.0088,14.53268],[121.00852,14.53277],[121.00861,14.53241],[121.0088,14.53241],[121.0088,14.53232],[121.00898,14.53241],[121.00908,14.53268],[121.00926,14.53277],[121.00925,14.53331],[121.00935,14.53331],[121.00925,14.5335],[121.00898,14.5334]],[[121.00851,14.53349],[121.00851,14.53322],[121.00879,14.53331],[121.00879,14.53349],[121.00851,14.53349]]],[[[121.01337,14.52919],[121.01337,14.52937],[121.01356,14.52937],[121.01356,14.52919],[121.01337,14.52919]]],[[[121.02006,14.52853],[121.02015,14.52853],[121.02015,14.52844],[121.02052,14.52844],[121.0208,14.5288],[121.02098,14.52881],[121.02108,14.52862],[121.02136,14.52863],[121.02136,14.52854],[121.02154,14.52854],[121.02154,14.52845],[121.02173,14.52845],[121.02182,14.52827],[121.02247,14.52819],[121.02257,14.52801],[121.02266,14.52801],[121.02266,14.52782],[121.02294,14.52783],[121.02294,14.52756],[121.02322,14.52756],[121.02322,14.52765],[121.02341,14.52774],[121.0235,14.52756],[121.02304,14.52738],[121.02304,14.52674],[121.02314,14.52675],[121.02314,14.52656],[121.02332,14.52647],[121.02342,14.52612],[121.02305,14.52638],[121.02304,14.52665],[121.02295,14.52665],[121.02286,14.5271],[121.02276,14.5271],[121.02276,14.52737],[121.02257,14.52746],[121.02257,14.52764],[121.02239,14.52773],[121.02238,14.52782],[121.0222,14.52782],[121.0222,14.52773],[121.02201,14.52773],[121.02201,14.52764],[121.02174,14.52764],[121.02174,14.52773],[121.02155,14.52773],[121.02155,14.52782],[121.02136,14.52781],[121.0209,14.52835],[121.02071,14.52835],[121.02071,14.52808],[121.02016,14.52807],[121.02025,14.52826],[121.02006,14.52834],[121.02006,14.52853]]],[[[121.01337,14.52937],[121.01319,14.52937],[121.01318,14.52955],[121.01337,14.52946],[121.01337,14.52937]]],[[[121.02328,14.50063],[121.02309,14.50063],[121.02309,14.50072],[121.02253,14.50071],[121.02253,14.5008],[121.02318,14.50081],[121.02328,14.50063]]],[[[121.02153,14.53053],[121.02218,14.53053],[121.02218,14.53044],[121.02134,14.53044],[121.02134,14.53061],[121.02152,14.53062],[121.02153,14.53053]]],[[[121.02125,14.53016],[121.02125,14.52998],[121.02107,14.52998],[121.02107,14.53007],[121.02125,14.53016]]],[[[121.01976,14.5306],[121.02004,14.53051],[121.02004,14.53033],[121.02041,14.53034],[121.02041,14.53025],[121.02069,14.53034],[121.02069,14.53016],[121.02014,14.53015],[121.02014,14.53024],[121.01995,14.53024],[121.01995,14.53033],[121.01976,14.53042],[121.01976,14.5306]]],[[[121.02051,14.51967],[121.02051,14.51958],[121.0206,14.51958],[121.0206,14.51949],[121.02042,14.51949],[121.02042,14.51967],[121.02051,14.51967]]],[[[121.02013,14.52012],[121.02013,14.52003],[121.02032,14.51994],[121.02032,14.51985],[121.02004,14.51994],[121.02004,14.52012],[121.02013,14.52012]]],[[[121.02022,14.53124],[121.02013,14.53124],[121.02013,14.53142],[121.02022,14.53142],[121.02022,14.53124]]],[[[121.01966,14.53123],[121.01957,14.53123],[121.01957,14.53105],[121.01929,14.53105],[121.01929,14.53123],[121.01948,14.53123],[121.01948,14.53132],[121.01966,14.53132],[121.01966,14.53123]]],[[[121.01911,14.53105],[121.01902,14.53078],[121.01893,14.53078],[121.01892,14.53096],[121.01855,14.53095],[121.01856,14.53077],[121.01828,14.53086],[121.01827,14.53104],[121.01911,14.53105]]],[[[121.01795,14.51586],[121.01794,14.51595],[121.01813,14.51604],[121.01813,14.51631],[121.01822,14.51631],[121.01822,14.51595],[121.01795,14.51586]]],[[[121.01635,14.51855],[121.01662,14.51856],[121.01662,14.51847],[121.017,14.5182],[121.017,14.51802],[121.01718,14.51793],[121.01719,14.51784],[121.01737,14.51784],[121.01737,14.51766],[121.01756,14.51766],[121.01756,14.51757],[121.01775,14.51748],[121.01775,14.5173],[121.01803,14.51721],[121.01803,14.51703],[121.01821,14.51694],[121.01822,14.51649],[121.01785,14.51667],[121.01784,14.51685],[121.01775,14.51685],[121.01756,14.51712],[121.0171,14.51748],[121.01709,14.51766],[121.01691,14.51765],[121.01691,14.51775],[121.01672,14.51783],[121.01672,14.51802],[121.01644,14.5181],[121.01644,14.51828],[121.01625,14.51837],[121.01635,14.51855]]],[[[121.01805,14.50384],[121.01805,14.50375],[121.01796,14.50375],[121.01796,14.50393],[121.01815,14.50393],[121.01815,14.50384],[121.01805,14.50384]]],[[[121.01813,14.50547],[121.01795,14.50546],[121.01794,14.50564],[121.01813,14.50565],[121.01813,14.50547]]],[[[121.01787,14.50366],[121.01805,14.50366],[121.01806,14.50357],[121.01796,14.50357],[121.01797,14.5033],[121.01769,14.50329],[121.01769,14.50338],[121.0175,14.50347],[121.0175,14.50356],[121.01787,14.50357],[121.01787,14.50366]]],[[[121.01786,14.51549],[121.01767,14.51549],[121.01767,14.51558],[121.01785,14.51567],[121.01786,14.51549]]],[[[121.01703,14.51413],[121.01703,14.51404],[121.01685,14.51404],[121.01685,14.51413],[121.01703,14.51413]]],[[[121.0168,14.52994],[121.01661,14.52994],[121.01661,14.53003],[121.0168,14.53003],[121.0168,14.52994]]],[[[121.01657,14.51395],[121.01676,14.51395],[121.01676,14.51368],[121.01648,14.51377],[121.01657,14.51395]]],[[[121.0156,14.49849],[121.01597,14.49849],[121.01597,14.4984],[121.01569,14.49822],[121.01569,14.49812],[121.01551,14.49812],[121.0155,14.49858],[121.0156,14.49858],[121.0156,14.49849]]],[[[121.01567,14.52189],[121.01595,14.5218],[121.01595,14.52162],[121.01576,14.52162],[121.01576,14.52153],[121.0153,14.52162],[121.01539,14.52189],[121.01557,14.52189],[121.01557,14.52198],[121.01566,14.52198],[121.01567,14.52189]]],[[[121.01593,14.50265],[121.01584,14.50264],[121.01584,14.50283],[121.01593,14.50283],[121.01593,14.50265]]],[[[121.01583,14.5031],[121.01583,14.50301],[121.01565,14.503],[121.01565,14.5031],[121.01583,14.5031]]],[[[121.01476,14.51953],[121.01495,14.51881],[121.01477,14.51872],[121.01477,14.51863],[121.01458,14.51863],[121.01458,14.51836],[121.01486,14.51818],[121.01487,14.518],[121.01449,14.51827],[121.01449,14.51836],[121.01421,14.51835],[121.01421,14.51854],[121.01412,14.51853],[121.01412,14.51872],[121.0143,14.51881],[121.0143,14.51908],[121.01439,14.51908],[121.01439,14.51944],[121.01448,14.51944],[121.01448,14.51953],[121.01476,14.51953]]],[[[121.01457,14.52984],[121.01457,14.52975],[121.01467,14.52975],[121.01467,14.52965],[121.01448,14.52965],[121.01448,14.52983],[121.01457,14.52984]]],[[[121.01301,14.52801],[121.0132,14.52802],[121.0132,14.52783],[121.01339,14.52775],[121.01339,14.52757],[121.01293,14.52747],[121.01292,14.52765],[121.01302,14.52765],[121.01301,14.52801]]],[[[121.0126,14.51202],[121.0126,14.51193],[121.01242,14.51192],[121.01241,14.51201],[121.0126,14.51202]]],[[[121.01152,14.51824],[121.01171,14.51824],[121.0118,14.51797],[121.01162,14.51806],[121.01152,14.51824]]],[[[121.01134,14.51842],[121.01115,14.51851],[121.01115,14.5186],[121.01134,14.5186],[121.01134,14.51842]]],[[[121.01022,14.50847],[121.01022,14.50838],[121.00985,14.50838],[121.00985,14.50829],[121.00948,14.50837],[121.00948,14.50846],[121.01013,14.50847],[121.01013,14.50856],[121.01031,14.50856],[121.01031,14.50847],[121.01022,14.50847]]],[[[121.01021,14.5195],[121.01012,14.51949],[121.00993,14.51976],[121.01012,14.51977],[121.01021,14.5195]]],[[[121.0092,14.50864],[121.00929,14.50846],[121.00911,14.50846],[121.00901,14.50873],[121.0092,14.50864]]],[[[121.00908,14.53169],[121.0089,14.53168],[121.0089,14.53177],[121.00908,14.53178],[121.00908,14.53169]]],[[[121.00859,14.53494],[121.00906,14.53494],[121.00906,14.53485],[121.00878,14.53476],[121.00878,14.53485],[121.00859,14.53485],[121.00859,14.53494]]],[[[121.00873,14.50936],[121.00854,14.50936],[121.00845,14.50954],[121.00863,14.50954],[121.00873,14.50936]]],[[[121.00834,14.52147],[121.00834,14.52138],[121.00844,14.52138],[121.00844,14.5212],[121.00825,14.52129],[121.00825,14.52147],[121.00834,14.52147]]],[[[121.00826,14.50954],[121.00826,14.50945],[121.00808,14.50945],[121.00808,14.50954],[121.00826,14.50954]]],[[[121.00779,14.51089],[121.00779,14.51062],[121.00788,14.51062],[121.00788,14.51044],[121.00798,14.51044],[121.00789,14.50981],[121.0078,14.50981],[121.00779,14.51044],[121.00723,14.51061],[121.00723,14.5108],[121.00779,14.51089]]],[[[121.0077,14.53041],[121.00771,14.53032],[121.00743,14.53014],[121.00743,14.52978],[121.00715,14.52968],[121.00715,14.53013],[121.00724,14.53013],[121.00724,14.53031],[121.00733,14.53032],[121.00742,14.5305],[121.0077,14.53041]]],[[[121.00745,14.51785],[121.00726,14.51784],[121.00726,14.51793],[121.00745,14.51794],[121.00745,14.51785]]],[[[121.00708,14.51775],[121.00708,14.51766],[121.00689,14.51766],[121.00689,14.51775],[121.00708,14.51775]]],[[[121.00529,14.5097],[121.00539,14.50924],[121.00465,14.50915],[121.00465,14.50906],[121.00456,14.50906],[121.00455,14.50924],[121.00418,14.50923],[121.0039,14.50959],[121.00353,14.50959],[121.00353,14.5095],[121.00335,14.5095],[121.00335,14.50941],[121.00279,14.50931],[121.00288,14.50958],[121.00316,14.50959],[121.00325,14.50977],[121.00344,14.50977],[121.00343,14.51004],[121.00334,14.51004],[121.00334,14.51013],[121.00343,14.51013],[121.00343,14.51022],[121.00315,14.51022],[121.00306,14.51058],[121.00315,14.51058],[121.00315,14.51085],[121.00343,14.51085],[121.00342,14.51103],[121.00324,14.51103],[121.00324,14.51121],[121.00342,14.51131],[121.00342,14.51149],[121.00379,14.51122],[121.00371,14.51077],[121.0038,14.51077],[121.0038,14.51059],[121.00408,14.51059],[121.00408,14.51086],[121.00435,14.51095],[121.00435,14.51104],[121.00454,14.51104],[121.00463,14.51122],[121.00491,14.51123],[121.00491,14.51114],[121.00519,14.51105],[121.00519,14.51087],[121.00547,14.51078],[121.00547,14.51069],[121.00566,14.51069],[121.00565,14.51078],[121.00668,14.5107],[121.00667,14.51079],[121.00705,14.51079],[121.00705,14.5107],[121.00714,14.5107],[121.00714,14.51061],[121.00677,14.51061],[121.00677,14.51052],[121.00658,14.51052],[121.00659,14.51043],[121.00621,14.51043],[121.00585,14.50997],[121.00501,14.50996],[121.00501,14.50969],[121.00529,14.5097]],[[121.00593,14.51042],[121.00593,14.51051],[121.00612,14.51051],[121.00612,14.5106],[121.00584,14.5106],[121.00584,14.51069],[121.00575,14.51069],[121.00575,14.5106],[121.00547,14.5106],[121.00547,14.51051],[121.00538,14.51051],[121.00547,14.51024],[121.00575,14.51024],[121.00584,14.51042],[121.00593,14.51042]],[[121.00501,14.51014],[121.00491,14.51041],[121.00473,14.51032],[121.00482,14.51014],[121.00501,14.51014]],[[121.00455,14.50978],[121.00455,14.50969],[121.00464,14.50969],[121.00464,14.50978],[121.00455,14.50978]]],[[[121.00621,14.51033],[121.0064,14.51034],[121.0065,14.51007],[121.00622,14.51015],[121.00621,14.51033]]],[[[121.00516,14.52451],[121.00535,14.52424],[121.00563,14.52407],[121.00563,14.52388],[121.00582,14.5238],[121.00582,14.52371],[121.006,14.52371],[121.006,14.52353],[121.00638,14.52326],[121.00638,14.52308],[121.00656,14.52308],[121.00666,14.5229],[121.00675,14.5229],[121.00675,14.52272],[121.00703,14.52263],[121.00713,14.52218],[121.00704,14.52218],[121.00704,14.52191],[121.00695,14.52191],[121.00695,14.522],[121.00667,14.522],[121.00666,14.52218],[121.00648,14.52227],[121.00648,14.52245],[121.00629,14.52244],[121.0062,14.52262],[121.00601,14.52262],[121.00601,14.5228],[121.00592,14.5228],[121.00582,14.52298],[121.00564,14.52298],[121.00564,14.52316],[121.00545,14.52325],[121.00545,14.52334],[121.00526,14.52334],[121.00526,14.52352],[121.00479,14.52388],[121.0047,14.52433],[121.00488,14.52442],[121.00488,14.52451],[121.00516,14.52451]]],[[[121.00692,14.53474],[121.00683,14.53474],[121.00683,14.53492],[121.00692,14.53492],[121.00692,14.53474]]],[[[121.00615,14.51738],[121.00615,14.51747],[121.00634,14.51747],[121.00634,14.51739],[121.00615,14.51738]]],[[[121.00604,14.50934],[121.00576,14.50934],[121.00576,14.50943],[121.00604,14.50943],[121.00604,14.50934]]],[[[121.00576,14.50961],[121.00557,14.50961],[121.00557,14.50979],[121.00576,14.50979],[121.00576,14.50961]]],[[[121.00528,14.52108],[121.00519,14.52108],[121.0051,14.5209],[121.00491,14.5209],[121.00519,14.52126],[121.00528,14.52126],[121.00528,14.52108]]],[[[121.00495,14.51665],[121.00504,14.51683],[121.00523,14.51683],[121.00514,14.51665],[121.00495,14.51665]]],[[[121.00495,14.51665],[121.00495,14.51647],[121.00477,14.51647],[121.00486,14.51665],[121.00495,14.51665]]],[[[121.00432,14.52523],[121.0045,14.52523],[121.0045,14.52514],[121.00432,14.52514],[121.00432,14.52523]]],[[[120.99567,14.5079],[120.99567,14.51015],[120.99573,14.51034],[120.99582,14.51034],[120.99582,14.5107],[120.99591,14.5107],[120.99591,14.51088],[120.99601,14.51088],[120.996,14.51124],[120.99591,14.51124],[120.99582,14.51142],[120.99591,14.51142],[120.99591,14.5116],[120.99609,14.51169],[120.99609,14.51197],[120.99655,14.51197],[120.99655,14.51224],[120.99674,14.51224],[120.99673,14.51242],[120.99664,14.51242],[120.99645,14.51269],[120.99664,14.51278],[120.99673,14.51324],[120.99691,14.51333],[120.99691,14.51351],[120.99737,14.51351],[120.99738,14.51342],[120.99756,14.51342],[120.99756,14.51361],[120.99765,14.51361],[120.99765,14.51379],[120.99746,14.51388],[120.99746,14.51397],[120.99728,14.51396],[120.99728,14.51405],[120.997,14.51414],[120.99708,14.51496],[120.99717,14.51496],[120.99717,14.51505],[120.99745,14.51505],[120.99745,14.51514],[120.99727,14.51514],[120.99727,14.51523],[120.99745,14.51532],[120.99744,14.51586],[120.99754,14.51586],[120.99753,14.51632],[120.99763,14.51632],[120.99762,14.5165],[120.99772,14.5165],[120.99771,14.51677],[120.9979,14.51686],[120.9979,14.51722],[120.99817,14.51741],[120.99826,14.51777],[120.99854,14.51795],[120.99863,14.51831],[120.99881,14.5184],[120.99881,14.51859],[120.9989,14.51859],[120.9989,14.51895],[120.99899,14.51895],[120.99899,14.51922],[120.99908,14.51922],[120.99908,14.5194],[120.99918,14.5194],[120.99917,14.51958],[120.99927,14.51958],[120.99917,14.51994],[120.99889,14.52012],[120.99888,14.52112],[120.99879,14.52112],[120.99878,14.52175],[120.99869,14.52175],[120.99869,14.5222],[120.99878,14.5222],[120.99877,14.5231],[120.99886,14.5231],[120.99886,14.52328],[120.99877,14.52328],[120.99877,14.52346],[120.99812,14.52355],[120.9982,14.52427],[120.99811,14.52427],[120.99811,14.52445],[120.9982,14.52445],[120.9982,14.52463],[120.99848,14.52455],[120.99848,14.52473],[120.9982,14.52473],[120.9982,14.52491],[120.99811,14.52491],[120.9981,14.52536],[120.99847,14.52545],[120.99847,14.52554],[120.99838,14.52554],[120.99837,14.52608],[120.99828,14.52608],[120.99828,14.52626],[120.998,14.52635],[120.99809,14.52653],[120.99828,14.52653],[120.99828,14.52671],[120.99818,14.52671],[120.99818,14.52707],[120.99809,14.52707],[120.99808,14.52744],[120.99818,14.52744],[120.99817,14.52762],[120.99836,14.52771],[120.99836,14.52789],[120.99817,14.52789],[120.99826,14.52816],[120.99836,14.52816],[120.99826,14.52852],[120.99835,14.52852],[120.99835,14.5287],[120.99816,14.52879],[120.99816,14.52906],[120.99862,14.52916],[120.99862,14.52934],[120.99853,14.52934],[120.99853,14.52988],[120.99843,14.52988],[120.99852,14.53051],[120.99833,14.53051],[120.99833,14.53069],[120.99824,14.53069],[120.99833,14.53087],[120.99824,14.53087],[120.99823,14.53114],[120.99814,14.53114],[120.99814,14.53132],[120.99796,14.53132],[120.99786,14.5315],[120.99851,14.5316],[120.99851,14.53169],[120.99832,14.53177],[120.99841,14.53196],[120.99851,14.53196],[120.9986,14.53178],[120.99879,14.53187],[120.99897,14.5316],[120.99916,14.5316],[120.99916,14.53169],[120.99944,14.53178],[120.99953,14.53161],[120.99935,14.5316],[120.99935,14.53151],[120.99962,14.53152],[120.99963,14.53115],[120.99953,14.53115],[120.99953,14.53106],[120.99963,14.53106],[120.99963,14.53061],[120.99972,14.53061],[120.99973,14.52989],[121.00001,14.52989],[121.00001,14.53007],[121.0001,14.53007],[121.00019,14.53026],[121.00038,14.53026],[121.00038,14.53035],[121.00065,14.53035],[121.00065,14.53044],[121.00093,14.53044],[121.00093,14.53053],[121.0013,14.53054],[121.00158,14.5309],[121.00204,14.53099],[121.00204,14.53108],[121.00232,14.53118],[121.00232,14.53127],[121.0025,14.53127],[121.0025,14.53136],[121.00278,14.53127],[121.00278,14.53136],[121.00296,14.53145],[121.00296,14.53163],[121.00315,14.53154],[121.00324,14.53173],[121.00342,14.53173],[121.00352,14.532],[121.0037,14.532],[121.0037,14.53182],[121.00398,14.53191],[121.00398,14.53182],[121.00407,14.53182],[121.00408,14.53155],[121.0038,14.53146],[121.00362,14.5311],[121.00325,14.53109],[121.00325,14.53119],[121.00315,14.53118],[121.00315,14.53109],[121.00278,14.531],[121.00278,14.53091],[121.00232,14.53082],[121.00223,14.53063],[121.00195,14.53063],[121.00195,14.53054],[121.00177,14.53054],[121.00177,14.53045],[121.00149,14.53045],[121.0014,14.53026],[121.00131,14.53026],[121.00131,14.53008],[121.00121,14.53008],[121.00122,14.52981],[121.00103,14.52972],[121.00103,14.52954],[121.00085,14.52954],[121.00085,14.52972],[121.00075,14.52972],[121.00066,14.52945],[121.0002,14.52944],[121.00011,14.52962],[121.00001,14.52962],[121.00002,14.52872],[120.99993,14.52872],[120.99993,14.52835],[120.99975,14.52835],[120.99975,14.5279],[121.00003,14.52772],[121.00003,14.52763],[120.99984,14.52763],[120.99985,14.52736],[121.00012,14.52736],[121.00012,14.52754],[121.00022,14.52754],[121.00031,14.52782],[121.00049,14.52782],[121.00058,14.528],[121.00105,14.52809],[121.00114,14.52791],[121.00086,14.52773],[121.00087,14.52755],[121.00114,14.52764],[121.00114,14.52746],[121.00087,14.52737],[121.00087,14.52728],[121.00059,14.52728],[121.00059,14.52701],[121.00069,14.52701],[121.00078,14.52674],[121.00124,14.52665],[121.00124,14.52656],[121.0018,14.52656],[121.0018,14.52665],[121.00199,14.52666],[121.00199,14.52656],[121.00217,14.52657],[121.00217,14.52666],[121.00208,14.52666],[121.00217,14.52693],[121.00208,14.52693],[121.00208,14.52711],[121.00226,14.52702],[121.00226,14.52693],[121.00245,14.52693],[121.00245,14.52684],[121.00301,14.52684],[121.00301,14.52639],[121.00329,14.52649],[121.00329,14.5264],[121.00366,14.5264],[121.00366,14.52631],[121.00431,14.52622],[121.00431,14.52613],[121.0044,14.52613],[121.00441,14.52595],[121.00431,14.52595],[121.00432,14.52559],[121.00422,14.52559],[121.00422,14.5255],[121.00404,14.5255],[121.00404,14.52541],[121.00255,14.52539],[121.00255,14.52549],[121.00237,14.52548],[121.00237,14.52557],[121.002,14.52557],[121.002,14.52548],[121.00181,14.52539],[121.00182,14.52503],[121.00163,14.52494],[121.00154,14.52512],[121.00126,14.52529],[121.00126,14.52548],[121.00107,14.52547],[121.00097,14.52565],[121.00079,14.52565],[121.00079,14.52574],[121.00051,14.52592],[121.00051,14.52601],[121.0006,14.52601],[121.00051,14.52628],[121.00078,14.52637],[121.00078,14.52656],[121.0006,14.52655],[121.0006,14.52664],[121.00041,14.52673],[121.00031,14.52718],[121.00013,14.52718],[121.00013,14.52709],[120.99994,14.52709],[120.99994,14.52673],[121.00004,14.52673],[121.00004,14.52646],[121.00013,14.52646],[121.00014,14.52619],[121.00023,14.52619],[121.00032,14.52592],[121.00042,14.52592],[121.00042,14.52556],[121.00051,14.52556],[121.00061,14.52529],[121.0007,14.52529],[121.0007,14.52493],[121.0008,14.52493],[121.0008,14.52475],[121.0007,14.52475],[121.0008,14.52448],[121.00061,14.52448],[121.00052,14.52474],[121.00043,14.52474],[121.00042,14.52502],[121.00033,14.52501],[121.00033,14.52538],[121.00024,14.52538],[121.00023,14.52574],[121.00014,14.52574],[121.00004,14.52628],[120.99967,14.52628],[120.99958,14.52645],[120.99939,14.52636],[120.99939,14.52645],[120.9993,14.52645],[120.9993,14.52654],[120.99939,14.52654],[120.99939,14.52681],[120.99967,14.52682],[120.99957,14.52709],[120.99939,14.52708],[120.99938,14.52727],[120.99873,14.52726],[120.99873,14.52717],[120.99883,14.52717],[120.99894,14.52545],[120.99903,14.52546],[120.99913,14.52473],[120.99968,14.52474],[120.99969,14.52438],[120.99959,14.52438],[120.9996,14.52429],[120.9995,14.52429],[120.9995,14.52437],[120.99922,14.52437],[120.99923,14.52419],[120.99941,14.52428],[120.99941,14.5241],[120.99932,14.5241],[120.99932,14.52392],[120.99923,14.52392],[120.99923,14.52383],[120.99932,14.52383],[120.99935,14.52085],[120.99944,14.52085],[120.99945,14.52031],[120.99954,14.52031],[120.99963,14.51995],[120.99973,14.51995],[120.99973,14.51932],[120.99964,14.51932],[120.99964,14.51914],[120.99955,14.51913],[120.99955,14.51895],[120.99946,14.51895],[120.99946,14.51877],[120.99937,14.51877],[120.99937,14.51832],[120.99919,14.51823],[120.9991,14.51787],[120.999,14.51787],[120.99901,14.51768],[120.99891,14.51768],[120.99891,14.5175],[120.99864,14.51732],[120.99855,14.51705],[120.99827,14.51695],[120.99828,14.51641],[120.99818,14.51641],[120.9981,14.51578],[120.998,14.51578],[120.99792,14.5146],[120.99801,14.5146],[120.99801,14.51442],[120.9982,14.51433],[120.9983,14.5137],[120.99821,14.5137],[120.99821,14.51343],[120.99812,14.51343],[120.99812,14.51316],[120.99803,14.51316],[120.99803,14.51307],[120.99812,14.51307],[120.99821,14.51289],[120.9984,14.51289],[120.9984,14.5128],[120.99794,14.5128],[120.99785,14.51252],[120.99757,14.51234],[120.99757,14.51216],[120.99729,14.51198],[120.9973,14.51179],[120.9972,14.51179],[120.99711,14.51161],[120.99693,14.51161],[120.99684,14.51134],[120.99656,14.51116],[120.99657,14.51061],[120.99647,14.51061],[120.99647,14.51043],[120.99638,14.51043],[120.99629,14.5098],[120.9962,14.5098],[120.9962,14.50953],[120.99611,14.50953],[120.99612,14.50898],[120.99602,14.50898],[120.99603,14.50862],[120.99593,14.50862],[120.99603,14.50844],[120.99594,14.50844],[120.99594,14.50817],[120.99575,14.50808],[120.99576,14.5079],[120.99567,14.5079]],[[121.00106,14.52638],[121.00115,14.52638],[121.00115,14.52647],[121.00106,14.52647],[121.00106,14.52638]],[[120.99973,14.5298],[120.99955,14.5298],[120.99955,14.52962],[120.99973,14.52971],[120.99973,14.5298]],[[120.99947,14.52754],[120.99948,14.52736],[120.99966,14.52736],[120.99966,14.52754],[120.99947,14.52754]],[[120.99937,14.5288],[120.99937,14.52871],[120.99928,14.52871],[120.99928,14.52853],[120.99946,14.52862],[120.99946,14.5288],[120.99937,14.5288]],[[120.99927,14.52925],[120.9989,14.52925],[120.999,14.52907],[120.99909,14.52907],[120.99909,14.52889],[120.99928,14.52889],[120.99927,14.52925]],[[120.99852,14.53087],[120.99852,14.5306],[120.99861,14.5306],[120.9987,14.53087],[120.99852,14.53087]],[[120.99858,14.52392],[120.99858,14.52383],[120.99867,14.52383],[120.99867,14.52392],[120.99858,14.52392]]],[[[120.99851,14.53196],[120.9985,14.53232],[120.99841,14.53232],[120.99841,14.53268],[120.99859,14.53268],[120.99859,14.5325],[120.99887,14.53232],[120.99888,14.53214],[120.99869,14.53214],[120.99869,14.53205],[120.99851,14.53196]]],[[[121.00139,14.53072],[121.00111,14.53081],[121.00111,14.53117],[121.0013,14.53126],[121.0012,14.53153],[121.00139,14.53153],[121.00148,14.53126],[121.00176,14.53126],[121.00176,14.53117],[121.00158,14.53117],[121.00158,14.53099],[121.00139,14.5309],[121.00139,14.53072]]],[[[121.00176,14.53126],[121.00176,14.53144],[121.00185,14.53144],[121.00185,14.53163],[121.00176,14.53162],[121.00175,14.53199],[121.00147,14.53198],[121.00129,14.53171],[121.00101,14.5318],[121.00101,14.53207],[121.0011,14.53207],[121.0011,14.53243],[121.00119,14.53243],[121.00119,14.53252],[121.00128,14.53252],[121.00128,14.53243],[121.00175,14.53253],[121.00184,14.53226],[121.00175,14.53226],[121.00166,14.53208],[121.00203,14.53208],[121.00213,14.5319],[121.00222,14.5319],[121.00231,14.53163],[121.00259,14.53163],[121.0025,14.53136],[121.00176,14.53126]],[[121.00222,14.53154],[121.00222,14.53163],[121.00194,14.53163],[121.00194,14.53153],[121.00222,14.53154]]],[[[121.00226,14.52702],[121.00226,14.5272],[121.00244,14.5272],[121.00245,14.52702],[121.00226,14.52702]]],[[[120.99841,14.53268],[120.99804,14.53277],[120.99803,14.53295],[120.99822,14.53304],[120.99841,14.53268]]],[[[121.00278,14.50019],[121.00278,14.5],[121.0026,14.5],[121.0026,14.49991],[121.0025,14.49991],[121.00241,14.49973],[121.00223,14.49973],[121.00214,14.49955],[121.00186,14.49954],[121.00158,14.49918],[121.0014,14.49918],[121.00131,14.499],[121.00112,14.499],[121.00103,14.49881],[121.00075,14.49872],[121.00057,14.49845],[121.0002,14.49845],[121.00011,14.49863],[121.00001,14.49863],[121.00001,14.4989],[121.0001,14.4989],[121.0001,14.49899],[121.00029,14.49899],[121.00029,14.49908],[121.00047,14.49908],[121.00047,14.49917],[121.00075,14.49917],[121.00075,14.49926],[121.00093,14.49926],[121.00093,14.49936],[121.00112,14.49936],[121.00112,14.49945],[121.00149,14.49945],[121.00149,14.49954],[121.00167,14.49954],[121.00176,14.49972],[121.00213,14.49982],[121.00232,14.50009],[121.00278,14.50019]]],[[[121.00056,14.51029],[121.00056,14.5102],[121.00074,14.5102],[121.00074,14.51011],[121.00093,14.51011],[121.00093,14.51002],[121.0013,14.51002],[121.00139,14.51029],[121.00148,14.51029],[121.00149,14.5102],[121.00158,14.5102],[121.00158,14.50993],[121.00195,14.50985],[121.00195,14.50958],[121.00214,14.50958],[121.00214,14.5094],[121.00177,14.50939],[121.00177,14.50948],[121.00158,14.50948],[121.00158,14.50957],[121.00093,14.50966],[121.00093,14.50975],[121.00075,14.50975],[121.00065,14.50993],[121.00047,14.50993],[121.00037,14.5101],[121.00009,14.51019],[121.00009,14.51028],[121.00056,14.51029]]],[[[121.00201,14.52449],[121.00191,14.52449],[121.00191,14.52467],[121.002,14.52467],[121.00201,14.52449]]],[[[121.0016,14.52792],[121.0016,14.52801],[121.00179,14.52801],[121.00179,14.52792],[121.0016,14.52792]]],[[[121.0016,14.52792],[121.0016,14.52783],[121.00142,14.52783],[121.00142,14.52792],[121.0016,14.52792]]],[[[121.00142,14.52773],[121.00142,14.52764],[121.00124,14.52764],[121.00123,14.52773],[121.00142,14.52773]]],[[[121.00133,14.52728],[121.00133,14.52719],[121.00115,14.52719],[121.00115,14.52728],[121.00133,14.52728]]],[[[121.0001,14.49962],[121.0001,14.49953],[120.99991,14.49953],[120.99991,14.49962],[121.0001,14.49962]]],[[[120.99886,14.5128],[120.99896,14.51262],[120.99924,14.51262],[120.99915,14.51244],[120.99924,14.51244],[120.99924,14.51217],[120.99933,14.51217],[120.99934,14.51199],[120.99943,14.51199],[120.99943,14.51181],[120.99934,14.51181],[120.99943,14.51154],[120.99934,14.51154],[120.99934,14.51118],[120.99925,14.51118],[120.99925,14.511],[120.99934,14.511],[120.99935,14.51064],[120.99944,14.51064],[120.99944,14.51082],[120.99972,14.51073],[120.99972,14.51046],[120.99981,14.51046],[120.99972,14.50992],[120.99954,14.50992],[120.99954,14.51001],[120.99963,14.51001],[120.99963,14.51028],[120.99944,14.51028],[120.99944,14.51046],[120.99907,14.51073],[120.99915,14.5119],[120.99906,14.5119],[120.99905,14.51226],[120.99896,14.51226],[120.99896,14.51244],[120.99887,14.51244],[120.99877,14.51262],[120.99849,14.51271],[120.99849,14.5128],[120.99886,14.5128]]],[[[120.99806,14.49852],[120.99825,14.49861],[120.99825,14.4987],[120.99816,14.4987],[120.99815,14.49897],[120.99843,14.49906],[120.99843,14.49915],[120.99852,14.49915],[120.99853,14.49897],[120.9989,14.49898],[120.99899,14.4988],[120.99918,14.4988],[120.99917,14.49898],[120.99945,14.49907],[120.99945,14.49871],[120.99955,14.49871],[120.99955,14.49835],[120.99964,14.49835],[120.99965,14.49817],[120.99955,14.49817],[120.99955,14.49799],[120.99816,14.49799],[120.99816,14.49816],[120.99807,14.49816],[120.99806,14.49852]]],[[[120.99959,14.52483],[120.9994,14.52492],[120.99949,14.52519],[120.99959,14.52519],[120.99959,14.52483]]],[[[120.9992,14.52681],[120.9992,14.52663],[120.99911,14.52663],[120.99911,14.52681],[120.9992,14.52681]]],[[[120.99879,14.50006],[120.9987,14.49988],[120.99842,14.49988],[120.99842,14.49979],[120.99815,14.49978],[120.99814,14.49996],[120.99796,14.49996],[120.99796,14.50005],[120.99879,14.50006]]],[[[120.99871,14.49961],[120.99861,14.49943],[120.99796,14.49942],[120.99796,14.49951],[120.99787,14.49951],[120.99787,14.4996],[120.99833,14.49961],[120.99833,14.49969],[120.99861,14.4997],[120.99861,14.49961],[120.99871,14.49961]]],[[[120.99777,14.52138],[120.99832,14.52138],[120.99832,14.52129],[120.99851,14.52129],[120.99851,14.52102],[120.9986,14.52102],[120.99861,14.52075],[120.99842,14.52075],[120.99842,14.52084],[120.99814,14.52075],[120.99814,14.52057],[120.99824,14.52057],[120.99815,14.52012],[120.99796,14.52012],[120.99796,14.5203],[120.99787,14.5203],[120.99787,14.52066],[120.99749,14.52092],[120.99749,14.52129],[120.99777,14.52129],[120.99777,14.52138]]],[[[120.99785,14.52201],[120.99823,14.52201],[120.99823,14.52183],[120.99804,14.52174],[120.99785,14.52201]]],[[[120.99807,14.50783],[120.99798,14.50783],[120.99798,14.50801],[120.99807,14.50801],[120.99807,14.50783]]],[[[120.99584,14.49799],[120.99603,14.49805],[120.99612,14.49832],[120.99649,14.49832],[120.99658,14.4985],[120.99695,14.49842],[120.99695,14.49851],[120.99723,14.49851],[120.99732,14.49878],[120.99751,14.49887],[120.9975,14.49906],[120.99769,14.49906],[120.99769,14.4987],[120.99751,14.49869],[120.99742,14.49799],[120.99584,14.49799]]],[[[120.9974,14.50005],[120.99759,14.50005],[120.99759,14.49987],[120.99768,14.49987],[120.99769,14.49951],[120.9975,14.49951],[120.9975,14.49987],[120.9974,14.49987],[120.9974,14.50005]]],[[[120.99567,14.50338],[120.99567,14.50437],[120.99579,14.50419],[120.99588,14.50419],[120.99579,14.50383],[120.99588,14.50383],[120.99598,14.50401],[120.99607,14.50401],[120.99616,14.50447],[120.99625,14.50447],[120.99624,14.50501],[120.99615,14.50501],[120.99615,14.50519],[120.99587,14.50519],[120.99587,14.50528],[120.99606,14.50537],[120.99605,14.50582],[120.99596,14.50582],[120.99596,14.506],[120.99568,14.50618],[120.99567,14.50717],[120.99585,14.50717],[120.99586,14.50708],[120.99604,14.50709],[120.99623,14.50682],[120.9966,14.50682],[120.99669,14.50664],[120.99688,14.50655],[120.99689,14.50574],[120.99679,14.50574],[120.9968,14.50556],[120.9967,14.50555],[120.99671,14.5051],[120.99662,14.5051],[120.99662,14.50483],[120.99652,14.50483],[120.99653,14.5042],[120.99616,14.50401],[120.99616,14.50374],[120.99598,14.50365],[120.99598,14.50338],[120.99567,14.50338]],[[120.9957,14.50374],[120.9957,14.50365],[120.99579,14.50365],[120.99579,14.50374],[120.9957,14.50374]]],[[[120.99667,14.50881],[120.99667,14.50872],[120.99649,14.50872],[120.99649,14.50881],[120.99667,14.50881]]],[[[120.99626,14.53438],[120.99644,14.53438],[120.99645,14.53402],[120.99617,14.53411],[120.99617,14.53393],[120.9958,14.53392],[120.9958,14.53401],[120.99571,14.53401],[120.9957,14.53419],[120.9958,14.53419],[120.99589,14.53438],[120.99617,14.53438],[120.99617,14.53447],[120.99626,14.53447],[120.99626,14.53438]]],[[[120.99567,14.50744],[120.99567,14.5078],[120.99576,14.50781],[120.99576,14.50745],[120.99567,14.50744]]]]}},{"type":"Feature","properties":{"hazard":"surge","level":1},"geometry":{"type":"MultiPolygon","coordinates":[[[[121.00364,14.49802],[121.00391,14.49812],[121.00391,14.49821],[121.0041,14.49821],[121.0041,14.4983],[121.00437,14.4983],[121.00446,14.49848],[121.00465,14.49857],[121.00456,14.49821],[121.00437,14.49821],[121.00428,14.49803],[121.00364,14.49802]]],[[[121.00302,14.52495],[121.0033,14.52495],[121.0033,14.52504],[121.00367,14.52504],[121.00367,14.52486],[121.00349,14.52477],[121.00349,14.52468],[121.00321,14.52477],[121.00321,14.52486],[121.00302,14.52486],[121.00302,14.52495]]],[[[121.00367,14.52504],[121.00367,14.52532],[121.00339,14.52531],[121.00339,14.5254],[121.00422,14.52559],[121.00423,14.52532],[121.00441,14.52532],[121.00441,14.5255],[121.00432,14.5255],[121.00431,14.52586],[121.00441,14.52586],[121.0045,14.52541],[121.00459,14.52541],[121.0046,14.52514],[121.00432,14.52514],[121.00432,14.52523],[121.00404,14.52532],[121.00395,14.52514],[121.00367,14.52504]]],[[[121.00262,14.49802],[121.0028,14.49802],[121.00289,14.4982],[121.00363,14.49829],[121.00354,14.49802],[121.00345,14.49799],[121.00262,14.49802]]],[[[121.00329,14.52649],[121.00292,14.52648],[121.00292,14.52657],[121.00329,14.52658],[121.00329,14.52649]]],[[[121.00306,14.50019],[121.00306,14.50055],[121.00315,14.50055],[121.00315,14.50019],[121.00306,14.50019]]],[[[121.003,14.52703],[121.00291,14.52703],[121.00291,14.52721],[121.003,14.52721],[121.003,14.52703]]],[[[121.00238,14.52476],[121.00228,14.5253],[121.00256,14.5253],[121.00256,14.52521],[121.00284,14.52513],[121.00284,14.52504],[121.00256,14.52503],[121.00256,14.52512],[121.00246,14.52512],[121.00247,14.52476],[121.00238,14.52476]]],[[[121.00217,14.52738],[121.00263,14.52729],[121.00263,14.5272],[121.00226,14.5272],[121.00217,14.52738]]],[[[121.00217,14.52738],[121.00198,14.52738],[121.00198,14.52747],[121.00217,14.52747],[121.00217,14.52738]]],[[[121.00263,14.5272],[121.00272,14.5272],[121.00273,14.52693],[121.00263,14.52693],[121.00263,14.5272]]],[[[121.00204,14.53145],[121.00194,14.53144],[121.00194,14.53163],[121.00204,14.53163],[121.00204,14.53145]]],[[[121.0007,14.52502],[121.00098,14.52502],[121.00107,14.5252],[121.00117,14.5252],[121.00107,14.52493],[121.00117,14.52493],[121.00117,14.52484],[121.00182,14.52485],[121.00182,14.52476],[121.00145,14.52475],[121.00108,14.5243],[121.00089,14.5243],[121.00089,14.52457],[121.00071,14.52466],[121.0007,14.52475],[121.0008,14.52475],[121.0007,14.52502]]],[[[121.00059,14.52728],[121.00068,14.52728],[121.00068,14.52737],[121.00105,14.52737],[121.00105,14.52728],[121.00115,14.52728],[121.00114,14.52746],[121.00133,14.52755],[121.00123,14.52773],[121.00151,14.52765],[121.00151,14.52746],[121.00189,14.52738],[121.00189,14.52729],[121.0017,14.52729],[121.0017,14.52711],[121.00152,14.5271],[121.00161,14.52692],[121.00096,14.52701],[121.00096,14.52692],[121.00115,14.52692],[121.00115,14.52683],[121.00143,14.52683],[121.00143,14.52674],[121.00069,14.52683],[121.00069,14.52692],[121.0005,14.52701],[121.00059,14.52728]],[[121.00152,14.5271],[121.00152,14.52719],[121.00142,14.52719],[121.00143,14.5271],[121.00152,14.5271]]],[[[121.0004,14.52727],[121.0004,14.52736],[121.00059,14.52737],[121.00059,14.52728],[121.0004,14.52727]]],[[[121.00143,14.52674],[121.00162,14.52674],[121.00162,14.52665],[121.00143,14.52665],[121.00143,14.52674]]],[[[121.00162,14.52674],[121.00161,14.52692],[121.00171,14.52692],[121.00171,14.52674],[121.00162,14.52674]]],[[[121.00123,14.52773],[121.00105,14.52773],[121.00105,14.52791],[121.00123,14.52791],[121.00123,14.52773]]],[[[121.00157,14.53162],[121.00138,14.53162],[121.00138,14.53171],[121.00157,14.53171],[121.00157,14.53162]]],[[[121.00165,14.52295],[121.00146,14.52295],[121.00146,14.52304],[121.00165,14.52304],[121.00165,14.52295]]],[[[121.00133,14.51698],[121.00133,14.51707],[121.00161,14.51707],[121.00161,14.51698],[121.00133,14.51698]]],[[[121.00148,14.53117],[121.00148,14.53135],[121.00157,14.53135],[121.00158,14.53117],[121.00148,14.53117]]],[[[121.00157,14.5318],[121.00129,14.5318],[121.00129,14.53189],[121.00157,14.53198],[121.00157,14.5318]]],[[[121.00143,14.51662],[121.00152,14.51644],[121.00124,14.51644],[121.00133,14.51662],[121.00143,14.51662]]],[[[121.00139,14.50044],[121.00139,14.50035],[121.0012,14.50035],[121.0012,14.50044],[121.00139,14.50044]]],[[[121.00137,14.52285],[121.00119,14.52285],[121.00119,14.52294],[121.00137,14.52294],[121.00137,14.52285]]],[[[121.00132,14.50776],[121.00123,14.50776],[121.00123,14.50794],[121.00132,14.50794],[121.00132,14.50776]]],[[[121.00121,14.49963],[121.00102,14.49963],[121.00102,14.49972],[121.00121,14.49972],[121.00121,14.49963]]],[[[121.00119,14.52267],[121.00119,14.52249],[121.00091,14.52258],[121.00091,14.52267],[121.00119,14.52267]]],[[[121.00076,14.51833],[121.00058,14.51833],[121.00058,14.51842],[121.00076,14.51842],[121.00076,14.51833]]],[[[121.00086,14.51824],[121.00095,14.51824],[121.00095,14.51797],[121.00086,14.51797],[121.00086,14.51824]]],[[[121.00095,14.51797],[121.00104,14.51797],[121.00105,14.51752],[121.00096,14.51752],[121.00095,14.51797]]],[[[121.00111,14.53081],[121.00093,14.5308],[121.00093,14.53089],[121.00111,14.5309],[121.00111,14.53081]]],[[[121.00045,14.53215],[121.00054,14.53243],[121.00064,14.53243],[121.00064,14.53252],[121.00045,14.53252],[121.00045,14.5327],[121.00073,14.53261],[121.00082,14.53288],[121.0011,14.53279],[121.00092,14.53225],[121.00082,14.53225],[121.00073,14.53207],[121.00045,14.53215]]],[[[121.00078,14.51643],[121.00078,14.51661],[121.00106,14.51662],[121.00106,14.51653],[121.00078,14.51643]]],[[[121.00078,14.51643],[121.00078,14.51625],[121.00069,14.51625],[121.00069,14.51643],[121.00078,14.51643]]],[[[121.00104,14.51861],[121.00095,14.5186],[121.00094,14.51906],[121.00103,14.51906],[121.00104,14.51861]]],[[[121.00103,14.51933],[121.00094,14.51933],[121.00094,14.51951],[121.00103,14.51951],[121.00103,14.51933]]],[[[121.00102,14.53053],[121.00084,14.53053],[121.00084,14.53062],[121.00102,14.53062],[121.00102,14.53053]]],[[[121.00083,14.50008],[121.00074,14.4999],[121.00047,14.4998],[121.00046,14.49998],[121.00083,14.50008]]],[[[120.99932,14.52347],[120.99932,14.52383],[121.00016,14.52393],[121.00034,14.52447],[121.00061,14.52439],[121.00071,14.52393],[121.00053,14.52402],[121.00053,14.52393],[121.00034,14.52393],[121.00034,14.52384],[121.00007,14.52366],[121.00016,14.52348],[121.00007,14.52348],[120.99998,14.52329],[120.9997,14.52329],[120.9997,14.52284],[120.99952,14.52293],[120.99933,14.52284],[120.99933,14.52329],[120.99942,14.52329],[120.99942,14.52347],[120.99932,14.52347]],[[120.99951,14.52356],[120.99951,14.52338],[120.9996,14.52338],[120.9996,14.52356],[120.99951,14.52356]]],[[[120.99932,14.52347],[120.99933,14.52329],[120.99923,14.52329],[120.99923,14.52347],[120.99932,14.52347]]],[[[120.9997,14.52284],[121.00007,14.52284],[121.00007,14.52266],[120.9997,14.52266],[120.9997,14.52284]]],[[[121.00071,14.52393],[121.0009,14.52403],[121.0009,14.52366],[121.00071,14.52375],[121.00071,14.52393]]],[[[121.00069,14.52583],[121.00088,14.52556],[121.0007,14.52547],[121.0007,14.52529],[121.00061,14.52529],[121.0006,14.52565],[121.00051,14.52565],[121.00051,14.52574],[121.00069,14.52583]]],[[[121.00068,14.51743],[121.00031,14.51742],[121.00031,14.51751],[121.00068,14.51752],[121.00068,14.51743]]],[[[121.00077,14.51734],[121.00086,14.51734],[121.00087,14.51707],[121.00077,14.51707],[121.00077,14.51716],[121.0005,14.51715],[121.00049,14.51725],[121.00077,14.51725],[121.00077,14.51734]]],[[[120.99956,14.50793],[120.99956,14.5082],[120.99965,14.5082],[120.99965,14.50793],[120.99956,14.50793]]],[[[120.99956,14.50793],[120.99956,14.50775],[120.99937,14.50775],[120.99937,14.50811],[120.99946,14.50811],[120.99947,14.50793],[120.99956,14.50793]]],[[[120.99956,14.50775],[120.99975,14.50775],[120.99975,14.50766],[120.99956,14.50757],[120.99956,14.50775]]],[[[120.99975,14.50766],[120.99993,14.50766],[120.99993,14.50757],[120.99975,14.50748],[120.99975,14.50766]]],[[[120.99993,14.50757],[121.0003,14.50748],[121.0003,14.50739],[121.00058,14.50731],[121.00058,14.50722],[121.00077,14.50722],[121.00087,14.50695],[121.00077,14.50694],[121.00068,14.50713],[121.00049,14.50712],[121.00049,14.50721],[121.00031,14.50721],[121.0003,14.5073],[120.99993,14.50739],[120.99993,14.50757]]],[[[121.00076,14.52872],[121.00077,14.52827],[121.00086,14.52827],[121.00086,14.52818],[121.00067,14.52818],[121.00067,14.52872],[121.00076,14.52872]]],[[[121.00057,14.51896],[121.00039,14.51896],[121.00038,14.51905],[121.00048,14.51905],[121.00057,14.51923],[121.00085,14.51924],[121.00085,14.51915],[121.00057,14.51905],[121.00057,14.51896]]],[[[121.00056,14.49944],[121.00056,14.49953],[121.00075,14.49953],[121.00075,14.49944],[121.00056,14.49944]]],[[[121.00056,14.49944],[121.00056,14.49935],[121.00038,14.49935],[121.00038,14.49944],[121.00056,14.49944]]],[[[121.00063,14.53315],[121.00063,14.53297],[121.00044,14.53306],[121.00044,14.53315],[121.00063,14.53315]]],[[[121.00023,14.5158],[121.00023,14.51589],[121.0006,14.51589],[121.0006,14.51571],[121.00051,14.51571],[121.00051,14.5158],[121.00023,14.5158]]],[[[121.00023,14.5158],[121.00023,14.51562],[121.00014,14.51562],[121.00014,14.5158],[121.00023,14.5158]]],[[[121.00023,14.51562],[121.00032,14.51562],[121.00032,14.51553],[121.00051,14.51562],[121.00051,14.51544],[121.00042,14.51544],[121.00042,14.51507],[121.00033,14.51507],[121.00033,14.51525],[121.00023,14.51525],[121.00023,14.51562]]],[[[121.00054,14.52267],[121.00026,14.52266],[121.00026,14.52276],[121.00054,14.52285],[121.00054,14.52267]]],[[[121.00014,14.52628],[121.00041,14.52628],[121.00041,14.52619],[121.00014,14.52619],[121.00014,14.52628]]],[[[121.00018,14.53161],[121.00018,14.53152],[121.00046,14.53152],[121.00046,14.53143],[121.00009,14.53143],[121.00009,14.53161],[121.00018,14.53161]]],[[[121.00039,14.51869],[121.00039,14.51851],[121.00011,14.5186],[121.00011,14.51869],[121.00039,14.51869]]],[[[121.00036,14.51182],[121.00026,14.51182],[121.00026,14.512],[121.00036,14.512],[121.00036,14.51182]]],[[[121.00022,14.51706],[121.00003,14.51706],[121.00003,14.51715],[121.00022,14.51715],[121.00022,14.51706]]],[[[121.00003,14.5279],[121.00003,14.528],[121.00021,14.528],[121.00021,14.52791],[121.00003,14.5279]]],[[[120.99996,14.53494],[121.00015,14.53494],[121.00015,14.53477],[120.99997,14.53477],[120.99996,14.53494]]],[[[120.99983,14.49862],[120.99992,14.49844],[121.00011,14.49845],[121.00011,14.49836],[120.99992,14.49835],[120.99983,14.49817],[120.99974,14.49817],[120.99974,14.49844],[120.99964,14.49844],[120.99964,14.49853],[120.99983,14.49862]]],[[[121.00001,14.49944],[121.0001,14.49917],[120.99982,14.49917],[120.99982,14.49898],[120.99973,14.49898],[120.99964,14.4988],[120.99945,14.4988],[120.99945,14.49916],[121.00001,14.49944]]],[[[121.00007,14.53405],[120.99997,14.53405],[120.99997,14.53423],[121.00006,14.53423],[121.00007,14.53405]]],[[[120.99994,14.52709],[120.99994,14.52682],[120.99985,14.52682],[120.99985,14.52709],[120.99994,14.52709]]],[[[120.99993,14.51751],[120.99994,14.51733],[120.99984,14.51733],[120.99984,14.51751],[120.99993,14.51751]]],[[[120.99968,14.52483],[120.99968,14.52501],[120.99996,14.52492],[120.99997,14.52456],[120.99987,14.52456],[120.99987,14.52438],[120.99978,14.52438],[120.99978,14.52465],[120.99987,14.52465],[120.99987,14.52483],[120.99968,14.52483]]],[[[120.99968,14.52483],[120.99969,14.52438],[120.99978,14.52438],[120.99978,14.52429],[120.9996,14.52429],[120.99959,14.52483],[120.99968,14.52483]]],[[[120.99968,14.51534],[120.99995,14.51534],[120.99995,14.51525],[120.99968,14.51525],[120.99968,14.51534]]],[[[120.99983,14.50874],[120.99992,14.50857],[120.99964,14.50856],[120.99965,14.50829],[120.99955,14.50829],[120.99955,14.50865],[120.99983,14.50874]]],[[[120.99992,14.50893],[120.99983,14.50892],[120.99983,14.50911],[120.99992,14.50911],[120.99992,14.50893]]],[[[120.99954,14.50965],[120.99982,14.50965],[120.99982,14.50947],[120.99954,14.50956],[120.99954,14.50965]]],[[[120.99954,14.50965],[120.99936,14.50964],[120.99936,14.50973],[120.99954,14.50974],[120.99954,14.50965]]],[[[120.99952,14.53269],[120.99961,14.53269],[120.99961,14.53278],[120.9998,14.53269],[120.99989,14.53224],[120.99962,14.53224],[120.99952,14.53269]]],[[[120.99952,14.53269],[120.99924,14.53278],[120.99924,14.53296],[120.99933,14.53296],[120.99933,14.53287],[120.99961,14.53287],[120.99952,14.53269]]],[[[120.99951,14.53386],[120.99951,14.53341],[120.9997,14.53341],[120.9997,14.53332],[120.99952,14.53332],[120.99952,14.53314],[120.99979,14.53323],[120.9998,14.53314],[120.99989,14.53314],[120.99989,14.53305],[120.9997,14.53305],[120.9997,14.53296],[120.99961,14.53296],[120.99961,14.53305],[120.99943,14.53296],[120.99942,14.53323],[120.99924,14.53323],[120.99924,14.53341],[120.99942,14.5335],[120.99942,14.53368],[120.99923,14.53359],[120.99923,14.53386],[120.99951,14.53386]]],[[[120.99893,14.52609],[120.99921,14.52609],[120.99921,14.526],[120.99893,14.526],[120.99893,14.52609]]],[[[120.99893,14.52609],[120.99884,14.52609],[120.99883,14.52654],[120.99911,14.52636],[120.99911,14.52627],[120.99893,14.52627],[120.99893,14.52609]]],[[[120.99921,14.52609],[120.99921,14.52627],[120.99939,14.52618],[120.99939,14.52609],[120.99921,14.52609]]],[[[120.99949,14.526],[120.99976,14.52609],[120.99977,14.52591],[120.99949,14.52582],[120.99949,14.526]]],[[[120.99976,14.52609],[120.99976,14.52628],[120.99986,14.52628],[120.99986,14.52609],[120.99976,14.52609]]],[[[120.99819,14.51605],[120.99865,14.51605],[120.99865,14.51596],[120.99837,14.51578],[120.99837,14.51569],[120.99819,14.51569],[120.99819,14.51578],[120.998,14.51569],[120.998,14.51587],[120.9981,14.51587],[120.99819,14.51605]]],[[[120.99819,14.51605],[120.998,14.51605],[120.998,14.51614],[120.99819,14.51614],[120.99819,14.51605]]],[[[120.99874,14.51605],[120.99883,14.51606],[120.99884,14.51587],[120.99874,14.51587],[120.99874,14.51605]]],[[[120.99883,14.51606],[120.99883,14.51615],[120.99902,14.51615],[120.99902,14.51624],[120.99883,14.51624],[120.99883,14.51633],[120.99939,14.51633],[120.99939,14.5166],[120.99948,14.5166],[120.99948,14.51642],[120.99957,14.51642],[120.99957,14.5166],[120.99985,14.51661],[120.99985,14.51643],[120.99976,14.51642],[120.99976,14.51606],[120.99967,14.51606],[120.99976,14.51588],[120.99958,14.51588],[120.99958,14.51561],[120.9994,14.51561],[120.9994,14.51534],[120.99921,14.51534],[120.99921,14.51552],[120.99903,14.51552],[120.99903,14.51561],[120.9993,14.51561],[120.9993,14.51579],[120.99939,14.51579],[120.99939,14.51615],[120.9993,14.51615],[120.9993,14.51606],[120.99883,14.51606]],[[120.99958,14.51615],[120.99967,14.51615],[120.99967,14.51624],[120.99957,14.51624],[120.99958,14.51615]],[[120.99958,14.51615],[120.99948,14.51615],[120.99949,14.51597],[120.99958,14.51597],[120.99958,14.51615]]],[[[120.99985,14.51715],[120.99966,14.51715],[120.99966,14.51724],[120.99984,14.51724],[120.99985,14.51715]]],[[[120.99974,14.51905],[120.99946,14.51904],[120.99946,14.51922],[120.99955,14.51923],[120.99955,14.51932],[120.99983,14.51932],[120.99974,14.51905]]],[[[120.99982,14.5195],[120.99973,14.5195],[120.99973,14.51968],[120.99982,14.51968],[120.99982,14.5195]]],[[[120.99972,14.53088],[120.99972,14.53125],[120.99981,14.53125],[120.99981,14.53088],[120.99972,14.53088]]],[[[120.99972,14.53088],[120.99972,14.5307],[120.99963,14.5307],[120.99963,14.53088],[120.99972,14.53088]]],[[[120.9995,14.53441],[120.9996,14.53423],[120.99979,14.53423],[120.99969,14.53396],[120.9996,14.53396],[120.9996,14.53405],[120.99923,14.53404],[120.99932,14.53422],[120.99923,14.53422],[120.99923,14.53431],[120.9995,14.53441]],[[120.99941,14.53422],[120.99941,14.53413],[120.99951,14.53413],[120.99951,14.53422],[120.99941,14.53422]]],[[[120.99972,14.53143],[120.99962,14.53143],[120.99962,14.53179],[120.99971,14.53179],[120.99972,14.53143]]],[[[120.99916,14.50079],[120.99925,14.50079],[120.99925,14.50097],[120.99943,14.50106],[120.99943,14.50133],[120.99971,14.50124],[120.99971,14.50106],[120.99944,14.50088],[120.99944,14.50052],[120.99935,14.50052],[120.99916,14.50079]]],[[[120.99934,14.50142],[120.99906,14.50142],[120.99906,14.50151],[120.99934,14.50151],[120.99934,14.50142]]],[[[120.99953,14.53215],[120.99971,14.53215],[120.99971,14.53206],[120.99953,14.53206],[120.99953,14.53215]]],[[[120.99953,14.53215],[120.99934,14.53215],[120.99934,14.53224],[120.99952,14.53224],[120.99953,14.53215]]],[[[120.99935,14.49979],[120.99944,14.49998],[120.99954,14.49998],[120.99954,14.4998],[120.99935,14.49979]]],[[[120.99935,14.49979],[120.99935,14.49952],[120.99945,14.49952],[120.99945,14.49943],[120.99926,14.49943],[120.99926,14.49925],[120.99899,14.49925],[120.99908,14.49961],[120.99935,14.49979]]],[[[120.99954,14.49998],[120.99953,14.50025],[120.99963,14.50025],[120.99963,14.49998],[120.99954,14.49998]]],[[[120.99961,14.52257],[120.99924,14.52257],[120.99924,14.52266],[120.99961,14.52266],[120.99961,14.52257]]],[[[120.99948,14.51715],[120.99948,14.51705],[120.99938,14.51705],[120.99938,14.51714],[120.9992,14.51714],[120.9992,14.51723],[120.99957,14.51724],[120.99957,14.51715],[120.99948,14.51715]]],[[[120.99927,14.50928],[120.99927,14.50919],[120.99955,14.5091],[120.99955,14.50901],[120.99927,14.50901],[120.99927,14.50883],[120.99955,14.50892],[120.99955,14.50874],[120.99936,14.50865],[120.99936,14.50874],[120.99918,14.50874],[120.99909,14.50847],[120.999,14.50847],[120.99899,14.50865],[120.99862,14.50864],[120.99862,14.50873],[120.9989,14.50874],[120.9989,14.50892],[120.99899,14.50892],[120.9989,14.50919],[120.99918,14.5091],[120.99917,14.50928],[120.99927,14.50928]]],[[[120.99897,14.53205],[120.99897,14.53196],[120.99878,14.53196],[120.99878,14.53214],[120.99897,14.53205]]],[[[120.99906,14.53214],[120.99887,14.53241],[120.99906,14.53251],[120.99906,14.53269],[120.99924,14.53269],[120.99934,14.53251],[120.99924,14.53251],[120.99915,14.53223],[120.99925,14.53224],[120.99925,14.53214],[120.99906,14.53214]]],[[[120.99912,14.52573],[120.99912,14.52564],[120.99931,14.52555],[120.99931,14.52537],[120.99912,14.52537],[120.99912,14.52546],[120.99894,14.52554],[120.99893,14.52573],[120.99912,14.52573]]],[[[120.99923,14.50305],[120.99895,14.50304],[120.99895,14.50313],[120.99923,14.50314],[120.99923,14.50305]]],[[[120.99905,14.53314],[120.99905,14.53296],[120.99896,14.53296],[120.99896,14.53314],[120.99905,14.53314]]],[[[120.9991,14.51714],[120.99864,14.51714],[120.99864,14.51723],[120.9991,14.51723],[120.9991,14.51714]]],[[[120.99899,14.50946],[120.99899,14.50928],[120.9989,14.50928],[120.99889,14.50946],[120.99899,14.50946]]],[[[120.99878,14.50132],[120.99878,14.50142],[120.99897,14.50142],[120.99897,14.50133],[120.99878,14.50132]]],[[[120.99878,14.50132],[120.99888,14.50115],[120.99906,14.50115],[120.99906,14.50106],[120.99878,14.50105],[120.99869,14.50132],[120.99878,14.50132]]],[[[120.99886,14.53449],[120.99886,14.5344],[120.99876,14.5344],[120.99876,14.53449],[120.99858,14.53449],[120.99858,14.53467],[120.99876,14.53476],[120.99876,14.53485],[120.99904,14.53485],[120.99904,14.53458],[120.99886,14.53449]]],[[[120.99866,14.51497],[120.99894,14.51497],[120.99894,14.51488],[120.99866,14.51488],[120.99866,14.51497]]],[[[120.99892,14.52699],[120.99874,14.52699],[120.99883,14.52735],[120.99892,14.52735],[120.99892,14.52699]]],[[[120.99858,14.5344],[120.99867,14.53413],[120.9984,14.53403],[120.9983,14.5343],[120.99858,14.5344]]],[[[120.99863,14.50765],[120.99845,14.50765],[120.99845,14.50774],[120.99863,14.50774],[120.99863,14.50765]]],[[[120.99835,14.50864],[120.99835,14.50846],[120.99825,14.50846],[120.99825,14.50864],[120.99835,14.50864]]],[[[120.9984,14.50277],[120.9984,14.50268],[120.99821,14.50268],[120.99821,14.50259],[120.99812,14.50258],[120.99812,14.50267],[120.99784,14.50267],[120.99784,14.50276],[120.99775,14.50276],[120.99774,14.50312],[120.99784,14.50313],[120.99784,14.50285],[120.99793,14.50285],[120.99793,14.50276],[120.9984,14.50277]]],[[[120.99845,14.50738],[120.99836,14.50738],[120.99836,14.50756],[120.99845,14.50756],[120.99845,14.50738]]],[[[120.99813,14.50222],[120.99822,14.50222],[120.99822,14.50204],[120.99813,14.50204],[120.99813,14.50222]]],[[[120.99714,14.51866],[120.99723,14.51893],[120.99751,14.51903],[120.9976,14.51939],[120.99732,14.51957],[120.99732,14.51975],[120.99658,14.51974],[120.99648,14.51992],[120.99704,14.52002],[120.99759,14.51993],[120.99759,14.52002],[120.99778,14.52002],[120.99778,14.52011],[120.99787,14.52011],[120.99787,14.52002],[120.99815,14.52003],[120.99815,14.51994],[120.99806,14.51994],[120.99815,14.51957],[120.99788,14.51957],[120.99788,14.51948],[120.99778,14.51948],[120.99778,14.51939],[120.99797,14.5193],[120.99807,14.51903],[120.9976,14.51894],[120.99751,14.51858],[120.99714,14.51866]],[[120.9976,14.51912],[120.9976,14.51903],[120.99769,14.51903],[120.99769,14.51912],[120.9976,14.51912]]],[[[120.99714,14.51866],[120.99714,14.51857],[120.99733,14.51857],[120.99733,14.51848],[120.99649,14.51857],[120.99649,14.51866],[120.99714,14.51866]]],[[[120.99804,14.53223],[120.99814,14.53205],[120.99804,14.53204],[120.99804,14.53177],[120.99795,14.53177],[120.99795,14.53159],[120.99786,14.53159],[120.99795,14.53222],[120.99804,14.53223]]],[[[120.99567,14.53076],[120.99567,14.53103],[120.99582,14.53103],[120.99591,14.5313],[120.99629,14.53131],[120.99629,14.5314],[120.99601,14.53139],[120.99591,14.53166],[120.99567,14.53175],[120.99567,14.53211],[120.99572,14.53202],[120.99591,14.53203],[120.99591,14.53212],[120.99637,14.53212],[120.99637,14.53221],[120.99646,14.53221],[120.99646,14.53248],[120.99627,14.53248],[120.99618,14.5323],[120.99567,14.53229],[120.99567,14.53238],[120.9959,14.53239],[120.9959,14.53266],[120.99618,14.53284],[120.99618,14.53311],[120.99627,14.53311],[120.99627,14.5332],[120.99655,14.53321],[120.99664,14.53339],[120.99682,14.53339],[120.99683,14.5333],[120.99701,14.5333],[120.99701,14.53321],[120.9972,14.53321],[120.9972,14.53339],[120.99757,14.5334],[120.99757,14.53322],[120.99738,14.53312],[120.99738,14.53303],[120.9972,14.53303],[120.9972,14.53294],[120.99674,14.53294],[120.99674,14.53285],[120.99701,14.53285],[120.99711,14.53267],[120.99739,14.53258],[120.9973,14.5324],[120.99711,14.5324],[120.99702,14.53258],[120.99665,14.53257],[120.99665,14.53221],[120.99656,14.53221],[120.99647,14.53203],[120.996,14.53203],[120.996,14.53194],[120.99609,14.53194],[120.99609,14.53185],[120.996,14.53185],[120.996,14.53158],[120.99628,14.53158],[120.99647,14.53185],[120.99665,14.53185],[120.99665,14.53203],[120.99739,14.53213],[120.99731,14.53113],[120.99768,14.53096],[120.99768,14.53087],[120.9975,14.53077],[120.9975,14.53059],[120.99731,14.5305],[120.99732,14.53032],[120.99741,14.53032],[120.9975,14.53014],[120.99667,14.53013],[120.99658,14.52986],[120.9963,14.52968],[120.9963,14.52995],[120.99658,14.53013],[120.99657,14.53031],[120.99639,14.53031],[120.99639,14.53058],[120.99629,14.53058],[120.99629,14.5304],[120.99611,14.5304],[120.99611,14.53049],[120.99601,14.53049],[120.99601,14.53058],[120.99611,14.53058],[120.99601,14.53076],[120.99592,14.53076],[120.99592,14.53049],[120.99583,14.53049],[120.99583,14.53067],[120.99567,14.53076]],[[120.99674,14.53294],[120.99673,14.53312],[120.99664,14.53312],[120.99664,14.53294],[120.99674,14.53294]],[[120.9974,14.53105],[120.99666,14.53122],[120.99666,14.53113],[120.99657,14.53113],[120.99657,14.53086],[120.99666,14.53086],[120.99666,14.53077],[120.99657,14.53077],[120.99657,14.53059],[120.99648,14.53059],[120.99648,14.5304],[120.99731,14.53068],[120.99731,14.53077],[120.9975,14.53087],[120.9974,14.53105]],[[120.99693,14.53158],[120.99693,14.53149],[120.99703,14.53149],[120.99703,14.53158],[120.99693,14.53158]],[[120.99665,14.53176],[120.99666,14.53149],[120.99675,14.53149],[120.99684,14.53176],[120.99665,14.53176]],[[120.9961,14.53094],[120.9961,14.53085],[120.9962,14.53085],[120.9962,14.53094],[120.9961,14.53094]]],[[[120.99757,14.5334],[120.99756,14.53349],[120.99775,14.53349],[120.99775,14.53358],[120.99793,14.53358],[120.99812,14.53322],[120.99794,14.53322],[120.99794,14.5334],[120.99784,14.5334],[120.99785,14.53313],[120.99775,14.53313],[120.99775,14.5334],[120.99757,14.5334]]],[[[120.9976,14.53005],[120.99769,14.53005],[120.99769,14.52987],[120.9976,14.52987],[120.9976,14.53005]]],[[[120.99769,14.52987],[120.99778,14.52987],[120.99779,14.52951],[120.99769,14.52951],[120.99769,14.52987]]],[[[120.99769,14.52951],[120.9977,14.52915],[120.99742,14.52915],[120.99742,14.52924],[120.99668,14.52923],[120.99668,14.52914],[120.99658,14.52914],[120.99658,14.52923],[120.99621,14.52923],[120.99622,14.52887],[120.99612,14.52886],[120.99602,14.52986],[120.99611,14.52986],[120.99612,14.52941],[120.99751,14.52951],[120.99751,14.5296],[120.99769,14.52951]]],[[[120.99603,14.52877],[120.99603,14.52868],[120.99585,14.52868],[120.99585,14.52877],[120.99603,14.52877]]],[[[120.99585,14.52868],[120.99585,14.52841],[120.99576,14.52841],[120.99575,14.52868],[120.99585,14.52868]]],[[[120.99585,14.52841],[120.99613,14.52841],[120.99613,14.52859],[120.9964,14.52851],[120.9964,14.52842],[120.9965,14.52842],[120.9965,14.52851],[120.99705,14.52842],[120.99705,14.52851],[120.99742,14.52852],[120.9976,14.52906],[120.9977,14.52906],[120.9977,14.52879],[120.99779,14.52879],[120.99779,14.5287],[120.9977,14.5287],[120.99779,14.52852],[120.99761,14.52852],[120.9977,14.52834],[120.9978,14.52834],[120.9978,14.52816],[120.99761,14.52825],[120.99761,14.52815],[120.99697,14.52806],[120.99697,14.52797],[120.99659,14.52806],[120.99659,14.52797],[120.9965,14.52796],[120.9965,14.52833],[120.99585,14.52823],[120.99585,14.52841]]],[[[120.9962,14.53013],[120.99621,14.52995],[120.99611,14.52995],[120.99611,14.53013],[120.9962,14.53013]]],[[[120.99585,14.52787],[120.99604,14.52778],[120.99604,14.52769],[120.99586,14.52769],[120.99585,14.52787]]],[[[120.99613,14.52778],[120.99632,14.52769],[120.99632,14.5276],[120.99613,14.5276],[120.99613,14.52778]]],[[[120.99632,14.5276],[120.99716,14.52752],[120.99715,14.52761],[120.99743,14.5277],[120.99743,14.52779],[120.99799,14.5278],[120.99799,14.52789],[120.99808,14.52789],[120.99808,14.52762],[120.99799,14.52762],[120.99799,14.52753],[120.9978,14.52752],[120.9978,14.52761],[120.99753,14.52752],[120.99753,14.52734],[120.99781,14.52725],[120.99781,14.52707],[120.99799,14.52707],[120.998,14.52698],[120.99781,14.52698],[120.99772,14.52653],[120.99763,14.52653],[120.99763,14.5259],[120.99782,14.5259],[120.99782,14.52581],[120.99736,14.5258],[120.99736,14.52571],[120.99717,14.52571],[120.99735,14.52598],[120.99754,14.52608],[120.99744,14.52626],[120.99726,14.52625],[120.99726,14.52634],[120.99707,14.52634],[120.99698,14.52616],[120.9968,14.52616],[120.9968,14.52607],[120.99624,14.52606],[120.99624,14.52615],[120.99643,14.52616],[120.99642,14.52634],[120.99633,14.52634],[120.99633,14.52688],[120.99605,14.52688],[120.99604,14.52724],[120.99651,14.52724],[120.99651,14.52751],[120.99632,14.52751],[120.99632,14.5276]],[[120.99734,14.52698],[120.99744,14.5268],[120.99762,14.52689],[120.99753,14.52707],[120.99734,14.52698]],[[120.99707,14.52679],[120.99707,14.52698],[120.99697,14.52697],[120.99698,14.52679],[120.99707,14.52679]]],[[[120.99799,14.52789],[120.9978,14.52788],[120.9978,14.52798],[120.99799,14.52798],[120.99799,14.52789]]],[[[120.99807,14.52852],[120.99798,14.52852],[120.99798,14.52879],[120.99807,14.52879],[120.99807,14.52852]]],[[[120.99794,14.50168],[120.99795,14.50159],[120.99785,14.50159],[120.99776,14.50177],[120.99804,14.50177],[120.99804,14.50168],[120.99794,14.50168]]],[[[120.99615,14.52534],[120.99615,14.52543],[120.99643,14.52543],[120.99643,14.52534],[120.99717,14.52535],[120.99727,14.52508],[120.99746,14.52508],[120.99774,14.52472],[120.99792,14.52481],[120.99792,14.52463],[120.99783,14.52463],[120.99784,14.52382],[120.99756,14.52364],[120.99756,14.52337],[120.99747,14.52336],[120.99747,14.52327],[120.99756,14.52327],[120.99756,14.52318],[120.9971,14.52309],[120.9972,14.52291],[120.99766,14.52291],[120.99766,14.52282],[120.99794,14.52283],[120.99794,14.52274],[120.99757,14.52255],[120.99757,14.5221],[120.9973,14.5221],[120.9972,14.52228],[120.99702,14.52219],[120.99711,14.52201],[120.99748,14.52201],[120.99748,14.52192],[120.99758,14.52192],[120.99758,14.52147],[120.99739,14.52147],[120.99749,14.52165],[120.9973,14.52174],[120.9973,14.52192],[120.99684,14.52182],[120.99684,14.52146],[120.9973,14.52146],[120.9973,14.52137],[120.99712,14.52137],[120.99712,14.5211],[120.99666,14.5211],[120.99666,14.52119],[120.99656,14.52119],[120.99656,14.522],[120.99665,14.522],[120.99665,14.52218],[120.99637,14.52227],[120.99637,14.52236],[120.99655,14.52236],[120.99674,14.52263],[120.99664,14.52263],[120.99664,14.52272],[120.99636,14.52272],[120.99636,14.52281],[120.99673,14.52281],[120.99673,14.523],[120.99645,14.52299],[120.99645,14.52318],[120.99692,14.52327],[120.99691,14.52363],[120.99682,14.52363],[120.99672,14.52381],[120.99635,14.52381],[120.99635,14.52399],[120.99654,14.52399],[120.99654,14.52408],[120.99616,14.52435],[120.99616,14.52453],[120.99644,14.52462],[120.99653,14.52489],[120.99671,14.52489],[120.99671,14.52498],[120.99625,14.52507],[120.99579,14.52498],[120.99588,14.52525],[120.99615,14.52534]],[[120.99615,14.52534],[120.99616,14.52516],[120.99625,14.52516],[120.99625,14.52534],[120.99615,14.52534]],[[120.99746,14.52463],[120.99755,14.52445],[120.99774,14.52445],[120.99765,14.52463],[120.99746,14.52463]],[[120.99756,14.52427],[120.99756,14.52409],[120.99765,14.52409],[120.99765,14.52427],[120.99756,14.52427]],[[120.99746,14.52418],[120.99746,14.52427],[120.99737,14.52427],[120.99737,14.52418],[120.99746,14.52418]],[[120.99729,14.52237],[120.99729,14.52228],[120.99739,14.52228],[120.99739,14.52237],[120.99729,14.52237]],[[120.99719,14.52399],[120.99719,14.52381],[120.99728,14.52381],[120.99728,14.52399],[120.99719,14.52399]],[[120.99681,14.52507],[120.99681,14.52498],[120.9969,14.52499],[120.9969,14.52508],[120.99681,14.52507]],[[120.99663,14.52444],[120.99663,14.52435],[120.99681,14.52435],[120.99681,14.52444],[120.99663,14.52444]]],[[[120.99637,14.52236],[120.99627,14.52236],[120.99627,14.52263],[120.99636,14.52263],[120.99637,14.52236]]],[[[120.99746,14.52508],[120.99745,14.52517],[120.99783,14.52517],[120.99782,14.52535],[120.99792,14.52536],[120.99792,14.52509],[120.99746,14.52508]]],[[[120.99794,14.50231],[120.99757,14.50231],[120.99757,14.5024],[120.99794,14.5024],[120.99794,14.50231]]],[[[120.99767,14.53186],[120.99758,14.53186],[120.99758,14.53204],[120.99767,14.53204],[120.99767,14.53186]]],[[[120.99738,14.50222],[120.99738,14.50213],[120.99748,14.50213],[120.99757,14.50195],[120.99729,14.50204],[120.99729,14.50222],[120.99738,14.50222]]],[[[120.99741,14.49942],[120.9975,14.49942],[120.9975,14.49924],[120.99741,14.49924],[120.99741,14.49942]]],[[[120.99741,14.49942],[120.99732,14.49942],[120.99731,14.4996],[120.99741,14.4996],[120.99741,14.49942]]],[[[120.99724,14.5183],[120.99733,14.51812],[120.99724,14.51812],[120.99724,14.51803],[120.99696,14.51812],[120.99696,14.51821],[120.99724,14.5183]]],[[[120.99703,14.49959],[120.99704,14.4995],[120.99676,14.49959],[120.99676,14.49941],[120.99648,14.49932],[120.99648,14.4995],[120.99666,14.49959],[120.99666,14.49968],[120.99713,14.49977],[120.99713,14.49959],[120.99703,14.49959]]],[[[120.99695,14.51911],[120.99677,14.51911],[120.99677,14.5192],[120.99695,14.5192],[120.99695,14.51911]]],[[[120.99678,14.51803],[120.99678,14.51785],[120.99668,14.51784],[120.99668,14.51803],[120.9965,14.51793],[120.9964,14.51811],[120.99687,14.51812],[120.99687,14.51803],[120.99678,14.51803]]],[[[120.99613,14.51748],[120.99585,14.51748],[120.99585,14.51757],[120.99595,14.51757],[120.99585,14.51775],[120.99594,14.51775],[120.99594,14.51811],[120.99613,14.51802],[120.99613,14.51793],[120.99641,14.51793],[120.99641,14.51784],[120.9965,14.51784],[120.9965,14.51775],[120.99622,14.51766],[120.99622,14.51784],[120.99613,14.51784],[120.99613,14.51775],[120.99604,14.51775],[120.99613,14.51748]]],[[[120.99623,14.51739],[120.9965,14.5173],[120.99651,14.51694],[120.9966,14.51694],[120.9966,14.51685],[120.99642,14.51685],[120.99641,14.51694],[120.99614,14.51685],[120.99595,14.51712],[120.99576,14.5172],[120.99576,14.51739],[120.99586,14.51739],[120.99586,14.5173],[120.99623,14.5173],[120.99623,14.51739]]],[[[120.99642,14.51595],[120.99652,14.51567],[120.99615,14.51567],[120.99615,14.51576],[120.99633,14.51576],[120.99633,14.51594],[120.99642,14.51595]]],[[[120.99648,14.52064],[120.99648,14.52046],[120.99629,14.52055],[120.99629,14.52064],[120.99648,14.52064]]],[[[120.99641,14.52796],[120.99622,14.52796],[120.99622,14.52805],[120.99641,14.52805],[120.99641,14.52796]]],[[[120.99639,14.49923],[120.99602,14.49922],[120.99602,14.49931],[120.99611,14.49931],[120.99611,14.4994],[120.99639,14.49941],[120.99639,14.49923]]],[[[120.99636,14.51296],[120.9958,14.51296],[120.9958,14.51305],[120.99589,14.51305],[120.99589,14.51314],[120.99636,14.51314],[120.99636,14.51296]]],[[[120.99634,14.51459],[120.99625,14.51459],[120.99625,14.51477],[120.99634,14.51477],[120.99634,14.51459]]],[[[120.99611,14.51947],[120.99612,14.51919],[120.99621,14.5192],[120.99621,14.51911],[120.99603,14.5191],[120.99593,14.51938],[120.99611,14.51947]]],[[[120.99611,14.52019],[120.99611,14.52001],[120.99602,14.52001],[120.99601,14.52019],[120.99611,14.52019]]],[[[120.99567,14.52642],[120.99567,14.5266],[120.99623,14.52661],[120.99624,14.52643],[120.99567,14.52642]]],[[[120.99603,14.51865],[120.99621,14.51865],[120.99622,14.51838],[120.99603,14.51838],[120.99603,14.51865]]],[[[120.99603,14.51865],[120.99594,14.51865],[120.99593,14.51883],[120.99603,14.51883],[120.99603,14.51865]]],[[[120.9962,14.52073],[120.9961,14.52073],[120.9961,14.52091],[120.99619,14.52091],[120.9962,14.52073]]],[[[120.99597,14.52552],[120.99597,14.52561],[120.99606,14.52561],[120.99606,14.52588],[120.99615,14.52588],[120.99615,14.52552],[120.99597,14.52552]]],[[[120.99567,14.51639],[120.99568,14.51657],[120.99577,14.51657],[120.99577,14.51666],[120.99567,14.51666],[120.99567,14.51684],[120.99604,14.51684],[120.99605,14.51675],[120.99614,14.51676],[120.99605,14.51648],[120.99614,14.51648],[120.99614,14.51621],[120.99596,14.5163],[120.99596,14.51639],[120.99567,14.51639]]],[[[120.99591,14.52181],[120.99572,14.52181],[120.99572,14.52199],[120.99609,14.52209],[120.99591,14.52181]]],[[[120.99587,14.51576],[120.99605,14.51576],[120.99606,14.51567],[120.99596,14.51567],[120.99596,14.5154],[120.99578,14.51549],[120.99587,14.51576]]],[[[120.9957,14.5238],[120.9957,14.52434],[120.99589,14.52434],[120.99589,14.52416],[120.99598,14.52416],[120.99598,14.5238],[120.9957,14.5238]]],[[[120.99567,14.51449],[120.99567,14.51467],[120.99579,14.51467],[120.99579,14.51449],[120.99567,14.51449]]],[[[120.99569,14.51485],[120.99567,14.51531],[120.99578,14.51522],[120.99578,14.51486],[120.99569,14.51485]]]]}},{"type":"Feature","properties":{"hazard":"surge","level":2},"geometry":{"type":"MultiPolygon","coordinates":[[[[120.99864,14.52717],[120.99855,14.52717],[120.99855,14.52744],[120.9992,14.52745],[120.9992,14.52763],[120.99938,14.52772],[120.99938,14.5279],[120.99947,14.5279],[120.99947,14.52808],[120.99956,14.52808],[120.99956,14.52835],[120.99965,14.52835],[120.99966,14.52799],[120.99993,14.5279],[120.99993,14.52781],[121.00021,14.52791],[121.00021,14.528],[121.0004,14.528],[121.0004,14.52809],[121.00058,14.52809],[121.00058,14.52818],[121.00095,14.52818],[121.00105,14.52773],[121.00123,14.52773],[121.00133,14.52755],[121.00114,14.52746],[121.00115,14.52728],[121.00105,14.52728],[121.00105,14.52737],[121.00068,14.52737],[121.00068,14.52728],[121.00059,14.52728],[121.00059,14.52737],[121.00031,14.52727],[121.00031,14.52718],[121.0005,14.52718],[121.0005,14.52701],[121.00069,14.52692],[121.00069,14.52683],[121.00162,14.52665],[121.00171,14.52692],[121.00152,14.52701],[121.00152,14.5271],[121.0017,14.52711],[121.0017,14.52729],[121.00189,14.52729],[121.00189,14.52738],[121.00217,14.52738],[121.00226,14.5272],[121.00263,14.5272],[121.00263,14.52693],[121.00273,14.52693],[121.00272,14.5272],[121.00291,14.52721],[121.00292,14.52648],[121.00329,14.52649],[121.00329,14.52658],[121.00338,14.52658],[121.00338,14.52649],[121.00356,14.52649],[121.00357,14.5264],[121.00384,14.5264],[121.00384,14.52631],[121.00403,14.52631],[121.00403,14.52622],[121.00422,14.52622],[121.00422,14.52613],[121.00431,14.52613],[121.00432,14.5255],[121.00441,14.5255],[121.00441,14.52532],[121.00423,14.52532],[121.00422,14.52559],[121.00339,14.5254],[121.00339,14.52531],[121.00367,14.52532],[121.00367,14.52504],[121.0033,14.52504],[121.0033,14.52495],[121.00302,14.52495],[121.00302,14.52504],[121.00284,14.52504],[121.00274,14.52522],[121.00228,14.5253],[121.00238,14.52476],[121.00219,14.52467],[121.0021,14.5244],[121.00191,14.5244],[121.00191,14.52476],[121.00182,14.52476],[121.00182,14.52485],[121.00117,14.52484],[121.00117,14.52493],[121.00107,14.52493],[121.00107,14.52502],[121.00117,14.52502],[121.00116,14.52538],[121.0006,14.52583],[121.00051,14.52565],[121.0006,14.52565],[121.00061,14.52502],[121.0007,14.52502],[121.0007,14.52484],[121.0008,14.52484],[121.00071,14.52466],[121.00089,14.52457],[121.00099,14.52412],[121.00071,14.52393],[121.00061,14.52439],[121.00034,14.52447],[121.00016,14.52393],[120.99932,14.52383],[120.99932,14.52347],[120.99914,14.52338],[120.99904,14.52446],[120.99895,14.52446],[120.99894,14.52509],[120.99885,14.52509],[120.99884,14.52572],[120.99875,14.52572],[120.99864,14.52717]],[[120.99864,14.52717],[120.99873,14.52717],[120.99874,14.52699],[120.99892,14.52699],[120.99892,14.52735],[120.99864,14.52735],[120.99864,14.52717]],[[121.0005,14.52664],[121.0005,14.52673],[121.00022,14.52691],[121.00013,14.52718],[120.99985,14.52709],[120.99995,14.52646],[121.00004,14.52646],[121.00014,14.52619],[121.00041,14.52619],[121.00041,14.52628],[121.00051,14.52628],[121.0006,14.52664],[121.0005,14.52664]],[[120.99959,14.52483],[120.9996,14.52429],[120.99978,14.52429],[120.99987,14.52456],[120.99997,14.52456],[120.99996,14.52492],[120.99968,14.52501],[120.99968,14.52483],[120.99959,14.52483]],[[120.99986,14.52609],[120.99976,14.52637],[120.9993,14.52636],[120.9993,14.52627],[120.99911,14.52627],[120.99902,14.52645],[120.99883,14.52654],[120.99884,14.52609],[120.99893,14.52609],[120.99893,14.526],[120.99939,14.52609],[120.99949,14.52582],[120.99967,14.52582],[120.99976,14.52609],[120.99986,14.52609]],[[120.99958,14.52564],[120.99958,14.52555],[120.99968,14.52555],[120.99968,14.52564],[120.99958,14.52564]],[[120.99893,14.52573],[120.99894,14.52554],[120.99912,14.52546],[120.99912,14.52537],[120.99931,14.52537],[120.99931,14.52555],[120.99912,14.52564],[120.99912,14.52573],[120.99893,14.52573]]],[[[121.00389,14.53155],[121.0037,14.53155],[121.0037,14.53164],[121.00389,14.53164],[121.00389,14.53155]]],[[[121.00296,14.53154],[121.00296,14.53163],[121.00315,14.53164],[121.00315,14.53154],[121.00296,14.53154]]],[[[121.00315,14.53164],[121.00315,14.53173],[121.00333,14.53173],[121.00333,14.53164],[121.00315,14.53164]]],[[[121.00333,14.53173],[121.00333,14.53182],[121.00352,14.53182],[121.00352,14.53191],[121.00389,14.53191],[121.00389,14.53182],[121.00361,14.53182],[121.00361,14.53173],[121.00333,14.53173]]],[[[121.00352,14.53137],[121.00352,14.53155],[121.00361,14.53155],[121.00361,14.53137],[121.00352,14.53137]]],[[[121.00352,14.53137],[121.00343,14.53119],[121.00315,14.53118],[121.00315,14.53127],[121.00352,14.53137]]],[[[120.99575,14.49805],[120.99575,14.49814],[120.99593,14.49823],[120.99593,14.49859],[120.99567,14.49877],[120.99567,14.49904],[120.99574,14.49904],[120.99567,14.49913],[120.99567,14.50184],[120.9959,14.50202],[120.9959,14.50221],[120.99567,14.5022],[120.99567,14.50302],[120.99598,14.50311],[120.99598,14.5032],[120.99617,14.5032],[120.99617,14.50329],[120.99635,14.50329],[120.99635,14.50347],[120.99607,14.50356],[120.99607,14.50374],[120.99644,14.50375],[120.99644,14.50393],[120.99653,14.50393],[120.99652,14.5051],[120.99662,14.5051],[120.99661,14.50564],[120.9967,14.50564],[120.9967,14.50583],[120.99679,14.50583],[120.99679,14.50601],[120.99689,14.50601],[120.99688,14.50664],[120.99697,14.50664],[120.99706,14.50682],[120.99725,14.50682],[120.99725,14.50673],[120.99771,14.50674],[120.99771,14.50665],[120.99836,14.50665],[120.99827,14.50683],[120.9979,14.50692],[120.99752,14.50737],[120.99724,14.50746],[120.99715,14.50728],[120.99687,14.50727],[120.99668,14.50754],[120.9965,14.50754],[120.9965,14.50781],[120.99631,14.50781],[120.99631,14.50817],[120.99622,14.50817],[120.99622,14.50826],[120.9964,14.50826],[120.99658,14.50854],[120.99723,14.50854],[120.99723,14.50908],[120.99695,14.50926],[120.99695,14.50935],[120.99676,14.50935],[120.99667,14.50971],[120.99648,14.50962],[120.99648,14.50944],[120.99621,14.50944],[120.99611,14.50916],[120.99602,14.50916],[120.99602,14.50953],[120.99611,14.50953],[120.99611,14.5098],[120.9962,14.5098],[120.9962,14.51043],[120.99629,14.51043],[120.99629,14.51061],[120.99647,14.5107],[120.99647,14.51125],[120.99656,14.51125],[120.99656,14.51143],[120.99674,14.51152],[120.99675,14.51116],[120.99693,14.51116],[120.99702,14.51134],[120.99711,14.51134],[120.99712,14.51125],[120.99739,14.51125],[120.99739,14.51134],[120.99749,14.51135],[120.99739,14.51171],[120.99748,14.51171],[120.99748,14.51189],[120.99729,14.51198],[120.99729,14.51216],[120.99757,14.51234],[120.99766,14.5127],[120.99803,14.51298],[120.99793,14.51325],[120.99802,14.51325],[120.99802,14.51361],[120.99811,14.51361],[120.99811,14.51442],[120.99792,14.51442],[120.99792,14.5146],[120.99783,14.5146],[120.99791,14.51614],[120.998,14.51614],[120.998,14.51569],[120.99819,14.51578],[120.99819,14.51569],[120.99837,14.51569],[120.99837,14.51578],[120.99874,14.51605],[120.99875,14.51551],[120.99903,14.51561],[120.99903,14.51552],[120.99921,14.51552],[120.99921,14.51534],[120.9994,14.51534],[120.9994,14.51561],[120.99958,14.51561],[120.99958,14.51534],[120.99968,14.51534],[120.99968,14.51525],[120.99995,14.51525],[120.99995,14.51579],[120.99967,14.51597],[120.99967,14.51606],[120.99976,14.51606],[120.99976,14.51642],[120.99985,14.51643],[120.99985,14.51661],[120.99957,14.5166],[120.99957,14.51642],[120.99948,14.51642],[120.99948,14.5166],[120.99939,14.5166],[120.99938,14.51705],[120.99948,14.51705],[120.99957,14.51724],[120.9992,14.51723],[120.9992,14.51714],[120.9991,14.51714],[120.9991,14.51723],[120.99845,14.51723],[120.99845,14.51732],[120.99873,14.5175],[120.99873,14.51777],[120.99891,14.51786],[120.99891,14.51805],[120.999,14.51805],[120.99909,14.5185],[120.99918,14.5185],[120.99927,14.51895],[120.99937,14.51895],[120.99936,14.51922],[120.99946,14.51922],[120.99946,14.51904],[120.99964,14.51905],[120.99965,14.51868],[121.00011,14.51869],[121.00011,14.5186],[121.0003,14.5186],[121.0003,14.51851],[121.00011,14.51851],[121.00011,14.51842],[121.00058,14.51842],[121.00058,14.51833],[121.00086,14.51824],[121.00096,14.51752],[121.00114,14.51743],[121.00114,14.51716],[121.00133,14.51707],[121.00124,14.51689],[121.00133,14.51689],[121.00133,14.5168],[121.00124,14.5168],[121.00133,14.51653],[121.00078,14.51661],[121.00078,14.51643],[121.00069,14.51643],[121.00078,14.51598],[121.00069,14.51598],[121.00069,14.51589],[121.00078,14.51589],[121.00078,14.5158],[121.00116,14.51581],[121.00107,14.51544],[121.00097,14.51544],[121.00098,14.51499],[121.00116,14.5149],[121.00117,14.51481],[121.00144,14.51472],[121.00145,14.51418],[121.00154,14.51418],[121.00136,14.51364],[121.00155,14.51355],[121.00155,14.51346],[121.00136,14.51337],[121.00136,14.51346],[121.00108,14.51364],[121.00109,14.51336],[121.00099,14.51336],[121.00099,14.51327],[121.00109,14.51327],[121.00109,14.51318],[121.00137,14.51328],[121.00146,14.5131],[121.00183,14.51301],[121.00183,14.51283],[121.00202,14.51283],[121.00202,14.51265],[121.00239,14.51265],[121.0024,14.5122],[121.00212,14.51211],[121.00212,14.51193],[121.00203,14.51193],[121.00203,14.51156],[121.00222,14.51157],[121.00221,14.51184],[121.00231,14.51184],[121.0023,14.51193],[121.00258,14.51193],[121.00258,14.51175],[121.00249,14.51175],[121.00249,14.51148],[121.0024,14.51148],[121.0024,14.5113],[121.00231,14.5113],[121.00231,14.51112],[121.00204,14.51093],[121.00222,14.51066],[121.00213,14.51066],[121.00213,14.51039],[121.00204,14.51039],[121.00204,14.51003],[121.00195,14.51003],[121.00195,14.50967],[121.00205,14.50967],[121.00205,14.50949],[121.00195,14.50949],[121.00196,14.50939],[121.00177,14.5093],[121.00177,14.50912],[121.00168,14.50912],[121.00159,14.50831],[121.00132,14.50821],[121.00123,14.50776],[121.00095,14.50794],[121.00095,14.50821],[121.0003,14.50821],[121.0003,14.5083],[121.00011,14.50839],[121.00011,14.50857],[120.99983,14.50865],[120.99983,14.50892],[120.99992,14.50893],[120.99992,14.50947],[120.99982,14.50947],[120.99982,14.50965],[120.99954,14.50965],[120.99954,14.50974],[120.99936,14.50973],[120.99926,14.50946],[120.99899,14.50955],[120.99899,14.50946],[120.99889,14.50946],[120.9989,14.50901],[120.99899,14.50901],[120.99899,14.50892],[120.9989,14.50892],[120.9989,14.50874],[120.99853,14.50873],[120.99853,14.50882],[120.99844,14.50882],[120.99835,14.50864],[120.99825,14.50864],[120.99826,14.50828],[120.99807,14.50819],[120.99808,14.50765],[120.99798,14.50764],[120.99808,14.50737],[120.99798,14.50737],[120.99799,14.5071],[120.99855,14.50693],[120.99855,14.50666],[120.99818,14.50638],[120.99819,14.50548],[120.99791,14.50557],[120.99791,14.50548],[120.99773,14.50538],[120.99773,14.5052],[120.99782,14.5052],[120.99782,14.50466],[120.99773,14.50466],[120.99773,14.50448],[120.99764,14.50448],[120.99764,14.50421],[120.99783,14.50412],[120.99783,14.50376],[120.99774,14.50376],[120.99774,14.50367],[120.99783,14.50367],[120.99784,14.5034],[120.99793,14.5034],[120.99793,14.50313],[120.99774,14.50312],[120.99775,14.50276],[120.99821,14.50259],[120.99821,14.50268],[120.99849,14.50277],[120.99849,14.50304],[120.99923,14.50305],[120.99923,14.50314],[120.99941,14.50314],[120.99969,14.5035],[120.99988,14.5035],[120.99997,14.50332],[121.00016,14.50333],[121.00025,14.50314],[121.00034,14.50315],[121.00034,14.50296],[121.00025,14.50296],[121.00025,14.50305],[120.99979,14.50296],[120.99979,14.5026],[120.99988,14.5026],[120.99988,14.50251],[121.00016,14.50251],[121.00016,14.5026],[121.00025,14.5026],[121.00026,14.50233],[121.00016,14.50233],[121.00017,14.50215],[121.00026,14.50215],[121.00026,14.50161],[121.00017,14.50161],[121.00017,14.50143],[121.00055,14.50125],[121.00055,14.50107],[121.00064,14.50107],[121.00064,14.50089],[121.00055,14.50089],[121.00064,14.50062],[121.00055,14.50062],[121.00055,14.50044],[121.00046,14.50044],[121.00046,14.50025],[120.99953,14.50025],[120.99954,14.49998],[120.99908,14.49961],[120.99899,14.49925],[120.99926,14.49925],[120.99926,14.49943],[120.99945,14.49943],[120.99954,14.49962],[120.99991,14.49971],[120.99991,14.4998],[121.00019,14.4998],[121.00019,14.49989],[121.00046,14.49989],[121.00037,14.49971],[121.00019,14.49971],[121.00019,14.49962],[121.0,14.49953],[120.99991,14.49935],[120.99973,14.49934],[120.99973,14.49925],[120.99945,14.49916],[120.99945,14.4988],[120.99964,14.4988],[120.99973,14.49898],[120.99982,14.49898],[120.99982,14.49917],[121.0001,14.49917],[121.0001,14.49926],[121.00029,14.49926],[121.00028,14.49935],[121.00056,14.49935],[121.00056,14.49944],[121.00075,14.49944],[121.00075,14.49953],[121.00093,14.49954],[121.00093,14.49963],[121.00121,14.49963],[121.0013,14.49981],[121.00176,14.49991],[121.00185,14.50009],[121.00213,14.50009],[121.00222,14.50027],[121.00241,14.50027],[121.00241,14.50036],[121.00278,14.50046],[121.00278,14.50055],[121.00306,14.50055],[121.00306,14.50019],[121.00278,14.50009],[121.00278,14.5],[121.0025,14.49991],[121.00251,14.49982],[121.00232,14.49982],[121.00214,14.49955],[121.00195,14.49954],[121.00186,14.49936],[121.00168,14.49936],[121.00158,14.49918],[121.0014,14.49918],[121.00131,14.499],[121.00103,14.49891],[121.00085,14.49863],[121.00057,14.49863],[121.00057,14.49854],[121.00038,14.49854],[121.00038,14.49845],[120.99992,14.49844],[120.99992,14.49853],[120.99973,14.49862],[120.99974,14.49853],[120.99964,14.49853],[120.99964,14.49844],[120.99974,14.49844],[120.99974,14.49799],[120.99872,14.49799],[120.99899,14.49835],[120.99909,14.49835],[120.99899,14.49871],[120.99881,14.4987],[120.99881,14.49879],[120.99825,14.49879],[120.99825,14.49825],[120.99835,14.49825],[120.99835,14.49799],[120.99724,14.49799],[120.99723,14.49815],[120.99695,14.49824],[120.99686,14.49842],[120.99658,14.49841],[120.9964,14.49814],[120.99594,14.49814],[120.99594,14.49805],[120.99575,14.49805]],[[121.00195,14.50949],[121.00186,14.50976],[121.00177,14.50976],[121.00177,14.50994],[121.00158,14.51003],[121.00158,14.5102],[121.00139,14.51029],[121.00139,14.51038],[121.0012,14.51038],[121.00111,14.51011],[121.00028,14.51028],[121.00028,14.5101],[121.00056,14.50993],[121.00056,14.50984],[121.00075,14.50984],[121.00075,14.50975],[121.00121,14.50975],[121.00121,14.50966],[121.00168,14.50957],[121.00168,14.50948],[121.00195,14.50949]],[[121.00203,14.51111],[121.00203,14.51129],[121.00194,14.51129],[121.00194,14.51111],[121.00203,14.51111]],[[121.00175,14.51174],[121.00175,14.51165],[121.00194,14.51165],[121.00194,14.51174],[121.00175,14.51174]],[[121.00136,14.514],[121.00136,14.51409],[121.00117,14.51409],[121.00117,14.514],[121.00136,14.514]],[[121.00109,14.51255],[121.00109,14.51237],[121.00128,14.51246],[121.00128,14.51255],[121.00109,14.51255]],[[121.00108,14.51445],[121.00107,14.51463],[121.0008,14.51454],[121.00089,14.51427],[121.00099,14.51427],[121.00098,14.51445],[121.00108,14.51445]],[[121.00022,14.51706],[121.00022,14.51715],[121.00077,14.51716],[121.00077,14.51707],[121.00087,14.51707],[121.00086,14.51734],[121.00068,14.51743],[121.00068,14.51752],[120.99993,14.5176],[120.99993,14.51751],[120.99984,14.51751],[120.99984,14.51724],[120.99966,14.51724],[120.99966,14.51715],[121.00022,14.51706]],[[121.00033,14.51525],[121.00033,14.51507],[121.00079,14.51508],[121.00079,14.51553],[121.0006,14.51562],[121.0006,14.51589],[121.00023,14.51589],[121.00023,14.5158],[121.00014,14.5158],[121.00014,14.51562],[121.00023,14.51562],[121.00023,14.51525],[121.00033,14.51525]],[[121.00026,14.512],[121.00026,14.51182],[121.00054,14.51182],[121.00054,14.512],[121.00026,14.512]],[[121.00024,14.51444],[121.00024,14.51453],[121.00015,14.51453],[121.00015,14.51444],[121.00024,14.51444]],[[120.99987,14.51471],[120.99987,14.5148],[120.99977,14.5148],[120.99977,14.51471],[120.99987,14.51471]],[[120.99971,14.51145],[120.99971,14.51136],[120.9998,14.51136],[120.9998,14.51145],[120.99971,14.51145]],[[120.99979,14.51344],[120.99979,14.51353],[120.9996,14.51353],[120.9996,14.51344],[120.99979,14.51344]],[[120.99972,14.51037],[120.99972,14.51046],[120.99963,14.51046],[120.99962,14.51073],[120.99925,14.51073],[120.99926,14.51055],[120.99935,14.51055],[120.99944,14.51028],[120.99972,14.51037]],[[120.99962,14.51109],[120.99962,14.511],[120.99971,14.511],[120.99971,14.51109],[120.99962,14.51109]],[[120.99878,14.50142],[120.99869,14.50114],[120.99878,14.50114],[120.99878,14.50105],[120.99906,14.50106],[120.99907,14.50079],[120.99944,14.50052],[120.99944,14.50088],[120.99971,14.50106],[120.99971,14.50124],[120.99953,14.50124],[120.99934,14.50151],[120.99878,14.50142]],[[120.99953,14.51136],[120.99952,14.51163],[120.99934,14.51163],[120.99934,14.51136],[120.99953,14.51136]],[[120.99946,14.5185],[120.99946,14.51859],[120.99937,14.51859],[120.99937,14.5185],[120.99946,14.5185]],[[120.99925,14.511],[120.99925,14.51091],[120.99935,14.51091],[120.99934,14.511],[120.99925,14.511]],[[120.99906,14.51208],[120.99906,14.51154],[120.99925,14.51145],[120.99924,14.51208],[120.99915,14.51208],[120.99915,14.51226],[120.99896,14.51226],[120.99896,14.51208],[120.99906,14.51208]],[[120.99916,14.51082],[120.99916,14.51109],[120.99897,14.51109],[120.99897,14.51091],[120.99916,14.51082]],[[120.99877,14.51262],[120.99887,14.51235],[120.99915,14.51244],[120.99905,14.51262],[120.99877,14.51262]],[[120.99894,14.51488],[120.99903,14.51515],[120.99894,14.51515],[120.99894,14.51524],[120.99866,14.51524],[120.99866,14.51515],[120.99856,14.51515],[120.99866,14.51488],[120.99894,14.51488]],[[120.99852,14.50937],[120.99853,14.50919],[120.9988,14.50928],[120.99871,14.50946],[120.99852,14.50937]],[[120.99878,14.51208],[120.99878,14.51217],[120.99868,14.51217],[120.99868,14.51208],[120.99878,14.51208]],[[120.9985,14.51226],[120.99849,14.51271],[120.99859,14.51271],[120.99859,14.51289],[120.99849,14.51289],[120.9984,14.51271],[120.99812,14.51262],[120.99813,14.51253],[120.99831,14.51244],[120.99831,14.51226],[120.9985,14.51226]],[[120.99841,14.51144],[120.99841,14.51162],[120.99832,14.51162],[120.99832,14.51144],[120.99841,14.51144]],[[120.99738,14.50231],[120.99729,14.50204],[120.99757,14.50195],[120.99757,14.50186],[120.99795,14.50159],[120.99804,14.50186],[120.99813,14.50186],[120.99813,14.50204],[120.99822,14.50204],[120.99822,14.50222],[120.99794,14.50231],[120.99794,14.5024],[120.99738,14.50231]],[[120.99821,14.51289],[120.99821,14.51298],[120.99812,14.51298],[120.99812,14.51289],[120.99821,14.51289]],[[120.99779,14.5081],[120.99779,14.508],[120.99789,14.50801],[120.99789,14.5081],[120.99779,14.5081]],[[120.99741,14.49878],[120.99742,14.49842],[120.99779,14.49842],[120.99779,14.49852],[120.99788,14.49852],[120.99788,14.49879],[120.99769,14.49879],[120.99769,14.49888],[120.99741,14.49878]],[[120.9975,14.50981],[120.9975,14.50972],[120.99759,14.50972],[120.99759,14.50981],[120.9975,14.50981]],[[120.99741,14.49942],[120.99741,14.4996],[120.99731,14.4996],[120.99732,14.49942],[120.99741,14.49942]],[[120.99741,14.49942],[120.99741,14.49924],[120.9975,14.49924],[120.9975,14.49942],[120.99741,14.49942]],[[120.99743,14.50764],[120.99742,14.50809],[120.99724,14.50809],[120.99724,14.508],[120.99715,14.508],[120.99715,14.50773],[120.99743,14.50764]],[[120.99685,14.49977],[120.99685,14.49968],[120.99666,14.49968],[120.99666,14.49959],[120.99648,14.4995],[120.99648,14.49932],[120.99676,14.49941],[120.99676,14.49959],[120.99694,14.49959],[120.99694,14.4995],[120.99713,14.49959],[120.99713,14.49977],[120.99685,14.49977]],[[120.99712,14.51035],[120.99703,14.51062],[120.99675,14.51062],[120.99675,14.51016],[120.99685,14.51017],[120.99685,14.51035],[120.99712,14.51035]],[[120.99639,14.49923],[120.99639,14.49941],[120.99611,14.4994],[120.99611,14.49931],[120.99602,14.49931],[120.99602,14.49922],[120.99639,14.49923]],[[120.99592,14.50031],[120.99592,14.50013],[120.9961,14.50013],[120.9961,14.50031],[120.99592,14.50031]]],[[[120.998,14.51614],[120.998,14.51641],[120.99809,14.51641],[120.99809,14.51614],[120.998,14.51614]]],[[[120.99874,14.51605],[120.99874,14.51624],[120.99902,14.51624],[120.99902,14.51615],[120.99874,14.51605]]],[[[120.99946,14.51922],[120.99945,14.51941],[120.99955,14.51941],[120.99954,14.51959],[120.99964,14.51959],[120.99964,14.51986],[120.99973,14.51986],[120.99973,14.5195],[120.99992,14.5195],[120.99992,14.51941],[120.99946,14.51922]]],[[[120.99809,14.51641],[120.99809,14.51677],[120.99818,14.51677],[120.99828,14.51641],[120.99809,14.51641]]],[[[121.00241,14.531],[121.00241,14.53109],[121.0026,14.53109],[121.0026,14.531],[121.00241,14.531]]],[[[121.00112,14.53062],[121.00111,14.53072],[121.0013,14.53072],[121.0013,14.53063],[121.00112,14.53062]]],[[[121.0013,14.53081],[121.00102,14.53089],[121.00111,14.53153],[121.00101,14.53153],[121.00101,14.53171],[121.00083,14.5318],[121.00083,14.53207],[121.00073,14.53207],[121.00082,14.53225],[121.00101,14.53234],[121.00101,14.5327],[121.00119,14.5327],[121.00119,14.53261],[121.00165,14.53262],[121.00166,14.53217],[121.00184,14.53217],[121.00222,14.53172],[121.0025,14.53172],[121.0025,14.53163],[121.00241,14.53163],[121.00241,14.53136],[121.00259,14.53136],[121.00259,14.53127],[121.00241,14.53127],[121.00241,14.53118],[121.00213,14.53117],[121.00222,14.53145],[121.00194,14.53163],[121.00194,14.53135],[121.00157,14.53126],[121.00157,14.53135],[121.00167,14.53135],[121.00166,14.53162],[121.00138,14.53171],[121.00129,14.53144],[121.00148,14.53135],[121.00148,14.53117],[121.00139,14.53117],[121.00139,14.5309],[121.0013,14.5309],[121.0013,14.53081]],[[121.00157,14.5318],[121.00157,14.53198],[121.00129,14.53189],[121.00129,14.5318],[121.00157,14.5318]]],[[[121.00213,14.53117],[121.00213,14.53108],[121.00195,14.53108],[121.00195,14.53117],[121.00213,14.53117]]],[[[121.00195,14.53108],[121.00195,14.53099],[121.00176,14.53099],[121.00176,14.53108],[121.00195,14.53108]]],[[[121.00176,14.53099],[121.00176,14.5309],[121.00158,14.5309],[121.00158,14.53099],[121.00176,14.53099]]],[[[121.00158,14.5309],[121.00158,14.53081],[121.00139,14.53081],[121.00139,14.5309],[121.00158,14.5309]]],[[[121.00132,14.51797],[121.00123,14.51797],[121.00123,14.51816],[121.00132,14.51816],[121.00132,14.51797]]],[[[121.0012,14.50026],[121.00102,14.50026],[121.00102,14.50035],[121.0012,14.50035],[121.0012,14.50026]]],[[[121.00066,14.52981],[121.00066,14.5299],[121.00094,14.5299],[121.00094,14.52981],[121.00066,14.52981]]],[[[121.00066,14.52981],[121.00066,14.52972],[121.00048,14.52962],[121.00047,14.52981],[121.00066,14.52981]]],[[[121.00094,14.5299],[121.00103,14.53017],[121.00112,14.53017],[121.00112,14.5299],[121.00094,14.5299]]],[[[121.00084,14.53044],[121.00065,14.53044],[121.00065,14.53053],[121.00084,14.53053],[121.00084,14.53044]]],[[[120.99674,14.53294],[120.9972,14.53294],[120.9972,14.53303],[120.99738,14.53303],[120.99738,14.53312],[120.99757,14.53322],[120.99757,14.5334],[120.99775,14.5334],[120.99775,14.53313],[120.99812,14.53322],[120.99813,14.53304],[120.99822,14.53304],[120.99831,14.53277],[120.99868,14.53277],[120.99868,14.53286],[120.99887,14.53286],[120.99887,14.53295],[120.99905,14.53296],[120.99914,14.53323],[120.99942,14.53323],[120.99943,14.53296],[120.99989,14.53305],[120.99979,14.53323],[120.99952,14.53314],[120.99952,14.53332],[121.00007,14.53342],[121.00007,14.53351],[121.00016,14.53351],[121.00017,14.53297],[121.00045,14.53297],[121.00044,14.53306],[121.00054,14.53306],[121.00054,14.53288],[121.00045,14.53288],[121.00045,14.53252],[121.00064,14.53252],[121.00064,14.53243],[121.00054,14.53243],[121.00055,14.53225],[121.00045,14.53224],[121.00036,14.53197],[121.00027,14.53197],[121.00027,14.53179],[121.00046,14.5317],[121.00046,14.53152],[121.00018,14.53152],[120.99999,14.53188],[120.9999,14.53188],[120.9999,14.53179],[120.99962,14.53179],[120.99972,14.53088],[120.99963,14.53088],[120.99954,14.53025],[120.99963,14.53025],[120.99964,14.52989],[120.99973,14.52989],[120.99973,14.5298],[120.99964,14.5298],[120.99964,14.52935],[120.99955,14.52935],[120.99956,14.5288],[120.99937,14.52871],[120.99937,14.52853],[120.99919,14.52844],[120.99919,14.52826],[120.999,14.52817],[120.99901,14.52799],[120.99845,14.5278],[120.99845,14.52771],[120.99827,14.52771],[120.99827,14.52762],[120.99808,14.52753],[120.99809,14.52717],[120.99799,14.52716],[120.99808,14.52789],[120.9978,14.52798],[120.9978,14.52834],[120.9977,14.52834],[120.99761,14.52852],[120.99807,14.52852],[120.99807,14.52879],[120.9977,14.52879],[120.99769,14.52951],[120.99779,14.52951],[120.99778,14.52987],[120.99769,14.52987],[120.9976,14.53014],[120.99732,14.53032],[120.99731,14.5305],[120.99741,14.5305],[120.9975,14.53077],[120.99768,14.53087],[120.99759,14.53105],[120.99731,14.53113],[120.9973,14.53177],[120.99739,14.53177],[120.99748,14.53249],[120.99739,14.53249],[120.99729,14.53267],[120.99711,14.53267],[120.99701,14.53285],[120.99674,14.53285],[120.99674,14.53294]],[[121.00008,14.53233],[121.00008,14.53224],[121.00017,14.53224],[121.00017,14.53233],[121.00008,14.53233]],[[120.99952,14.53269],[120.99962,14.53224],[120.99989,14.53224],[120.9998,14.53269],[120.99961,14.53278],[120.99961,14.53287],[120.99933,14.53287],[120.99933,14.53296],[120.99924,14.53296],[120.99924,14.53278],[120.99952,14.53269]],[[120.99934,14.53224],[120.99934,14.53205],[120.99971,14.53206],[120.99971,14.53215],[120.99934,14.53224]],[[120.99906,14.53214],[120.99925,14.53214],[120.99924,14.53251],[120.99934,14.53251],[120.99934,14.5326],[120.99924,14.5326],[120.99924,14.53269],[120.99906,14.53269],[120.99906,14.53251],[120.99887,14.53241],[120.99906,14.53214]],[[120.99906,14.53214],[120.99878,14.53214],[120.99878,14.53196],[120.99897,14.53196],[120.99906,14.53214]],[[120.99804,14.53177],[120.99804,14.53204],[120.99814,14.53205],[120.99813,14.53214],[120.99795,14.53222],[120.99786,14.53159],[120.99795,14.53159],[120.99795,14.53177],[120.99804,14.53177]],[[120.99797,14.5296],[120.99797,14.52951],[120.99806,14.52951],[120.99806,14.5296],[120.99797,14.5296]],[[120.99767,14.53186],[120.99767,14.53204],[120.99758,14.53204],[120.99758,14.53186],[120.99767,14.53186]]],[[[120.99674,14.53294],[120.99664,14.53294],[120.99664,14.53312],[120.99673,14.53312],[120.99674,14.53294]]],[[[120.99973,14.52989],[120.99973,14.52998],[120.99992,14.52998],[120.99992,14.52989],[120.99973,14.52989]]],[[[121.00047,14.53035],[121.00028,14.53035],[121.00028,14.53044],[121.00047,14.53044],[121.00047,14.53035]]],[[[121.00038,14.52953],[121.0002,14.52953],[121.0002,14.52962],[121.00038,14.52962],[121.00038,14.52953]]],[[[120.99978,14.53432],[120.99979,14.53423],[120.9996,14.53423],[120.9996,14.53432],[120.99951,14.53432],[120.9995,14.53441],[120.9996,14.53441],[120.99959,14.53486],[120.99997,14.53486],[120.99988,14.53432],[120.99978,14.53432]]],[[[120.99993,14.52899],[120.99983,14.52899],[120.99983,14.52944],[120.99992,14.52944],[120.99993,14.52899]]],[[[120.99984,14.52862],[120.99974,14.52862],[120.99974,14.52881],[120.99983,14.52881],[120.99984,14.52862]]],[[[120.99933,14.52329],[120.99933,14.52284],[120.99961,14.52293],[120.9997,14.52266],[120.99924,14.52266],[120.99924,14.52211],[120.99934,14.52211],[120.99934,14.52202],[120.99925,14.52202],[120.99925,14.52184],[120.99915,14.52184],[120.99914,14.52302],[120.99924,14.52302],[120.99923,14.52329],[120.99933,14.52329]]],[[[120.99936,14.50874],[120.99936,14.50865],[120.99955,14.50865],[120.99955,14.50829],[120.99965,14.50829],[120.99965,14.5082],[120.99956,14.5082],[120.99956,14.50793],[120.99947,14.50793],[120.99946,14.50811],[120.99928,14.50811],[120.99928,14.5082],[120.999,14.5082],[120.999,14.50811],[120.99881,14.50801],[120.99881,14.50828],[120.99909,14.50847],[120.99909,14.50865],[120.99936,14.50874]]],[[[120.9996,14.52338],[120.99951,14.52338],[120.99951,14.52356],[120.9996,14.52356],[120.9996,14.52338]]],[[[120.9996,14.53387],[120.99932,14.53386],[120.99932,14.53404],[120.9996,14.53405],[120.9996,14.53387]]],[[[120.99958,14.51597],[120.99949,14.51597],[120.99948,14.51615],[120.99958,14.51615],[120.99958,14.51597]]],[[[120.99956,14.50766],[120.99937,14.50766],[120.99937,14.50775],[120.99956,14.50775],[120.99956,14.50766]]],[[[120.99935,14.52067],[120.99944,14.52067],[120.99945,14.52022],[120.99935,14.52022],[120.99935,14.52067]]],[[[120.99933,14.53341],[120.99924,14.53341],[120.99923,14.53359],[120.99942,14.53368],[120.99933,14.53341]]],[[[120.99925,14.5213],[120.99916,14.5213],[120.99916,14.52157],[120.99925,14.52157],[120.99925,14.5213]]],[[[120.99885,14.53494],[120.99922,14.53494],[120.99922,14.53477],[120.99885,14.53485],[120.99885,14.53494]]],[[[120.99809,14.52707],[120.99809,14.52698],[120.99818,14.52698],[120.99818,14.52653],[120.99809,14.52653],[120.99809,14.52644],[120.99828,14.52644],[120.99838,14.525],[120.99848,14.525],[120.99848,14.52437],[120.99858,14.52437],[120.99858,14.52383],[120.99849,14.52382],[120.99849,14.52373],[120.99867,14.52374],[120.99868,14.52337],[120.99877,14.52337],[120.99877,14.52319],[120.99868,14.52319],[120.99869,14.5213],[120.99879,14.5213],[120.99889,14.52012],[120.99908,14.52003],[120.99908,14.51985],[120.99917,14.51985],[120.99917,14.51958],[120.99908,14.51958],[120.99908,14.5194],[120.99899,14.5194],[120.99899,14.51913],[120.9989,14.51913],[120.9989,14.51895],[120.99881,14.51895],[120.99881,14.51868],[120.99872,14.51868],[120.99862,14.51895],[120.99844,14.51894],[120.99844,14.51904],[120.99825,14.51903],[120.99825,14.51912],[120.99797,14.51912],[120.99806,14.51957],[120.99815,14.51957],[120.99815,14.52003],[120.99787,14.52002],[120.99787,14.52011],[120.99778,14.52011],[120.99777,14.52056],[120.99712,14.5211],[120.99712,14.52137],[120.99758,14.52147],[120.99758,14.52192],[120.99702,14.5221],[120.99711,14.52228],[120.9972,14.52228],[120.9973,14.5221],[120.99757,14.5221],[120.99757,14.52255],[120.99794,14.52274],[120.99794,14.5231],[120.99756,14.52318],[120.99747,14.52336],[120.99756,14.52337],[120.99756,14.52364],[120.99784,14.52382],[120.99792,14.52545],[120.9981,14.52554],[120.9981,14.52581],[120.99763,14.5259],[120.99763,14.52653],[120.99772,14.52653],[120.99781,14.52698],[120.99809,14.52707]],[[120.99821,14.52382],[120.99821,14.52373],[120.9984,14.52373],[120.99839,14.52382],[120.99821,14.52382]],[[120.9974,14.52129],[120.9974,14.5211],[120.99777,14.52084],[120.99777,14.52066],[120.99787,14.52066],[120.99787,14.5203],[120.99796,14.5203],[120.99796,14.52093],[120.99814,14.52102],[120.99814,14.52129],[120.99805,14.52129],[120.99805,14.52138],[120.99758,14.52138],[120.99758,14.52129],[120.9974,14.52129]]],[[[120.99681,14.53494],[120.99876,14.53494],[120.99876,14.53485],[120.99839,14.53485],[120.99839,14.53449],[120.9983,14.53449],[120.9983,14.5344],[120.99793,14.53439],[120.99793,14.5343],[120.99784,14.5343],[120.99784,14.53412],[120.99802,14.53403],[120.99793,14.53376],[120.99784,14.53376],[120.99784,14.53367],[120.99756,14.53367],[120.99747,14.53349],[120.99729,14.53348],[120.99729,14.53366],[120.99719,14.53366],[120.9971,14.53384],[120.99738,14.53403],[120.99737,14.53421],[120.99747,14.53421],[120.99746,14.53439],[120.99756,14.53439],[120.99755,14.53466],[120.99737,14.53475],[120.99737,14.53484],[120.99681,14.53494]]],[[[120.9978,14.51722],[120.99781,14.51695],[120.99771,14.51695],[120.99771,14.51722],[120.9978,14.51722]]],[[[120.9979,14.51731],[120.99789,14.51749],[120.99799,14.51749],[120.99799,14.51731],[120.9979,14.51731]]],[[[120.99567,14.51151],[120.99567,14.51449],[120.99579,14.51449],[120.99579,14.51467],[120.99567,14.51467],[120.99567,14.51494],[120.99578,14.51486],[120.99578,14.51522],[120.99567,14.51531],[120.99568,14.51585],[120.99587,14.51576],[120.99587,14.51558],[120.99578,14.51558],[120.99587,14.5154],[120.99596,14.5154],[120.99596,14.51567],[120.99606,14.51567],[120.99605,14.51576],[120.99615,14.51576],[120.99615,14.51567],[120.99652,14.51567],[120.99642,14.51595],[120.99614,14.51603],[120.99614,14.51648],[120.99605,14.51648],[120.99614,14.51676],[120.99605,14.51675],[120.99604,14.51684],[120.99567,14.51684],[120.99567,14.52389],[120.9957,14.5238],[120.99598,14.5238],[120.99598,14.52416],[120.99589,14.52416],[120.99589,14.52434],[120.9957,14.52434],[120.99567,14.52425],[120.99567,14.52642],[120.99624,14.52643],[120.99623,14.52661],[120.99567,14.5266],[120.99567,14.53076],[120.99583,14.53067],[120.99583,14.53049],[120.99592,14.53049],[120.99592,14.53076],[120.99601,14.53076],[120.99611,14.53058],[120.99601,14.53058],[120.99601,14.53049],[120.99629,14.5304],[120.99629,14.53058],[120.99639,14.53058],[120.99639,14.53031],[120.99657,14.53031],[120.99658,14.53013],[120.99639,14.53004],[120.9963,14.53022],[120.99611,14.53013],[120.99611,14.52986],[120.99602,14.52986],[120.99612,14.52886],[120.99575,14.52868],[120.99585,14.52823],[120.99576,14.52823],[120.99576,14.52787],[120.99585,14.52787],[120.99586,14.52769],[120.99613,14.52778],[120.99613,14.5276],[120.99651,14.52751],[120.99651,14.52724],[120.99604,14.52724],[120.99605,14.52688],[120.99633,14.52688],[120.99633,14.52634],[120.99642,14.52634],[120.99643,14.52616],[120.99615,14.52606],[120.99606,14.52561],[120.99587,14.52552],[120.99588,14.52507],[120.99579,14.52507],[120.99579,14.52498],[120.99625,14.52507],[120.99671,14.52498],[120.99671,14.52489],[120.99653,14.52489],[120.99644,14.52462],[120.99616,14.52453],[120.99616,14.52435],[120.99654,14.52408],[120.99654,14.52399],[120.99635,14.52399],[120.99635,14.52381],[120.99626,14.5238],[120.99626,14.52362],[120.99617,14.52362],[120.99617,14.52335],[120.99636,14.52335],[120.99645,14.52299],[120.99673,14.523],[120.99673,14.52281],[120.99636,14.52281],[120.99636,14.52263],[120.99627,14.52263],[120.99627,14.52236],[120.99655,14.52227],[120.99665,14.522],[120.99656,14.522],[120.99656,14.52119],[120.99619,14.52118],[120.99619,14.52091],[120.9961,14.52091],[120.9961,14.52073],[120.99629,14.52064],[120.99638,14.52046],[120.9962,14.52046],[120.9962,14.52028],[120.99601,14.52019],[120.99602,14.52001],[120.9962,14.51992],[120.99621,14.51974],[120.99611,14.51974],[120.99621,14.51956],[120.99593,14.51938],[120.99593,14.51928],[120.99602,14.51928],[120.99594,14.51865],[120.99603,14.51865],[120.99603,14.51838],[120.99594,14.51838],[120.99594,14.51775],[120.99585,14.51775],[120.99595,14.51757],[120.99585,14.51757],[120.99576,14.5172],[120.99595,14.51712],[120.99614,14.51685],[120.99641,14.51694],[120.99642,14.51685],[120.99688,14.51685],[120.99688,14.51676],[120.99716,14.51676],[120.99716,14.51667],[120.99753,14.51668],[120.99753,14.51677],[120.99762,14.51677],[120.99762,14.51659],[120.99744,14.5165],[120.99744,14.51623],[120.99726,14.51622],[120.99736,14.5155],[120.99708,14.51541],[120.99708,14.51523],[120.99689,14.51514],[120.9969,14.51459],[120.99672,14.5145],[120.99672,14.51423],[120.9969,14.51423],[120.997,14.51396],[120.99737,14.51397],[120.99737,14.51378],[120.99728,14.51378],[120.99728,14.51369],[120.99672,14.51378],[120.99672,14.5136],[120.99654,14.5136],[120.99645,14.51342],[120.99635,14.51341],[120.99636,14.51323],[120.99654,14.51314],[120.99654,14.51305],[120.99645,14.51305],[120.99645,14.51278],[120.99627,14.51278],[120.99627,14.51269],[120.99636,14.51269],[120.99636,14.51233],[120.99618,14.51233],[120.99618,14.51215],[120.99581,14.51196],[120.99567,14.51151]],[[120.99653,14.51441],[120.99653,14.51432],[120.99662,14.51432],[120.99662,14.51441],[120.99653,14.51441]],[[120.9958,14.51305],[120.9958,14.51296],[120.99636,14.51296],[120.99636,14.51314],[120.99589,14.51314],[120.99589,14.51305],[120.9958,14.51305]],[[120.99597,14.51495],[120.99588,14.51468],[120.99607,14.51459],[120.99607,14.51468],[120.99625,14.51468],[120.99625,14.51459],[120.99634,14.51459],[120.99625,14.51495],[120.99597,14.51495]],[[120.99572,14.52199],[120.99572,14.52181],[120.99591,14.52181],[120.99609,14.52209],[120.99572,14.52199]],[[120.99599,14.52335],[120.99599,14.52326],[120.99608,14.52326],[120.99608,14.52335],[120.99599,14.52335]]],[[[120.99765,14.52409],[120.99756,14.52409],[120.99756,14.52427],[120.99765,14.52427],[120.99765,14.52409]]],[[[120.9976,14.51921],[120.99751,14.51921],[120.99751,14.51939],[120.9976,14.51939],[120.9976,14.51921]]],[[[120.99715,14.51812],[120.99715,14.51803],[120.99733,14.51803],[120.99734,14.5174],[120.99715,14.51731],[120.99716,14.51722],[120.99697,14.51722],[120.99697,14.51731],[120.99632,14.5173],[120.99613,14.51757],[120.99604,14.51757],[120.99613,14.51784],[120.99622,14.51784],[120.99622,14.51766],[120.99632,14.51766],[120.99631,14.51775],[120.9965,14.51775],[120.99659,14.51802],[120.99668,14.51803],[120.99668,14.51784],[120.99678,14.51785],[120.99687,14.51812],[120.99715,14.51812]]],[[[120.99733,14.51857],[120.99714,14.51857],[120.99714,14.51866],[120.99733,14.51866],[120.99733,14.51857]]],[[[120.99728,14.53457],[120.99728,14.53439],[120.99709,14.53448],[120.99709,14.53457],[120.99728,14.53457]]],[[[120.99715,14.507],[120.99678,14.507],[120.99678,14.50709],[120.99688,14.50709],[120.99687,14.50718],[120.99715,14.50718],[120.99715,14.507]]],[[[120.99711,14.51143],[120.99693,14.51143],[120.99693,14.51152],[120.99711,14.51161],[120.99711,14.51143]]],[[[120.99567,14.53085],[120.99567,14.53401],[120.99571,14.53392],[120.99589,14.53392],[120.99589,14.53401],[120.99617,14.5342],[120.99617,14.53411],[120.99645,14.53411],[120.99645,14.53384],[120.99654,14.53384],[120.99655,14.53321],[120.99627,14.5332],[120.99636,14.53293],[120.99599,14.53293],[120.99599,14.53266],[120.99609,14.53266],[120.99609,14.5323],[120.99628,14.53239],[120.99627,14.53248],[120.99646,14.53248],[120.99646,14.53221],[120.99628,14.53212],[120.99628,14.53185],[120.99637,14.53185],[120.99638,14.53158],[120.99647,14.53158],[120.99647,14.53131],[120.99656,14.53131],[120.99657,14.53104],[120.99666,14.53104],[120.99666,14.53095],[120.99592,14.53094],[120.99592,14.53085],[120.99567,14.53085]]],[[[120.99645,14.53411],[120.99653,14.53465],[120.99681,14.53474],[120.99681,14.53465],[120.9969,14.53466],[120.99691,14.53438],[120.99672,14.53429],[120.99672,14.53438],[120.99663,14.53438],[120.99663,14.5342],[120.99645,14.53411]]],[[[120.99675,14.53149],[120.99666,14.53149],[120.99665,14.53176],[120.99684,14.53176],[120.99675,14.53149]]],[[[120.99567,14.53446],[120.99567,14.53494],[120.99607,14.53494],[120.99607,14.53483],[120.99625,14.53483],[120.99616,14.53456],[120.99579,14.53455],[120.99579,14.53447],[120.99567,14.53446]]],[[[120.99625,14.52516],[120.99616,14.52516],[120.99615,14.52534],[120.99625,14.52534],[120.99625,14.52516]]],[[[120.99612,14.50826],[120.99613,14.50799],[120.99622,14.50799],[120.99622,14.5079],[120.99613,14.5079],[120.99613,14.50781],[120.99576,14.50781],[120.99575,14.50817],[120.99603,14.50817],[120.99603,14.50826],[120.99612,14.50826]]],[[[120.99567,14.50464],[120.99567,14.50564],[120.99587,14.50573],[120.99596,14.50546],[120.99587,14.50546],[120.99587,14.50528],[120.99578,14.50528],[120.99578,14.50519],[120.99587,14.50519],[120.99587,14.50483],[120.99578,14.50482],[120.99567,14.50464]]],[[[120.99567,14.51115],[120.99567,14.51142],[120.99572,14.51142],[120.99582,14.51124],[120.99567,14.51115]]]]}},{"type":"Feature","properties":{"hazard":"surge","level":3},"geometry":{"type":"MultiPolygon","coordinates":[[[[120.99567,14.50302],[120.99567,14.50464],[120.99578,14.50482],[120.99587,14.50483],[120.99587,14.50519],[120.99578,14.50519],[120.99578,14.50528],[120.99587,14.50528],[120.99587,14.50546],[120.99596,14.50546],[120.99587,14.50573],[120.99567,14.50564],[120.99567,14.51115],[120.99582,14.51124],[120.99567,14.51142],[120.99572,14.51178],[120.99581,14.51178],[120.9959,14.51206],[120.99618,14.51215],[120.99618,14.51233],[120.99636,14.51233],[120.99636,14.51269],[120.99627,14.51269],[120.99627,14.51278],[120.99645,14.51278],[120.99645,14.51305],[120.99654,14.51305],[120.99654,14.51314],[120.99636,14.51323],[120.99635,14.51341],[120.99645,14.51342],[120.99654,14.5136],[120.99672,14.5136],[120.99672,14.51378],[120.99728,14.51369],[120.99728,14.51378],[120.99737,14.51378],[120.99737,14.51397],[120.997,14.51396],[120.9969,14.51423],[120.99672,14.51423],[120.99672,14.5145],[120.9969,14.51459],[120.99689,14.51514],[120.99708,14.51523],[120.99708,14.51541],[120.99736,14.5155],[120.99726,14.51622],[120.99744,14.51623],[120.99744,14.5165],[120.99762,14.51659],[120.99771,14.51695],[120.99781,14.51695],[120.9978,14.51722],[120.99799,14.51731],[120.99799,14.51749],[120.99817,14.51759],[120.99817,14.51777],[120.99836,14.51786],[120.99845,14.51822],[120.99863,14.51831],[120.99872,14.51868],[120.99881,14.51868],[120.99881,14.51895],[120.9989,14.51895],[120.9989,14.51913],[120.99899,14.51913],[120.99899,14.5194],[120.99908,14.5194],[120.99908,14.51958],[120.99917,14.51958],[120.99908,14.52003],[120.99889,14.52012],[120.99879,14.5213],[120.99869,14.5213],[120.99868,14.52319],[120.99877,14.52319],[120.99877,14.52337],[120.99868,14.52337],[120.99867,14.52374],[120.99849,14.52373],[120.99849,14.52382],[120.99858,14.52383],[120.99858,14.52437],[120.99848,14.52437],[120.99848,14.525],[120.99838,14.525],[120.99828,14.52644],[120.99809,14.52644],[120.99809,14.52653],[120.99818,14.52653],[120.99808,14.52753],[120.99827,14.52762],[120.99827,14.52771],[120.99845,14.52771],[120.99845,14.5278],[120.99901,14.52799],[120.999,14.52817],[120.99919,14.52826],[120.99919,14.52844],[120.99937,14.52853],[120.99937,14.52871],[120.99956,14.5288],[120.99964,14.5298],[121.00001,14.52998],[121.00001,14.53016],[121.0001,14.53016],[121.00019,14.53035],[121.00112,14.53053],[121.00112,14.53062],[121.00139,14.53072],[121.00139,14.53081],[121.00158,14.53081],[121.00158,14.5309],[121.00176,14.5309],[121.00176,14.53099],[121.00195,14.53099],[121.00195,14.53108],[121.00213,14.53108],[121.00213,14.53117],[121.00241,14.53118],[121.00241,14.53127],[121.00278,14.53136],[121.00278,14.53145],[121.00296,14.53145],[121.00296,14.53154],[121.00315,14.53154],[121.00315,14.53164],[121.00333,14.53164],[121.00333,14.53173],[121.00389,14.53182],[121.00389,14.53164],[121.00352,14.53155],[121.00352,14.53137],[121.00334,14.53137],[121.00334,14.53128],[121.00278,14.53127],[121.00269,14.53109],[121.00241,14.53109],[121.00232,14.53091],[121.00204,14.5309],[121.00204,14.53081],[121.00186,14.53081],[121.00186,14.53072],[121.00167,14.53072],[121.00167,14.53063],[121.00149,14.53063],[121.00149,14.53054],[121.0013,14.53054],[121.0013,14.53045],[121.00112,14.53035],[121.00112,14.53017],[121.00103,14.53017],[121.00103,14.52999],[121.00047,14.52981],[121.00048,14.52962],[120.99983,14.52971],[120.99983,14.52881],[120.99974,14.52881],[120.99974,14.52853],[120.99965,14.52853],[120.99965,14.52835],[120.99956,14.52835],[120.99956,14.52808],[120.99947,14.52808],[120.99947,14.5279],[120.99938,14.5279],[120.99938,14.52772],[120.9992,14.52763],[120.9992,14.52745],[120.99855,14.52744],[120.99855,14.52717],[120.99864,14.52717],[120.99865,14.52654],[120.99874,14.52654],[120.99885,14.52509],[120.99894,14.52509],[120.99895,14.52446],[120.99904,14.52446],[120.99914,14.52338],[120.99923,14.52338],[120.99924,14.52302],[120.99914,14.52302],[120.99916,14.5213],[120.99925,14.5213],[120.99935,14.52022],[120.99945,14.52022],[120.99954,14.51986],[120.99964,14.51986],[120.99964,14.51959],[120.99954,14.51959],[120.99946,14.51922],[120.99936,14.51922],[120.99937,14.51895],[120.99927,14.51895],[120.99927,14.51868],[120.99918,14.51868],[120.99918,14.5185],[120.99909,14.5185],[120.999,14.51805],[120.99891,14.51805],[120.99891,14.51786],[120.99873,14.51777],[120.99873,14.5175],[120.99809,14.51695],[120.99809,14.51641],[120.998,14.51641],[120.998,14.51614],[120.99791,14.51614],[120.99791,14.51533],[120.99782,14.51532],[120.99783,14.5146],[120.99792,14.5146],[120.99792,14.51442],[120.99811,14.51442],[120.99811,14.51361],[120.99802,14.51361],[120.99802,14.51325],[120.99793,14.51325],[120.99803,14.51298],[120.99766,14.5127],[120.99757,14.51234],[120.99729,14.51216],[120.99729,14.51198],[120.99748,14.51189],[120.99748,14.51171],[120.99739,14.51171],[120.99749,14.51135],[120.99739,14.51134],[120.99739,14.51125],[120.99712,14.51125],[120.99711,14.51134],[120.99702,14.51134],[120.99693,14.51116],[120.99675,14.51116],[120.99674,14.51152],[120.99656,14.51143],[120.99656,14.51125],[120.99647,14.51125],[120.99647,14.5107],[120.99629,14.51061],[120.99629,14.51043],[120.9962,14.51043],[120.9962,14.5098],[120.99611,14.5098],[120.99611,14.50953],[120.99602,14.50953],[120.99602,14.50916],[120.99611,14.50916],[120.99621,14.50944],[120.99648,14.50944],[120.99648,14.50962],[120.99667,14.50971],[120.99676,14.50935],[120.99695,14.50935],[120.99695,14.50926],[120.99723,14.50908],[120.99723,14.50854],[120.99658,14.50854],[120.9964,14.50826],[120.99622,14.50826],[120.99622,14.50817],[120.99631,14.50817],[120.99631,14.50781],[120.9965,14.50781],[120.9965,14.50754],[120.99668,14.50754],[120.99687,14.50727],[120.99715,14.50728],[120.99724,14.50746],[120.99752,14.50737],[120.9979,14.50692],[120.99827,14.50683],[120.99836,14.50665],[120.99771,14.50665],[120.99771,14.50674],[120.99725,14.50673],[120.99725,14.50682],[120.99706,14.50682],[120.99697,14.50664],[120.99688,14.50664],[120.99689,14.50601],[120.99679,14.50601],[120.99679,14.50583],[120.9967,14.50583],[120.9967,14.50564],[120.99661,14.50564],[120.99662,14.5051],[120.99652,14.5051],[120.99653,14.50393],[120.99644,14.50393],[120.99644,14.50375],[120.99607,14.50374],[120.99607,14.50356],[120.99635,14.50347],[120.99635,14.50329],[120.99617,14.50329],[120.99617,14.5032],[120.99598,14.5032],[120.99598,14.50311],[120.99567,14.50302]],[[120.99734,14.50719],[120.99734,14.5071],[120.99743,14.5071],[120.99743,14.50719],[120.99734,14.50719]],[[120.99715,14.507],[120.99715,14.50718],[120.99687,14.50718],[120.99688,14.50709],[120.99678,14.50709],[120.99678,14.507],[120.99715,14.507]],[[120.99693,14.51152],[120.99693,14.51143],[120.99711,14.51143],[120.99711,14.51161],[120.99693,14.51152]],[[120.99613,14.50781],[120.99622,14.50799],[120.99613,14.50799],[120.99612,14.50826],[120.99603,14.50826],[120.99603,14.50817],[120.99575,14.50817],[120.99576,14.50781],[120.99613,14.50781]]],[[[121.00139,14.51038],[121.00139,14.51029],[121.00158,14.5102],[121.00158,14.51003],[121.00177,14.50994],[121.00177,14.50976],[121.00186,14.50976],[121.00195,14.50949],[121.00168,14.50948],[121.00168,14.50957],[121.00121,14.50966],[121.00121,14.50975],[121.00075,14.50975],[121.00075,14.50984],[121.00056,14.50984],[121.00056,14.50993],[121.00028,14.5101],[121.00028,14.51028],[121.00111,14.51011],[121.0012,14.51038],[121.00139,14.51038]]],[[[120.99962,14.51073],[120.99963,14.51046],[120.99972,14.51046],[120.99972,14.51037],[120.99944,14.51028],[120.99935,14.51055],[120.99926,14.51055],[120.99925,14.51073],[120.99962,14.51073]]],[[[120.99953,14.51136],[120.99934,14.51136],[120.99934,14.51163],[120.99952,14.51163],[120.99953,14.51136]]],[[[120.99915,14.51226],[120.99915,14.51208],[120.99924,14.51208],[120.99925,14.51145],[120.99906,14.51154],[120.99906,14.51208],[120.99896,14.51208],[120.99896,14.51226],[120.99915,14.51226]]],[[[120.99916,14.51109],[120.99916,14.51082],[120.99907,14.51082],[120.99897,14.51109],[120.99916,14.51109]]],[[[120.99905,14.51262],[120.99915,14.51244],[120.99887,14.51235],[120.99877,14.51262],[120.99905,14.51262]]],[[[120.99825,14.49879],[120.99881,14.49879],[120.99881,14.4987],[120.99899,14.49871],[120.99909,14.49835],[120.99899,14.49835],[120.99872,14.49799],[120.99835,14.49799],[120.99835,14.49825],[120.99825,14.49825],[120.99825,14.49879]]],[[[120.99848,14.53458],[120.99839,14.53458],[120.99839,14.53485],[120.99876,14.53485],[120.99876,14.53476],[120.99848,14.53467],[120.99848,14.53458]]],[[[120.99849,14.51271],[120.9985,14.51226],[120.99831,14.51226],[120.99831,14.51244],[120.99813,14.51253],[120.99812,14.51262],[120.9984,14.51271],[120.99849,14.51289],[120.99859,14.51289],[120.99859,14.51271],[120.99849,14.51271]]],[[[120.99841,14.51144],[120.99832,14.51144],[120.99832,14.51162],[120.99841,14.51162],[120.99841,14.51144]]],[[[120.9984,14.52373],[120.99821,14.52373],[120.99821,14.52382],[120.99839,14.52382],[120.9984,14.52373]]],[[[120.99571,14.53392],[120.99567,14.53446],[120.99626,14.53465],[120.99625,14.53483],[120.99607,14.53483],[120.99607,14.53494],[120.99709,14.53493],[120.99709,14.53484],[120.99737,14.53484],[120.99737,14.53475],[120.99755,14.53466],[120.99756,14.53439],[120.99746,14.53439],[120.99747,14.53421],[120.99737,14.53421],[120.99738,14.53403],[120.9971,14.53384],[120.99719,14.53366],[120.99729,14.53366],[120.99729,14.53348],[120.99747,14.53349],[120.99756,14.53367],[120.99784,14.53367],[120.99784,14.53376],[120.99793,14.53376],[120.99802,14.53403],[120.99784,14.53412],[120.99784,14.5343],[120.99793,14.5343],[120.99793,14.53439],[120.9983,14.5344],[120.99812,14.53385],[120.99803,14.53385],[120.99793,14.53358],[120.99784,14.53358],[120.99775,14.53331],[120.9971,14.53321],[120.9971,14.53312],[120.99673,14.53312],[120.99673,14.53303],[120.99627,14.53302],[120.99627,14.5332],[120.99655,14.53321],[120.99654,14.53384],[120.99645,14.53384],[120.99645,14.53411],[120.99617,14.53411],[120.99617,14.5342],[120.99607,14.5342],[120.99589,14.53392],[120.99571,14.53392]],[[120.99645,14.53411],[120.99663,14.5342],[120.99663,14.53438],[120.99672,14.53438],[120.99672,14.53429],[120.99691,14.53438],[120.9969,14.53466],[120.99681,14.53465],[120.99681,14.53474],[120.99653,14.53465],[120.99645,14.53411]],[[120.99709,14.53457],[120.99719,14.53439],[120.99728,14.53439],[120.99728,14.53457],[120.99709,14.53457]]],[[[120.99805,14.52138],[120.99805,14.52129],[120.99814,14.52129],[120.99814,14.52102],[120.99796,14.52093],[120.99796,14.5203],[120.99787,14.5203],[120.99787,14.52066],[120.99777,14.52066],[120.99768,14.52093],[120.9974,14.5211],[120.9974,14.52129],[120.99758,14.52129],[120.99758,14.52138],[120.99805,14.52138]]],[[[120.99742,14.50809],[120.99743,14.50764],[120.99733,14.50764],[120.99733,14.50773],[120.99715,14.50773],[120.99715,14.508],[120.99742,14.50809]]],[[[120.99575,14.49805],[120.99594,14.49805],[120.99594,14.49814],[120.9964,14.49814],[120.99658,14.49841],[120.99686,14.49842],[120.99695,14.49824],[120.99723,14.49815],[120.99724,14.49799],[120.99575,14.49805]]],[[[120.99703,14.51062],[120.99712,14.51035],[120.99685,14.51035],[120.99685,14.51017],[120.99675,14.51016],[120.99675,14.51062],[120.99703,14.51062]]],[[[120.99572,14.53202],[120.99567,14.53229],[120.99609,14.5323],[120.99609,14.53239],[120.99618,14.53239],[120.99619,14.53212],[120.99572,14.53202]]],[[[120.9961,14.50013],[120.99592,14.50013],[120.99592,14.50031],[120.9961,14.50031],[120.9961,14.50013]]],[[[120.99567,14.50184],[120.99567,14.5022],[120.9959,14.50221],[120.9959,14.50202],[120.99567,14.50184]]]]}}]}